"DESCRIPTION","DURATION IN MS","NAME","PARENT SUITE","START TIME","STATUS","STOP TIME","SUB SUITE","SUITE","TEST CLASS","TEST METHOD"
"","39","renders the title passed via title prop","ColumnHeaders","Sat Mar 07 20:41:16 UTC 2026","passed","Sat Mar 07 20:41:16 UTC 2026","","SortableHeader","",""
"Test cases for Test_UseHarness","0","Test_UseHarness","","Sat Mar 07 20:39:16 UTC 2026","passed","Sat Mar 07 20:39:16 UTC 2026","","Go Test","github.com/specterops/bloodhound/packages/go/lab/Test_UseHarness","Test_UseHarness"
"","84","renders a filter button","FileIngestFilterDialog","Sat Mar 07 20:39:51 UTC 2026","passed","Sat Mar 07 20:39:51 UTC 2026","","","",""
"","97","does not trigger search for fewer than 3 characters","SearchBar","Sat Mar 07 20:42:58 UTC 2026","passed","Sat Mar 07 20:42:58 UTC 2026","","","",""
"","61","renders a link to the documentation","BloodHoundConfiguration","Sat Mar 07 20:44:14 UTC 2026","passed","Sat Mar 07 20:44:14 UTC 2026","","","",""
"","64","renders delete buttons for each extension","ActiveExtensionsCard","Sat Mar 07 20:39:30 UTC 2026","passed","Sat Mar 07 20:39:30 UTC 2026","","","",""
"Test cases for TestResources_UpdateSavedQuery_UpdateFailed","0","TestResources_UpdateSavedQuery_UpdateFailed","","Sat Mar 07 20:38:45 UTC 2026","passed","Sat Mar 07 20:38:45 UTC 2026","","Go Test","github.com/specterops/bloodhound/cmd/api/src/api/v2/TestResources_UpdateSavedQuery_UpdateFailed","TestResources_UpdateSavedQuery_UpdateFailed"
"","0","returns empty array when search does not match any environment","filterAndSearchEnvironments","Sat Mar 07 20:39:25 UTC 2026","passed","Sat Mar 07 20:39:25 UTC 2026","","search filter","",""
"Test cases for TestCreateUser_ETAC","2354","TestCreateUser_ETAC","","Sat Mar 07 20:38:52 UTC 2026","passed","Sat Mar 07 20:38:55 UTC 2026","","Go Test","github.com/specterops/bloodhound/cmd/api/src/api/v2/auth/TestCreateUser_ETAC","TestCreateUser_ETAC"
"Test cases for TestBuildSQLFilter","2","TestBuildSQLFilter","","Sat Mar 07 20:38:54 UTC 2026","passed","Sat Mar 07 20:38:54 UTC 2026","","Go Test","github.com/specterops/bloodhound/cmd/api/src/model/TestBuildSQLFilter","TestBuildSQLFilter"
"","151","should display api key management button","Api Keys","Sat Mar 07 20:40:22 UTC 2026","passed","Sat Mar 07 20:40:22 UTC 2026","","","",""
"Test cases for TestDisenrollMFA_Admin_SuccessNoPasswordSSO","826","TestDisenrollMFA_Admin_SuccessNoPasswordSSO","","Sat Mar 07 20:39:12 UTC 2026","passed","Sat Mar 07 20:39:13 UTC 2026","","Go Test","github.com/specterops/bloodhound/cmd/api/src/api/v2/auth/TestDisenrollMFA_Admin_SuccessNoPasswordSSO","TestDisenrollMFA_Admin_SuccessNoPasswordSSO"
"","1297","handles posting a mutation","DatabaseManagement","Sat Mar 07 20:43:44 UTC 2026","passed","Sat Mar 07 20:43:45 UTC 2026","","","",""
"","482","should display ""Generate/Revoke API Tokens"" title","UserTokenManagementDialog","Sat Mar 07 20:41:53 UTC 2026","passed","Sat Mar 07 20:41:53 UTC 2026","","","",""
"Test cases for TestNewSIDSuffix","0","TestNewSIDSuffix","","Sat Mar 07 20:39:12 UTC 2026","passed","Sat Mar 07 20:39:12 UTC 2026","","Go Test","github.com/specterops/bloodhound/packages/go/analysis/ad/wellknown/TestNewSIDSuffix","TestNewSIDSuffix"
"Test cases for TestSet","0","TestSet","","Sat Mar 07 20:39:16 UTC 2026","passed","Sat Mar 07 20:39:16 UTC 2026","","Go Test","github.com/specterops/bloodhound/packages/go/lab/internal/TestSet","TestSet"
"Test cases for FuzzFoldl","0","FuzzFoldl","","Sat Mar 07 20:39:27 UTC 2026","passed","Sat Mar 07 20:39:27 UTC 2026","","Go Test","github.com/specterops/bloodhound/packages/go/slicesext/FuzzFoldl","FuzzFoldl"
"Test cases for TestEncodingEquality","0","TestEncodingEquality","","Sat Mar 07 20:39:14 UTC 2026","passed","Sat Mar 07 20:39:14 UTC 2026","","Go Test","github.com/specterops/bloodhound/packages/go/bomenc/TestEncodingEquality","TestEncodingEquality"
"Test cases for TestMarshalBool","0","TestMarshalBool","","Sat Mar 07 20:38:52 UTC 2026","passed","Sat Mar 07 20:38:52 UTC 2026","","Go Test","github.com/specterops/bloodhound/cmd/api/src/database/types/null/TestMarshalBool","TestMarshalBool"
"","3705","should render","Pathfinding","Sat Mar 07 20:40:24 UTC 2026","passed","Sat Mar 07 20:40:27 UTC 2026","","","",""
"","0","passes ruleType through optionalParams with empty object","handleError","Sat Mar 07 20:39:53 UTC 2026","passed","Sat Mar 07 20:39:53 UTC 2026","","","",""
"","158","should display ""Cancel"" button","Enable2FADialog","Sat Mar 07 20:41:58 UTC 2026","passed","Sat Mar 07 20:41:58 UTC 2026","","","",""
"","186","allows a user to upload a single file and displays its name in the dialog","SchemaUploadDialog","Sat Mar 07 20:41:12 UTC 2026","passed","Sat Mar 07 20:41:12 UTC 2026","","","",""
"","11","should render when search string is in the middle of the text","HighlightedText","Sat Mar 07 20:42:29 UTC 2026","passed","Sat Mar 07 20:42:29 UTC 2026","","","",""
"Test cases for TestSIDSuffix_PrependPrefix","0","TestSIDSuffix_PrependPrefix","","Sat Mar 07 20:39:12 UTC 2026","passed","Sat Mar 07 20:39:12 UTC 2026","","Go Test","github.com/specterops/bloodhound/packages/go/analysis/ad/wellknown/TestSIDSuffix_PrependPrefix","TestSIDSuffix_PrependPrefix"
"","642","should display all available roles","UpdateUserDialog","Sat Mar 07 20:39:42 UTC 2026","passed","Sat Mar 07 20:39:43 UTC 2026","","","",""
"Test cases for TestResources_ListAuditLogs_OnlyOffset","0","TestResources_ListAuditLogs_OnlyOffset","","Sat Mar 07 20:38:45 UTC 2026","passed","Sat Mar 07 20:38:45 UTC 2026","","Go Test","github.com/specterops/bloodhound/cmd/api/src/api/v2/TestResources_ListAuditLogs_OnlyOffset","TestResources_ListAuditLogs_OnlyOffset"
"Test cases for TestNodeNamePrefix_AppendSuffix","0","TestNodeNamePrefix_AppendSuffix","","Sat Mar 07 20:39:12 UTC 2026","passed","Sat Mar 07 20:39:12 UTC 2026","","Go Test","github.com/specterops/bloodhound/packages/go/analysis/ad/wellknown/TestNodeNamePrefix_AppendSuffix","TestNodeNamePrefix_AppendSuffix"
"Test cases for TestManagementResource_OIDCLoginHandler","17","TestManagementResource_OIDCLoginHandler","","Sat Mar 07 20:39:18 UTC 2026","passed","Sat Mar 07 20:39:18 UTC 2026","","Go Test","github.com/specterops/bloodhound/cmd/api/src/api/v2/auth/TestManagementResource_OIDCLoginHandler","TestManagementResource_OIDCLoginHandler"
"Test cases for TestSelectGPOContainerCandidateFilter","0","TestSelectGPOContainerCandidateFilter","","Sat Mar 07 20:39:12 UTC 2026","passed","Sat Mar 07 20:39:12 UTC 2026","","Go Test","github.com/specterops/bloodhound/packages/go/analysis/ad/TestSelectGPOContainerCandidateFilter","TestSelectGPOContainerCandidateFilter"
"","530","switches Rule tab to active/selected when clicked","Selected Details Tabs","Sat Mar 07 20:40:35 UTC 2026","passed","Sat Mar 07 20:40:36 UTC 2026","","Selected Details Tabs - Click Interactions","",""
"Test cases for TestResources_SearchAssetGroupTagHistory","141","TestResources_SearchAssetGroupTagHistory","","Sat Mar 07 20:38:45 UTC 2026","passed","Sat Mar 07 20:38:45 UTC 2026","","Go Test","github.com/specterops/bloodhound/cmd/api/src/api/v2/TestResources_SearchAssetGroupTagHistory","TestResources_SearchAssetGroupTagHistory"
"","5","dismisses the ""no permission"" notification on unmount","useFinishedJobs","Sat Mar 07 20:40:52 UTC 2026","passed","Sat Mar 07 20:40:52 UTC 2026","","","",""
"Test cases for TestFloatValueOrZero","0","TestFloatValueOrZero","","Sat Mar 07 20:38:52 UTC 2026","passed","Sat Mar 07 20:38:52 UTC 2026","","Go Test","github.com/specterops/bloodhound/cmd/api/src/database/types/null/TestFloatValueOrZero","TestFloatValueOrZero"
"Test cases for TestInt64FromPtr","0","TestInt64FromPtr","","Sat Mar 07 20:38:52 UTC 2026","passed","Sat Mar 07 20:38:52 UTC 2026","","Go Test","github.com/specterops/bloodhound/cmd/api/src/database/types/null/TestInt64FromPtr","TestInt64FromPtr"
"Test cases for TestUrlValidator","1","TestUrlValidator","","Sat Mar 07 20:39:10 UTC 2026","passed","Sat Mar 07 20:39:10 UTC 2026","","Go Test","github.com/specterops/bloodhound/cmd/api/src/utils/validation/TestUrlValidator","TestUrlValidator"
"","57","initializes with the given state","useObjectState","Sat Mar 07 20:42:30 UTC 2026","passed","Sat Mar 07 20:42:30 UTC 2026","","","",""
"","146","upon selecting just a source node, updates the URL with a searchType of 'node' and primarySearch of the node's objectid","usePathfindingSearch","Sat Mar 07 20:40:59 UTC 2026","passed","Sat Mar 07 20:40:59 UTC 2026","","","",""
"","204","adds node to asset group tag without confirmation","AssetGroupMenuItem","Sat Mar 07 20:40:06 UTC 2026","passed","Sat Mar 07 20:40:07 UTC 2026","","","",""
"Test cases for TestWriteAndValidateJSON_NormalizationError","3","TestWriteAndValidateJSON_NormalizationError","","Sat Mar 07 20:38:59 UTC 2026","passed","Sat Mar 07 20:38:59 UTC 2026","","Go Test","github.com/specterops/bloodhound/cmd/api/src/services/upload/TestWriteAndValidateJSON_NormalizationError","TestWriteAndValidateJSON_NormalizationError"
"","1177","handles delete by source kind","DatabaseManagement","Sat Mar 07 20:43:45 UTC 2026","passed","Sat Mar 07 20:43:46 UTC 2026","","","",""
"","235","toggles parent from all to none","SourceKindsCheckboxes","Sat Mar 07 20:40:47 UTC 2026","passed","Sat Mar 07 20:40:47 UTC 2026","","","",""
"","2","should recognize azure properties","validating a node property against the shared generated schema","Sat Mar 07 20:40:08 UTC 2026","passed","Sat Mar 07 20:40:08 UTC 2026","","","",""
"Test cases for TestRequireAllEnvironmentAccessMiddleware","0","TestRequireAllEnvironmentAccessMiddleware","","Sat Mar 07 20:38:37 UTC 2026","passed","Sat Mar 07 20:38:37 UTC 2026","","Go Test","github.com/specterops/bloodhound/cmd/api/src/api/middleware/TestRequireAllEnvironmentAccessMiddleware","TestRequireAllEnvironmentAccessMiddleware"
"","51","should style the powered-by to display when nav is expanded","MainNav","Sat Mar 07 20:39:50 UTC 2026","passed","Sat Mar 07 20:39:50 UTC 2026","","","",""
"","57","Gets focus on keyboard shortcut","SearchBar","Sat Mar 07 20:42:58 UTC 2026","passed","Sat Mar 07 20:42:58 UTC 2026","","","",""
"Test cases for TestManagementResource_ListPermissions_DBError","0","TestManagementResource_ListPermissions_DBError","","Sat Mar 07 20:38:50 UTC 2026","passed","Sat Mar 07 20:38:50 UTC 2026","","Go Test","github.com/specterops/bloodhound/cmd/api/src/api/v2/auth/TestManagementResource_ListPermissions_DBError","TestManagementResource_ListPermissions_DBError"
"Test cases for TestResources_CreateAssetGroup","0","TestResources_CreateAssetGroup","","Sat Mar 07 20:38:45 UTC 2026","passed","Sat Mar 07 20:38:45 UTC 2026","","Go Test","github.com/specterops/bloodhound/cmd/api/src/api/v2/TestResources_CreateAssetGroup","TestResources_CreateAssetGroup"
"","0","handles specific Active Directory properties differently than Azure derived properties","Formatting number properties","Sat Mar 07 20:40:08 UTC 2026","passed","Sat Mar 07 20:40:08 UTC 2026","","","",""
"","3","Default label and sizing are used when graph of origin does not specify","copySigmaNodesToGraphlibGraph","Sat Mar 07 20:44:02 UTC 2026","passed","Sat Mar 07 20:44:02 UTC 2026","","","",""
"","1815","should clear out the sso provider id from submission data when the authentication method is changed","UpdateUserDialog","Sat Mar 07 20:39:44 UTC 2026","passed","Sat Mar 07 20:39:46 UTC 2026","","","",""
"","0","returns undefined if graphData is null or not a GraphResponse","getExploreTableData","Sat Mar 07 20:41:20 UTC 2026","passed","Sat Mar 07 20:41:20 UTC 2026","","","",""
"","219","Selecting an edge with a Computer target node that does not have haslaps enabled shows correct Windows Abuse text","EdgeInfoContent","Sat Mar 07 20:39:28 UTC 2026","passed","Sat Mar 07 20:39:28 UTC 2026","","","",""
"","219","renders correctly with requiresCurrentPassword true","PasswordDialog","Sat Mar 07 20:39:35 UTC 2026","passed","Sat Mar 07 20:39:36 UTC 2026","","","",""
"","13","disables the upload button and does not populate a table if the user lacks the permission","File Upload","Sat Mar 07 20:40:56 UTC 2026","passed","Sat Mar 07 20:40:56 UTC 2026","","","",""
"Test cases for TestManagementResource_SAMLLoginRedirect","20","TestManagementResource_SAMLLoginRedirect","","Sat Mar 07 20:39:18 UTC 2026","passed","Sat Mar 07 20:39:18 UTC 2026","","Go Test","github.com/specterops/bloodhound/cmd/api/src/api/v2/auth/TestManagementResource_SAMLLoginRedirect","TestManagementResource_SAMLLoginRedirect"
"Test cases for TestResources_GetShortestPath","17","TestResources_GetShortestPath","","Sat Mar 07 20:38:45 UTC 2026","passed","Sat Mar 07 20:38:45 UTC 2026","","Go Test","github.com/specterops/bloodhound/cmd/api/src/api/v2/TestResources_GetShortestPath","TestResources_GetShortestPath"
"Test cases for TestResources_ListExtensions","86","TestResources_ListExtensions","","Sat Mar 07 20:38:45 UTC 2026","passed","Sat Mar 07 20:38:45 UTC 2026","","Go Test","github.com/specterops/bloodhound/cmd/api/src/api/v2/TestResources_ListExtensions","TestResources_ListExtensions"
"Test cases for TestResources_DownloadCollectorChecksumByVersion","0","TestResources_DownloadCollectorChecksumByVersion","","Sat Mar 07 20:38:45 UTC 2026","passed","Sat Mar 07 20:38:45 UTC 2026","","Go Test","github.com/specterops/bloodhound/cmd/api/src/api/v2/TestResources_DownloadCollectorChecksumByVersion","TestResources_DownloadCollectorChecksumByVersion"
"","22","If for some reason the node size is not defined return 1 as a default","getNodeRadius","Sat Mar 07 20:44:03 UTC 2026","passed","Sat Mar 07 20:44:03 UTC 2026","","","",""
"","5","renders the LabelSelector when available and on a Label page","TagSelector","Sat Mar 07 20:41:36 UTC 2026","passed","Sat Mar 07 20:41:36 UTC 2026","","","",""
"","222","Verify Vault Reader count is the count returned by All Readers","EntityInfoDataTableGraphed","Sat Mar 07 20:40:20 UTC 2026","passed","Sat Mar 07 20:40:20 UTC 2026","","Node count for Vault Readers nested table","",""
"Test cases for TestResources_ToggleFlag","0","TestResources_ToggleFlag","","Sat Mar 07 20:38:45 UTC 2026","passed","Sat Mar 07 20:38:45 UTC 2026","","Go Test","github.com/specterops/bloodhound/cmd/api/src/api/v2/TestResources_ToggleFlag","TestResources_ToggleFlag"
"","280","fires click handlers","ConfirmDeleteQueryDialog","Sat Mar 07 20:43:01 UTC 2026","passed","Sat Mar 07 20:43:02 UTC 2026","","","",""
"","0","should return true when tag partially matches term","OperationsFilterPlugin","Sat Mar 07 20:43:11 UTC 2026","passed","Sat Mar 07 20:43:11 UTC 2026","","","",""
"Test cases for TestCache_GuardedSet","0","TestCache_GuardedSet","","Sat Mar 07 20:39:14 UTC 2026","passed","Sat Mar 07 20:39:14 UTC 2026","","Go Test","github.com/specterops/bloodhound/packages/go/cache/TestCache_GuardedSet","TestCache_GuardedSet"
"Test cases for TestArgon2Digest_Validate","4","TestArgon2Digest_Validate","","Sat Mar 07 20:39:15 UTC 2026","passed","Sat Mar 07 20:39:15 UTC 2026","","Go Test","github.com/specterops/bloodhound/packages/go/crypto/TestArgon2Digest_Validate","TestArgon2Digest_Validate"
"","3","returns {enabled: false} if there is not a match on the switch statement","useExploreGraph","Sat Mar 07 20:40:49 UTC 2026","passed","Sat Mar 07 20:40:49 UTC 2026","","exploreGraphQueryFactory","",""
"","2","rounds down fractional minutes/days","getSimpleDuration","Sat Mar 07 20:42:31 UTC 2026","passed","Sat Mar 07 20:42:31 UTC 2026","","","",""
"Test cases for TestNormalizeEinNodeProperties","0","TestNormalizeEinNodeProperties","","Sat Mar 07 20:38:57 UTC 2026","passed","Sat Mar 07 20:38:57 UTC 2026","","Go Test","github.com/specterops/bloodhound/cmd/api/src/services/graphify/TestNormalizeEinNodeProperties","TestNormalizeEinNodeProperties"
"","744","displays correct content based on platform filter Azure","CommonSearches","Sat Mar 07 20:40:05 UTC 2026","passed","Sat Mar 07 20:40:06 UTC 2026","","","",""
"Test cases for TestAddWhereClauseToNeo4jQuery_NoWhereClause","0","TestAddWhereClauseToNeo4jQuery_NoWhereClause","","Sat Mar 07 20:38:45 UTC 2026","passed","Sat Mar 07 20:38:45 UTC 2026","","Go Test","github.com/specterops/bloodhound/cmd/api/src/api/v2/TestAddWhereClauseToNeo4jQuery_NoWhereClause","TestAddWhereClauseToNeo4jQuery_NoWhereClause"
"Test cases for TestResources_ListTrustedCAs","1","TestResources_ListTrustedCAs","","Sat Mar 07 20:38:45 UTC 2026","passed","Sat Mar 07 20:38:45 UTC 2026","","Go Test","github.com/specterops/bloodhound/cmd/api/src/api/v2/TestResources_ListTrustedCAs","TestResources_ListTrustedCAs"
"Test cases for Test_NewSpec","0","Test_NewSpec","","Sat Mar 07 20:39:16 UTC 2026","passed","Sat Mar 07 20:39:16 UTC 2026","","Go Test","github.com/specterops/bloodhound/packages/go/lab/Test_NewSpec","Test_NewSpec"
"Test cases for TestResources_DeleteSavedQuery_PublicQueryAndUserIsAdmin","0","TestResources_DeleteSavedQuery_PublicQueryAndUserIsAdmin","","Sat Mar 07 20:38:45 UTC 2026","passed","Sat Mar 07 20:38:45 UTC 2026","","Go Test","github.com/specterops/bloodhound/cmd/api/src/api/v2/TestResources_DeleteSavedQuery_PublicQueryAndUserIsAdmin","TestResources_DeleteSavedQuery_PublicQueryAndUserIsAdmin"
"","181","should display ""Create Token"" button","UserTokenManagementDialog","Sat Mar 07 20:41:54 UTC 2026","passed","Sat Mar 07 20:41:54 UTC 2026","","","",""
"","124","renders enabled Zone tab and disabled Rule and Object tabs","Selected Details Tabs","Sat Mar 07 20:40:36 UTC 2026","passed","Sat Mar 07 20:40:36 UTC 2026","","Selected Details Tabs - Params present","",""
"Test cases for TestResources_CancelAnalysisRequest","170","TestResources_CancelAnalysisRequest","","Sat Mar 07 20:38:45 UTC 2026","passed","Sat Mar 07 20:38:45 UTC 2026","","Go Test","github.com/specterops/bloodhound/cmd/api/src/api/v2/TestResources_CancelAnalysisRequest","TestResources_CancelAnalysisRequest"
"Test cases for TestCache_Reset","0","TestCache_Reset","","Sat Mar 07 20:39:14 UTC 2026","passed","Sat Mar 07 20:39:14 UTC 2026","","Go Test","github.com/specterops/bloodhound/packages/go/cache/TestCache_Reset","TestCache_Reset"
"","0","does not abbreviate numbers < 1000","numberFormatting","Sat Mar 07 20:42:57 UTC 2026","passed","Sat Mar 07 20:42:57 UTC 2026","","","",""
"","138","upon selecting a source node, updates the URL with a searchType of 'node' and primarySearch of the node's objectid","useNodeSearch","Sat Mar 07 20:42:20 UTC 2026","passed","Sat Mar 07 20:42:20 UTC 2026","","","",""
"Test cases for TestConvertComputerToNode","0","TestConvertComputerToNode","","Sat Mar 07 20:39:15 UTC 2026","passed","Sat Mar 07 20:39:15 UTC 2026","","Go Test","github.com/specterops/bloodhound/packages/go/ein/TestConvertComputerToNode","TestConvertComputerToNode"
"","0","Fetching the data timed out","Getting the text for the disabled item display for a search when there are no results","Sat Mar 07 20:41:23 UTC 2026","passed","Sat Mar 07 20:41:23 UTC 2026","","Error states","",""
"TestManifest_AddMigration tests that migrations are added to the correct locationwithin the migration map and in the correct order.","2","TestManifest_AddMigration","","Sat Mar 07 20:38:52 UTC 2026","passed","Sat Mar 07 20:38:52 UTC 2026","","Go Test","github.com/specterops/bloodhound/cmd/api/src/database/migration/TestManifest_AddMigration","TestManifest_AddMigration"
"Test cases for TestTimeValueOrZero","0","TestTimeValueOrZero","","Sat Mar 07 20:38:52 UTC 2026","passed","Sat Mar 07 20:38:52 UTC 2026","","Go Test","github.com/specterops/bloodhound/cmd/api/src/database/types/null/TestTimeValueOrZero","TestTimeValueOrZero"
"Test cases for TestManagementResource_SAMLCallbackHandler","21","TestManagementResource_SAMLCallbackHandler","","Sat Mar 07 20:39:18 UTC 2026","passed","Sat Mar 07 20:39:18 UTC 2026","","Go Test","github.com/specterops/bloodhound/cmd/api/src/api/v2/auth/TestManagementResource_SAMLCallbackHandler","TestManagementResource_SAMLCallbackHandler"
"","20","tag members refetches on environment change","the useAssetGroupTags utilities","Sat Mar 07 20:39:59 UTC 2026","passed","Sat Mar 07 20:39:59 UTC 2026","","","",""
"","40","should display a message","CypherSearchMessage","Sat Mar 07 20:43:14 UTC 2026","passed","Sat Mar 07 20:43:14 UTC 2026","","","",""
"Test cases for TestTimeFromPtr","0","TestTimeFromPtr","","Sat Mar 07 20:38:52 UTC 2026","passed","Sat Mar 07 20:38:52 UTC 2026","","Go Test","github.com/specterops/bloodhound/cmd/api/src/database/types/null/TestTimeFromPtr","TestTimeFromPtr"
"Test cases for Test_signedRequestDate","0","Test_signedRequestDate","","Sat Mar 07 20:38:37 UTC 2026","passed","Sat Mar 07 20:38:37 UTC 2026","","Go Test","github.com/specterops/bloodhound/cmd/api/src/api/middleware/Test_signedRequestDate","Test_signedRequestDate"
"","188","toggles a child on","SourceKindsCheckboxes","Sat Mar 07 20:40:48 UTC 2026","passed","Sat Mar 07 20:40:48 UTC 2026","","","",""
"","0","returns true if arrays are equal","areArraysSimilar","Sat Mar 07 20:42:50 UTC 2026","passed","Sat Mar 07 20:42:50 UTC 2026","","","",""
"","171","handles close event","ImportQueryDialog","Sat Mar 07 20:43:00 UTC 2026","passed","Sat Mar 07 20:43:00 UTC 2026","","","",""
"","9","renders nothing if flag is disabled and disabled prop is not provided","FeatureFlag","Sat Mar 07 20:42:10 UTC 2026","passed","Sat Mar 07 20:42:10 UTC 2026","","","",""
"","345","displays an autofocused text input","SearchCurrentNodes","Sat Mar 07 20:41:30 UTC 2026","passed","Sat Mar 07 20:41:30 UTC 2026","","","",""
"","164","calls openOIDCProviderDialog when OIDC Provider menu item is clicked","CreateMenu","Sat Mar 07 20:40:11 UTC 2026","passed","Sat Mar 07 20:40:11 UTC 2026","","oidc_support feature flag enabled","",""
"","333","renders an empty message for the entity panel before a node is selected","GroupManagement","Sat Mar 07 20:43:53 UTC 2026","passed","Sat Mar 07 20:43:53 UTC 2026","","","",""
"","8","should render a Field when the provided value is 0","Field","Sat Mar 07 20:42:42 UTC 2026","passed","Sat Mar 07 20:42:42 UTC 2026","","","",""
"Test cases for TestCreateUser_ResetPassword","713","TestCreateUser_ResetPassword","","Sat Mar 07 20:38:55 UTC 2026","passed","Sat Mar 07 20:38:55 UTC 2026","","Go Test","github.com/specterops/bloodhound/cmd/api/src/api/v2/auth/TestCreateUser_ResetPassword","TestCreateUser_ResetPassword"
"","546","Displays the selectors list if passed in through additional sections","EntityInfoDataTableList","Sat Mar 07 20:41:25 UTC 2026","passed","Sat Mar 07 20:41:26 UTC 2026","","","",""
"Test cases for TestLoginSuccess","0","TestLoginSuccess","","Sat Mar 07 20:38:45 UTC 2026","passed","Sat Mar 07 20:38:45 UTC 2026","","Go Test","github.com/specterops/bloodhound/cmd/api/src/api/v2/auth/TestLoginSuccess","TestLoginSuccess"
"Test cases for TestResources_GetAZEntityInformation","132","TestResources_GetAZEntityInformation","","Sat Mar 07 20:38:45 UTC 2026","passed","Sat Mar 07 20:38:45 UTC 2026","","Go Test","github.com/specterops/bloodhound/cmd/api/src/api/v2/TestResources_GetAZEntityInformation","TestResources_GetAZEntityInformation"
"","0","returns undefined if graphData is undefined or not a GraphResponse","getExploreTableData","Sat Mar 07 20:41:20 UTC 2026","passed","Sat Mar 07 20:41:20 UTC 2026","","","",""
"","62","returns the full environment for the environmentid passed","useAvailableEnvironments","Sat Mar 07 20:42:19 UTC 2026","passed","Sat Mar 07 20:42:19 UTC 2026","","useSelectedEnvironment","",""
"","84","should call onCancel when cancel button clicked","LoginViaSSOForm","Sat Mar 07 20:41:47 UTC 2026","passed","Sat Mar 07 20:41:47 UTC 2026","","","",""
"","1","will return a list of values","Formatting list properties","Sat Mar 07 20:40:08 UTC 2026","passed","Sat Mar 07 20:40:08 UTC 2026","","","",""
"Test cases for TestResources_GetCollectorManifest","0","TestResources_GetCollectorManifest","","Sat Mar 07 20:38:45 UTC 2026","passed","Sat Mar 07 20:38:45 UTC 2026","","Go Test","github.com/specterops/bloodhound/cmd/api/src/api/v2/TestResources_GetCollectorManifest","TestResources_GetCollectorManifest"
"","239","sets a primarySearch=id and searchType=pathfinding when secondarySearch is truethy","ContextMenu","Sat Mar 07 20:39:58 UTC 2026","passed","Sat Mar 07 20:39:58 UTC 2026","","","",""
"","3","formats the date string","toFormatted","Sat Mar 07 20:42:31 UTC 2026","passed","Sat Mar 07 20:42:31 UTC 2026","","","",""
"Test cases for TestManagementResource_ServeMetadata","24","TestManagementResource_ServeMetadata","","Sat Mar 07 20:39:18 UTC 2026","passed","Sat Mar 07 20:39:18 UTC 2026","","Go Test","github.com/specterops/bloodhound/cmd/api/src/api/v2/auth/TestManagementResource_ServeMetadata","TestManagementResource_ServeMetadata"
"","13","adds new key to state","useObjectState","Sat Mar 07 20:42:30 UTC 2026","passed","Sat Mar 07 20:42:30 UTC 2026","","","",""
"","75","renders when all data is available and rule is not default","Delete Selector Button rendering","Sat Mar 07 20:42:52 UTC 2026","passed","Sat Mar 07 20:42:52 UTC 2026","","","",""
"Test cases for TestResources_ListSavedQueries","39","TestResources_ListSavedQueries","","Sat Mar 07 20:38:45 UTC 2026","passed","Sat Mar 07 20:38:45 UTC 2026","","Go Test","github.com/specterops/bloodhound/cmd/api/src/api/v2/TestResources_ListSavedQueries","TestResources_ListSavedQueries"
"","59","clicking cancel on the form takes the user back to the page the user was on previously","Tag Form","Sat Mar 07 20:39:14 UTC 2026","passed","Sat Mar 07 20:39:14 UTC 2026","","","",""
"","0","uppercases boolean values","Formatting boolean properties","Sat Mar 07 20:40:08 UTC 2026","passed","Sat Mar 07 20:40:08 UTC 2026","","","",""
"","451","should not call onSave when Save button is clicked and form input is invalid","UpdateUserDialog","Sat Mar 07 20:39:41 UTC 2026","passed","Sat Mar 07 20:39:41 UTC 2026","","","",""
"","0","filters by multiple platforms","filterAndSearchEnvironments","Sat Mar 07 20:39:25 UTC 2026","passed","Sat Mar 07 20:39:25 UTC 2026","","platform filters","",""
"Test cases for TestResources_ListADEntityControllers","0","TestResources_ListADEntityControllers","","Sat Mar 07 20:38:45 UTC 2026","passed","Sat Mar 07 20:38:45 UTC 2026","","Go Test","github.com/specterops/bloodhound/cmd/api/src/api/v2/TestResources_ListADEntityControllers","TestResources_ListADEntityControllers"
"Test cases for TestDomainSelectors_GetValidFilterPredicatesAsStrings","1","TestDomainSelectors_GetValidFilterPredicatesAsStrings","","Sat Mar 07 20:38:54 UTC 2026","passed","Sat Mar 07 20:38:54 UTC 2026","","Go Test","github.com/specterops/bloodhound/cmd/api/src/model/TestDomainSelectors_GetValidFilterPredicatesAsStrings","TestDomainSelectors_GetValidFilterPredicatesAsStrings"
"","293","renders total rules and accordion sections","RulesAccordion","Sat Mar 07 20:41:25 UTC 2026","passed","Sat Mar 07 20:41:25 UTC 2026","","","",""
"","62","Searching for custom node type with databaseId returns node properties","useFetchEntityInfo","Sat Mar 07 20:41:03 UTC 2026","passed","Sat Mar 07 20:41:03 UTC 2026","","","",""
"","713","renders a link to the explore page when member is clicked","GroupManagement","Sat Mar 07 20:43:54 UTC 2026","passed","Sat Mar 07 20:43:54 UTC 2026","","","",""
"","3434","Typing in the search bar filters the results","ExploreTable","Sat Mar 07 20:39:11 UTC 2026","passed","Sat Mar 07 20:39:15 UTC 2026","","","",""
"","249","handles creating a new zone","Tag Form","Sat Mar 07 20:39:15 UTC 2026","passed","Sat Mar 07 20:39:15 UTC 2026","","","",""
"","92","displays the value thats passed via children","CodeController","Sat Mar 07 20:42:54 UTC 2026","passed","Sat Mar 07 20:42:54 UTC 2026","","","",""
"","88","displays extensions in a table when data is available","ActiveExtensionsCard","Sat Mar 07 20:39:29 UTC 2026","passed","Sat Mar 07 20:39:30 UTC 2026","","","",""
"","10","removes multiple keys from state","useObjectState","Sat Mar 07 20:42:30 UTC 2026","passed","Sat Mar 07 20:42:30 UTC 2026","","","",""
"","354","should not allow leading or trailing empty spaces","CreateUserForm","Sat Mar 07 20:39:45 UTC 2026","passed","Sat Mar 07 20:39:46 UTC 2026","","","",""
"Test cases for TestParseAGMembersFromNodes_","0","TestParseAGMembersFromNodes_","","Sat Mar 07 20:38:45 UTC 2026","passed","Sat Mar 07 20:38:45 UTC 2026","","Go Test","github.com/specterops/bloodhound/cmd/api/src/api/v2/TestParseAGMembersFromNodes_","TestParseAGMembersFromNodes_"
"","707","renders the form for editing an existing rule","Rule Form","Sat Mar 07 20:39:27 UTC 2026","passed","Sat Mar 07 20:39:28 UTC 2026","","","",""
"","553","should render","ExploreTable","Sat Mar 07 20:39:07 UTC 2026","passed","Sat Mar 07 20:39:08 UTC 2026","","","",""
"Test cases for TestAddOrderByToNeo4jQuery_NoOrderByClause","0","TestAddOrderByToNeo4jQuery_NoOrderByClause","","Sat Mar 07 20:38:45 UTC 2026","passed","Sat Mar 07 20:38:45 UTC 2026","","Go Test","github.com/specterops/bloodhound/cmd/api/src/api/v2/TestAddOrderByToNeo4jQuery_NoOrderByClause","TestAddOrderByToNeo4jQuery_NoOrderByClause"
"","11","sets autoDisplayTable to false if query returns no results","useExploreTableAutoDisplay","Sat Mar 07 20:42:13 UTC 2026","passed","Sat Mar 07 20:42:13 UTC 2026","","","",""
"","49","sets autoDisplayTable to false if enabled param is false","useExploreTableAutoDisplay","Sat Mar 07 20:42:13 UTC 2026","passed","Sat Mar 07 20:42:13 UTC 2026","","","",""
"","453","should display Environmental Targeted Access Control panel when showEnvironmentAccessControls prop is true and user role is selected","UpdateUserForm","Sat Mar 07 20:39:21 UTC 2026","passed","Sat Mar 07 20:39:22 UTC 2026","","","",""
"Test cases for TestAuditLogin","1","TestAuditLogin","","Sat Mar 07 20:38:32 UTC 2026","passed","Sat Mar 07 20:38:32 UTC 2026","","Go Test","github.com/specterops/bloodhound/cmd/api/src/api/TestAuditLogin","TestAuditLogin"
"","5220","checking a single edge type updates its parent and grandparent","Pathfinding","Sat Mar 07 20:40:50 UTC 2026","passed","Sat Mar 07 20:40:55 UTC 2026","","","",""
"Test cases for TestSetValuesFromEnv","2","TestSetValuesFromEnv","","Sat Mar 07 20:38:48 UTC 2026","passed","Sat Mar 07 20:38:48 UTC 2026","","Go Test","github.com/specterops/bloodhound/cmd/api/src/config/TestSetValuesFromEnv","TestSetValuesFromEnv"
"","742","should not call onSubmit when password does not match confirmation password when reset password button clicked","PasswordResetForm","Sat Mar 07 20:41:00 UTC 2026","passed","Sat Mar 07 20:41:01 UTC 2026","","","",""
"","10","removes key from state","useObjectState","Sat Mar 07 20:42:30 UTC 2026","passed","Sat Mar 07 20:42:30 UTC 2026","","","",""
"","734","should render an update user form","UpdateUserDialog","Sat Mar 07 20:39:40 UTC 2026","passed","Sat Mar 07 20:39:41 UTC 2026","","","",""
"","110","enables returning a list of tags","the useAssetGroupTags utilities","Sat Mar 07 20:39:59 UTC 2026","passed","Sat Mar 07 20:39:59 UTC 2026","","","",""
"Test cases for TestManagementResource_ListAuthTokens_InvalidFilterPredicate","0","TestManagementResource_ListAuthTokens_InvalidFilterPredicate","","Sat Mar 07 20:39:06 UTC 2026","passed","Sat Mar 07 20:39:06 UTC 2026","","Go Test","github.com/specterops/bloodhound/cmd/api/src/api/v2/auth/TestManagementResource_ListAuthTokens_InvalidFilterPredicate","TestManagementResource_ListAuthTokens_InvalidFilterPredicate"
"Test cases for TestManagementResource_ListUsers_Filtered","0","TestManagementResource_ListUsers_Filtered","","Sat Mar 07 20:38:50 UTC 2026","passed","Sat Mar 07 20:38:50 UTC 2026","","Go Test","github.com/specterops/bloodhound/cmd/api/src/api/v2/auth/TestManagementResource_ListUsers_Filtered","TestManagementResource_ListUsers_Filtered"
"","482","calls delete mutation when confirm button is clicked with correct input","ActiveExtensionsCard","Sat Mar 07 20:39:32 UTC 2026","passed","Sat Mar 07 20:39:33 UTC 2026","","","",""
"","0","fails for password without uppercase letters","testPassword","Sat Mar 07 20:43:07 UTC 2026","passed","Sat Mar 07 20:43:07 UTC 2026","","","",""
"Test cases for TestWriteAndValidateZip","0","TestWriteAndValidateZip","","Sat Mar 07 20:38:59 UTC 2026","passed","Sat Mar 07 20:38:59 UTC 2026","","Go Test","github.com/specterops/bloodhound/cmd/api/src/services/upload/TestWriteAndValidateZip","TestWriteAndValidateZip"
"Test cases for TestResources_ListAssetGroupMembersCount","3","TestResources_ListAssetGroupMembersCount","","Sat Mar 07 20:38:45 UTC 2026","passed","Sat Mar 07 20:38:45 UTC 2026","","Go Test","github.com/specterops/bloodhound/cmd/api/src/api/v2/TestResources_ListAssetGroupMembersCount","TestResources_ListAssetGroupMembersCount"
"","40","upon selecting just a destination node, updates the URL with a searchType of 'node' and secondarySearch of the node's objectid","usePathfindingSearch","Sat Mar 07 20:40:59 UTC 2026","passed","Sat Mar 07 20:40:59 UTC 2026","","","",""
"","5","should render when search string is not found in the text","HighlightedText","Sat Mar 07 20:42:29 UTC 2026","passed","Sat Mar 07 20:42:29 UTC 2026","","","",""
"","898","should render with a full list of multiple tenants and domains","Simple Environment Selector","Sat Mar 07 20:40:24 UTC 2026","passed","Sat Mar 07 20:40:25 UTC 2026","","","",""
"","277","navigates to all rules when clicking ""All Rules""","RulesAccordion","Sat Mar 07 20:41:25 UTC 2026","passed","Sat Mar 07 20:41:26 UTC 2026","","","",""
"","137","renders a button for opening the dialog","SchemaUploadDialog","Sat Mar 07 20:41:11 UTC 2026","passed","Sat Mar 07 20:41:11 UTC 2026","","","",""
"","361","calls onToggleNodeLabels when click show all node labels","GraphControls","Sat Mar 07 20:39:48 UTC 2026","passed","Sat Mar 07 20:39:48 UTC 2026","","Toggling labels","",""
"Test cases for Test_ValidateGraph","9","Test_ValidateGraph","","Sat Mar 07 20:38:59 UTC 2026","passed","Sat Mar 07 20:38:59 UTC 2026","","Go Test","github.com/specterops/bloodhound/cmd/api/src/services/upload/Test_ValidateGraph","Test_ValidateGraph"
"","282","sets a primarySearch=id and searchType=node when secondarySearch is falsey","ContextMenu","Sat Mar 07 20:39:57 UTC 2026","passed","Sat Mar 07 20:39:58 UTC 2026","","","",""
"","463","renders correctly with requiresCurrentPassword false","PasswordDialog","Sat Mar 07 20:39:35 UTC 2026","passed","Sat Mar 07 20:39:35 UTC 2026","","","",""
"","265","sets a secondary=id and searchType=pathfinding when primary is truthy","ContextMenu","Sat Mar 07 20:43:43 UTC 2026","passed","Sat Mar 07 20:43:44 UTC 2026","","","",""
"","1819","displays a list of available sharphound and azurehound files to download","DownloadCollectors","Sat Mar 07 20:43:33 UTC 2026","passed","Sat Mar 07 20:43:35 UTC 2026","","","",""
"Test cases for TestSortJSONArrays","1","TestSortJSONArrays","","Sat Mar 07 20:39:10 UTC 2026","passed","Sat Mar 07 20:39:10 UTC 2026","","Go Test","github.com/specterops/bloodhound/cmd/api/src/utils/test/TestSortJSONArrays","TestSortJSONArrays"
"Test cases for TestResources_GetPathfindingResult","0","TestResources_GetPathfindingResult","","Sat Mar 07 20:38:45 UTC 2026","passed","Sat Mar 07 20:38:45 UTC 2026","","Go Test","github.com/specterops/bloodhound/cmd/api/src/api/v2/TestResources_GetPathfindingResult","TestResources_GetPathfindingResult"
"Test cases for TestFilter","0","TestFilter","","Sat Mar 07 20:39:27 UTC 2026","passed","Sat Mar 07 20:39:27 UTC 2026","","Go Test","github.com/specterops/bloodhound/packages/go/slicesext/TestFilter","TestFilter"
"","627","should render a SaveQueryDialog","SaveQueryDialog","Sat Mar 07 20:39:12 UTC 2026","passed","Sat Mar 07 20:39:13 UTC 2026","","","",""
"","555","navigates to object details when clicking an object row","ObjectsAccordion","Sat Mar 07 20:42:15 UTC 2026","passed","Sat Mar 07 20:42:16 UTC 2026","","","",""
"Test cases for TestResources_CreateAssetGroupTagSelector","1","TestResources_CreateAssetGroupTagSelector","","Sat Mar 07 20:38:45 UTC 2026","passed","Sat Mar 07 20:38:45 UTC 2026","","Go Test","github.com/specterops/bloodhound/cmd/api/src/api/v2/TestResources_CreateAssetGroupTagSelector","TestResources_CreateAssetGroupTagSelector"
"","537","renders a list of asset group members","GroupManagement","Sat Mar 07 20:43:52 UTC 2026","passed","Sat Mar 07 20:43:53 UTC 2026","","","",""
"","250","on clicking switch shows modal and when clicking cancel closes it and switch stays enabled","CitrixRDPConfiguration","Sat Mar 07 20:40:12 UTC 2026","passed","Sat Mar 07 20:40:13 UTC 2026","","Click on switch to disable","",""
"","0","reports an API error when the name for the rule is not unique","handleError","Sat Mar 07 20:39:53 UTC 2026","passed","Sat Mar 07 20:39:53 UTC 2026","","","",""
"","13","makes no count request when neither a Tag or Rule is selected (tagId and ruleId are undefined from path params","useObjectCounts","Sat Mar 07 20:42:45 UTC 2026","passed","Sat Mar 07 20:42:45 UTC 2026","","","",""
"","756","should render a create user form","CreateUserDialog","Sat Mar 07 20:39:38 UTC 2026","passed","Sat Mar 07 20:39:39 UTC 2026","","","",""
"Test cases for TestNormalizeToUTF8","0","TestNormalizeToUTF8","","Sat Mar 07 20:39:14 UTC 2026","passed","Sat Mar 07 20:39:14 UTC 2026","","Go Test","github.com/specterops/bloodhound/packages/go/bomenc/TestNormalizeToUTF8","TestNormalizeToUTF8"
"Test cases for Test_FixtureSetup","0","Test_FixtureSetup","","Sat Mar 07 20:39:16 UTC 2026","passed","Sat Mar 07 20:39:16 UTC 2026","","Go Test","github.com/specterops/bloodhound/packages/go/lab/Test_FixtureSetup","Test_FixtureSetup"
"Test cases for TestResources_ListADOUContainedComputers","0","TestResources_ListADOUContainedComputers","","Sat Mar 07 20:38:45 UTC 2026","passed","Sat Mar 07 20:38:45 UTC 2026","","Go Test","github.com/specterops/bloodhound/cmd/api/src/api/v2/TestResources_ListADOUContainedComputers","TestResources_ListADOUContainedComputers"
"Test cases for TestContextMiddlewareBypassEnabled","0","TestContextMiddlewareBypassEnabled","","Sat Mar 07 20:38:37 UTC 2026","passed","Sat Mar 07 20:38:37 UTC 2026","","Go Test","github.com/specterops/bloodhound/cmd/api/src/api/middleware/TestContextMiddlewareBypassEnabled","TestContextMiddlewareBypassEnabled"
"","6","constructs correct URLSearchParams with all filters","createHistoryParams","Sat Mar 07 20:42:17 UTC 2026","passed","Sat Mar 07 20:42:17 UTC 2026","","","",""
"","764","should hide Environmental Targeted Access Control panel when showEnvironmentAccessControls prop is true and admin role is selected","UpdateUserForm","Sat Mar 07 20:39:23 UTC 2026","passed","Sat Mar 07 20:39:23 UTC 2026","","","",""
"Copyright 2021 The Go Authors. All rights reserved.TestConcat was ripped from go1.22 source and should be replaced with the stdlib implementation when we move to 1.22Original source: https:","1","TestConcat","","Sat Mar 07 20:39:27 UTC 2026","passed","Sat Mar 07 20:39:27 UTC 2026","","Go Test","github.com/specterops/bloodhound/packages/go/slicesext/TestConcat","TestConcat"
"","0","abbreviates thousands, millions, billions, trillions as expected","numberFormatting","Sat Mar 07 20:42:57 UTC 2026","passed","Sat Mar 07 20:42:57 UTC 2026","","","",""
"","0","The node radius is adjusted to take into account the current camera zoom ratio","getNodeRadius","Sat Mar 07 20:44:03 UTC 2026","passed","Sat Mar 07 20:44:03 UTC 2026","","","",""
"","1171","sets input text on date click","ManagedDatePicker - date validation","Sat Mar 07 20:41:06 UTC 2026","passed","Sat Mar 07 20:41:07 UTC 2026","","","",""
"","376","renders an edit form for the selected asset group when a user has graph write permissions","GroupManagement","Sat Mar 07 20:43:51 UTC 2026","passed","Sat Mar 07 20:43:52 UTC 2026","","","",""
"","63","populates the node search field when the 'primarySearch' query param is set","useNodeSearch","Sat Mar 07 20:42:20 UTC 2026","passed","Sat Mar 07 20:42:20 UTC 2026","","","",""
"","163","opens when keyboard shortcut is pressed","GraphControls","Sat Mar 07 20:39:50 UTC 2026","passed","Sat Mar 07 20:39:50 UTC 2026","","Searching current results","",""
"Test cases for TestDomainSelectors_GetFilterCriteria_InvalidFilterColumn","0","TestDomainSelectors_GetFilterCriteria_InvalidFilterColumn","","Sat Mar 07 20:38:54 UTC 2026","passed","Sat Mar 07 20:38:54 UTC 2026","","Go Test","github.com/specterops/bloodhound/cmd/api/src/model/TestDomainSelectors_GetFilterCriteria_InvalidFilterColumn","TestDomainSelectors_GetFilterCriteria_InvalidFilterColumn"
"","0","returns true when id is a environment aggregation type","isEnvironmentAggregation","Sat Mar 07 20:39:25 UTC 2026","passed","Sat Mar 07 20:39:25 UTC 2026","","","",""
"","0","returns true if both arrays are empty","areArraysSimilar","Sat Mar 07 20:42:50 UTC 2026","passed","Sat Mar 07 20:42:50 UTC 2026","","","",""
"","0","runs a pathfinding search when the query param is set to ""pathfinding""","useExploreGraph","Sat Mar 07 20:40:49 UTC 2026","passed","Sat Mar 07 20:40:49 UTC 2026","","exploreGraphQueryFactory","",""
"","75","renders a ListItemActionMenu component","ListItemActionMenu","Sat Mar 07 20:41:51 UTC 2026","passed","Sat Mar 07 20:41:51 UTC 2026","","","",""
"","0","The user has yet to type into the search (for OU and Domain searches that have hard coded types)","Getting the text for the disabled item display for a search when there are no results","Sat Mar 07 20:41:23 UTC 2026","passed","Sat Mar 07 20:41:23 UTC 2026","","Empty data states","",""
"Test cases for TestDisenrollMFA_Failure","0","TestDisenrollMFA_Failure","","Sat Mar 07 20:39:08 UTC 2026","passed","Sat Mar 07 20:39:08 UTC 2026","","Go Test","github.com/specterops/bloodhound/cmd/api/src/api/v2/auth/TestDisenrollMFA_Failure","TestDisenrollMFA_Failure"
"Test cases for TestNewAuditLog_Error","0","TestNewAuditLog_Error","","Sat Mar 07 20:38:52 UTC 2026","passed","Sat Mar 07 20:38:52 UTC 2026","","Go Test","github.com/specterops/bloodhound/cmd/api/src/database/TestNewAuditLog_Error","TestNewAuditLog_Error"
"","62","renders a dash when actor is BloodHoundString","NoteCell component","Sat Mar 07 20:41:59 UTC 2026","passed","Sat Mar 07 20:41:59 UTC 2026","","","",""
"Test cases for TestResources_ListADComputerAdmins","3","TestResources_ListADComputerAdmins","","Sat Mar 07 20:38:45 UTC 2026","passed","Sat Mar 07 20:38:45 UTC 2026","","Go Test","github.com/specterops/bloodhound/cmd/api/src/api/v2/TestResources_ListADComputerAdmins","TestResources_ListADComputerAdmins"
"","206","Download button causes the json2csv function to be called","ExploreTable","Sat Mar 07 20:39:11 UTC 2026","passed","Sat Mar 07 20:39:11 UTC 2026","","","",""
"","74","calls getAssetGroupTags for topTagId","DetailsRoot","Sat Mar 07 20:43:11 UTC 2026","passed","Sat Mar 07 20:43:11 UTC 2026","","","",""
"Test cases for TestUnmarshalNonIntegerNumber","0","TestUnmarshalNonIntegerNumber","","Sat Mar 07 20:38:52 UTC 2026","passed","Sat Mar 07 20:38:52 UTC 2026","","Go Test","github.com/specterops/bloodhound/cmd/api/src/database/types/null/TestUnmarshalNonIntegerNumber","TestUnmarshalNonIntegerNumber"
"Test cases for TestUnmarshalTimeJSON","0","TestUnmarshalTimeJSON","","Sat Mar 07 20:38:52 UTC 2026","passed","Sat Mar 07 20:38:52 UTC 2026","","Go Test","github.com/specterops/bloodhound/cmd/api/src/database/types/null/TestUnmarshalTimeJSON","TestUnmarshalTimeJSON"
"","46","navigates to the specified route with global params intact","AppNavigate","Sat Mar 07 20:42:04 UTC 2026","passed","Sat Mar 07 20:42:04 UTC 2026","","","",""
"","289","should render","SSOProviderTable","Sat Mar 07 20:41:53 UTC 2026","passed","Sat Mar 07 20:41:54 UTC 2026","","","",""
"Test cases for TestCreateUser_Success","1015","TestCreateUser_Success","","Sat Mar 07 20:38:51 UTC 2026","passed","Sat Mar 07 20:38:52 UTC 2026","","Go Test","github.com/specterops/bloodhound/cmd/api/src/api/v2/auth/TestCreateUser_Success","TestCreateUser_Success"
"Test cases for TestResources_ShareSavedQueriesPermissions_CanUpdateSavedQueriesPermission","4","TestResources_ShareSavedQueriesPermissions_CanUpdateSavedQueriesPermission","","Sat Mar 07 20:38:45 UTC 2026","passed","Sat Mar 07 20:38:45 UTC 2026","","Go Test","github.com/specterops/bloodhound/cmd/api/src/api/v2/TestResources_ShareSavedQueriesPermissions_CanUpdateSavedQueriesPermission","TestResources_ShareSavedQueriesPermissions_CanUpdateSavedQueriesPermission"
"","628","should call onSubmit when input is valid and Submit button is clicked","UpsertSAMLProviderForm","Sat Mar 07 20:42:06 UTC 2026","passed","Sat Mar 07 20:42:07 UTC 2026","","","",""
"Test cases for TestFloatFrom","1","TestFloatFrom","","Sat Mar 07 20:38:52 UTC 2026","passed","Sat Mar 07 20:38:52 UTC 2026","","Go Test","github.com/specterops/bloodhound/cmd/api/src/database/types/null/TestFloatFrom","TestFloatFrom"
"Test cases for TestDomainSelectors_GetFilterCriteria_Domain","0","TestDomainSelectors_GetFilterCriteria_Domain","","Sat Mar 07 20:38:54 UTC 2026","passed","Sat Mar 07 20:38:54 UTC 2026","","Go Test","github.com/specterops/bloodhound/cmd/api/src/model/TestDomainSelectors_GetFilterCriteria_Domain","TestDomainSelectors_GetFilterCriteria_Domain"
"","1537","a cypher search 404 does not render the GraphViewErrorAlert","GraphView","Sat Mar 07 20:43:50 UTC 2026","passed","Sat Mar 07 20:43:52 UTC 2026","","","",""
"","0","reports an Object ID-specific error when ruleType is SeedTypeObjectId and seeds are required","handleError","Sat Mar 07 20:39:53 UTC 2026","passed","Sat Mar 07 20:39:53 UTC 2026","","","",""
"Test cases for TestResources_GetFlags","0","TestResources_GetFlags","","Sat Mar 07 20:38:45 UTC 2026","passed","Sat Mar 07 20:38:45 UTC 2026","","Go Test","github.com/specterops/bloodhound/cmd/api/src/api/v2/TestResources_GetFlags","TestResources_GetFlags"
"","237","sets a secondary=id and searchType=pathfinding when primary is truethy","ContextMenu","Sat Mar 07 20:39:58 UTC 2026","passed","Sat Mar 07 20:39:58 UTC 2026","","","",""
"","189","should display a toggle switch to enable multi-factor authentication","UserProfile","Sat Mar 07 20:40:22 UTC 2026","passed","Sat Mar 07 20:40:22 UTC 2026","","","",""
"Test cases for Test_GetAssetGroupMembersByTag","3","Test_GetAssetGroupMembersByTag","","Sat Mar 07 20:38:45 UTC 2026","passed","Sat Mar 07 20:38:45 UTC 2026","","Go Test","github.com/specterops/bloodhound/cmd/api/src/api/v2/Test_GetAssetGroupMembersByTag","Test_GetAssetGroupMembersByTag"
"","19","tag members refetches on sort change","the useAssetGroupTags utilities","Sat Mar 07 20:39:59 UTC 2026","passed","Sat Mar 07 20:39:59 UTC 2026","","","",""
"Test cases for TestSelfDestructingTempFile","0","TestSelfDestructingTempFile","","Sat Mar 07 20:38:32 UTC 2026","passed","Sat Mar 07 20:38:32 UTC 2026","","Go Test","github.com/specterops/bloodhound/cmd/api/src/api/TestSelfDestructingTempFile","TestSelfDestructingTempFile"
"","406","navigates to object details when clicking an object row","ObjectsAccordion","Sat Mar 07 20:41:27 UTC 2026","passed","Sat Mar 07 20:41:27 UTC 2026","","","",""
"","59","shows an error notification if there is an error fetching","useFinishedJobs","Sat Mar 07 20:40:52 UTC 2026","passed","Sat Mar 07 20:40:52 UTC 2026","","","",""
"","1","reports when API error response has errors array","handleError","Sat Mar 07 20:39:53 UTC 2026","passed","Sat Mar 07 20:39:53 UTC 2026","","","",""
"","1269","renders","Glyph Select Dialog","Sat Mar 07 20:42:46 UTC 2026","passed","Sat Mar 07 20:42:47 UTC 2026","","","",""
"Test cases for TestResources_ImportSavedQuery","26","TestResources_ImportSavedQuery","","Sat Mar 07 20:38:45 UTC 2026","passed","Sat Mar 07 20:38:45 UTC 2026","","Go Test","github.com/specterops/bloodhound/cmd/api/src/api/v2/TestResources_ImportSavedQuery","TestResources_ImportSavedQuery"
"","8","displays lastlogontimestamp cell as UNKNOWN when the value is 0","ExploreTableDataCell","Sat Mar 07 20:42:33 UTC 2026","passed","Sat Mar 07 20:42:33 UTC 2026","","","",""
"","104","passes check if the user has a required permission","usePermissions","Sat Mar 07 20:40:16 UTC 2026","passed","Sat Mar 07 20:40:16 UTC 2026","","","",""
"","116","renders details for a selected rule and is of type ""Cypher""","DynamicDetails","Sat Mar 07 20:40:28 UTC 2026","passed","Sat Mar 07 20:40:28 UTC 2026","","","",""
"Test cases for TestResources_UpdateAssetGroup","0","TestResources_UpdateAssetGroup","","Sat Mar 07 20:38:45 UTC 2026","passed","Sat Mar 07 20:38:45 UTC 2026","","Go Test","github.com/specterops/bloodhound/cmd/api/src/api/v2/TestResources_UpdateAssetGroup","TestResources_UpdateAssetGroup"
"","205","opens confirmation dialog when delete button is clicked","ActiveExtensionsCard","Sat Mar 07 20:39:30 UTC 2026","passed","Sat Mar 07 20:39:31 UTC 2026","","","",""
"","278","renders a snackbar notification in the dom and tests autoHideDuration","AppNotifications","Sat Mar 07 20:42:02 UTC 2026","passed","Sat Mar 07 20:42:02 UTC 2026","","","",""
"","3","matches all AD edges","Make sure pathfinding filterable edges match schemagen","Sat Mar 07 20:43:06 UTC 2026","passed","Sat Mar 07 20:43:06 UTC 2026","","","",""
"","665","executes a primary search when only a source node is provided","Pathfinding: interaction","Sat Mar 07 20:40:44 UTC 2026","passed","Sat Mar 07 20:40:44 UTC 2026","","","",""
"","223","toggles sort order when clicking sortable header","ObjectsAccordion","Sat Mar 07 20:41:27 UTC 2026","passed","Sat Mar 07 20:41:27 UTC 2026","","","",""
"Test cases for TestManagementResource_ListPermissions_InvalidFilterPredicate","0","TestManagementResource_ListPermissions_InvalidFilterPredicate","","Sat Mar 07 20:38:50 UTC 2026","passed","Sat Mar 07 20:38:50 UTC 2026","","Go Test","github.com/specterops/bloodhound/cmd/api/src/api/v2/auth/TestManagementResource_ListPermissions_InvalidFilterPredicate","TestManagementResource_ListPermissions_InvalidFilterPredicate"
"Test cases for TestResources_ListADGPOAffectedContainers","1","TestResources_ListADGPOAffectedContainers","","Sat Mar 07 20:38:45 UTC 2026","passed","Sat Mar 07 20:38:45 UTC 2026","","Go Test","github.com/specterops/bloodhound/cmd/api/src/api/v2/TestResources_ListADGPOAffectedContainers","TestResources_ListADGPOAffectedContainers"
"","16","Calls the cypher search endpoint for a node that is hidden from user with not all environments access","EntityObjectInformation","Sat Mar 07 20:41:08 UTC 2026","passed","Sat Mar 07 20:41:08 UTC 2026","","","",""
"","378","Should call handler when a member is clicked","AssetGroupMemberList","Sat Mar 07 20:42:29 UTC 2026","passed","Sat Mar 07 20:42:30 UTC 2026","","","",""
"Test cases for TestChangeCache","1","TestChangeCache","","Sat Mar 07 20:38:49 UTC 2026","passed","Sat Mar 07 20:38:49 UTC 2026","","Go Test","github.com/specterops/bloodhound/cmd/api/src/daemons/changelog/TestChangeCache","TestChangeCache"
"Test cases for TestBuildErrorResponseDefault","0","TestBuildErrorResponseDefault","","Sat Mar 07 20:38:32 UTC 2026","passed","Sat Mar 07 20:38:32 UTC 2026","","Go Test","github.com/specterops/bloodhound/cmd/api/src/api/TestBuildErrorResponseDefault","TestBuildErrorResponseDefault"
"Test cases for TestClearCache_HA","0","TestClearCache_HA","","Sat Mar 07 20:38:49 UTC 2026","passed","Sat Mar 07 20:38:49 UTC 2026","","Go Test","github.com/specterops/bloodhound/cmd/api/src/daemons/changelog/TestClearCache_HA","TestClearCache_HA"
"Test cases for TestAssetGroupMembers_BuildFilteringConditional_Error","0","TestAssetGroupMembers_BuildFilteringConditional_Error","","Sat Mar 07 20:38:32 UTC 2026","passed","Sat Mar 07 20:38:32 UTC 2026","","Go Test","github.com/specterops/bloodhound/cmd/api/src/api/TestAssetGroupMembers_BuildFilteringConditional_Error","TestAssetGroupMembers_BuildFilteringConditional_Error"
"","1","prevents MouseCoords events","preventAllDefaults","Sat Mar 07 20:44:13 UTC 2026","passed","Sat Mar 07 20:44:13 UTC 2026","","","",""
"","164","navigates to previous history entry when warning dialog is cancelled","EarlyAccessFeatures","Sat Mar 07 20:43:53 UTC 2026","passed","Sat Mar 07 20:43:53 UTC 2026","","","",""
"Test cases for TestTimeSetValid","0","TestTimeSetValid","","Sat Mar 07 20:38:52 UTC 2026","passed","Sat Mar 07 20:38:52 UTC 2026","","Go Test","github.com/specterops/bloodhound/cmd/api/src/database/types/null/TestTimeSetValid","TestTimeSetValid"
"","139","should display error message when error prop is provided","UpdateUserDialog","Sat Mar 07 20:39:44 UTC 2026","passed","Sat Mar 07 20:39:44 UTC 2026","","","",""
"","1386","executes a pathfinding search when both a source and destination node are provided","Pathfinding: interaction","Sat Mar 07 20:40:44 UTC 2026","passed","Sat Mar 07 20:40:46 UTC 2026","","","",""
"Test cases for TestParseKind","4","TestParseKind","","Sat Mar 07 20:39:11 UTC 2026","passed","Sat Mar 07 20:39:11 UTC 2026","","Go Test","github.com/specterops/bloodhound/packages/go/analysis/TestParseKind","TestParseKind"
"","1445","should render","EntityInfoHeader","Sat Mar 07 20:41:41 UTC 2026","passed","Sat Mar 07 20:41:42 UTC 2026","","","",""
"","100","should call onCancel when return to login button clicked","PasswordResetForm","Sat Mar 07 20:41:02 UTC 2026","passed","Sat Mar 07 20:41:02 UTC 2026","","","",""
"","15","does not show View in Explore if exploreUrl is not supplied","Seed Selection Results","Sat Mar 07 20:39:57 UTC 2026","passed","Sat Mar 07 20:39:57 UTC 2026","","","",""
"Test cases for TestInt64IsZero","0","TestInt64IsZero","","Sat Mar 07 20:38:52 UTC 2026","passed","Sat Mar 07 20:38:52 UTC 2026","","Go Test","github.com/specterops/bloodhound/cmd/api/src/database/types/null/TestInt64IsZero","TestInt64IsZero"
"","466","should close the dialog when the Cancel button is clicked","Privilege Zones History Filter Dialog","Sat Mar 07 20:40:55 UTC 2026","passed","Sat Mar 07 20:40:55 UTC 2026","","","",""
"","40","should redirect to nested /file-ingest route if user navigates to an invalid route","Administration","Sat Mar 07 20:44:01 UTC 2026","passed","Sat Mar 07 20:44:01 UTC 2026","","","",""
"Test cases for TestResources_GetDatabaseCompleteness","111","TestResources_GetDatabaseCompleteness","","Sat Mar 07 20:38:45 UTC 2026","passed","Sat Mar 07 20:38:45 UTC 2026","","Go Test","github.com/specterops/bloodhound/cmd/api/src/api/v2/TestResources_GetDatabaseCompleteness","TestResources_GetDatabaseCompleteness"
"Test cases for TestMatches_FailureErrMsg","0","TestMatches_FailureErrMsg","","Sat Mar 07 20:38:54 UTC 2026","passed","Sat Mar 07 20:38:54 UTC 2026","","Go Test","github.com/specterops/bloodhound/cmd/api/src/model/TestMatches_FailureErrMsg","TestMatches_FailureErrMsg"
"","1866","Clicking on a row causes row to be selected","ExploreTable","Sat Mar 07 20:39:15 UTC 2026","passed","Sat Mar 07 20:39:17 UTC 2026","","","",""
"","148","a null response from the server is handled","ExploreSearchCombobox with null response","Sat Mar 07 20:40:16 UTC 2026","passed","Sat Mar 07 20:40:16 UTC 2026","","","",""
"","0","returns false if value is +0","searchParams","Sat Mar 07 20:41:48 UTC 2026","passed","Sat Mar 07 20:41:48 UTC 2026","","isEmptyParam","",""
"Test cases for FuzzFoldr","0","FuzzFoldr","","Sat Mar 07 20:39:27 UTC 2026","passed","Sat Mar 07 20:39:27 UTC 2026","","Go Test","github.com/specterops/bloodhound/packages/go/slicesext/FuzzFoldr","FuzzFoldr"
"","1187","handles copying the name","CopyMenuItem","Sat Mar 07 20:43:04 UTC 2026","passed","Sat Mar 07 20:43:05 UTC 2026","","","",""
"","0","returns a function that does not update searchParams if a key is not found in the updatedParams","searchParams","Sat Mar 07 20:41:48 UTC 2026","passed","Sat Mar 07 20:41:48 UTC 2026","","setSingleParamFactory","",""
"","492","renders the form for creating a new zone","Tag Form","Sat Mar 07 20:39:12 UTC 2026","passed","Sat Mar 07 20:39:13 UTC 2026","","","",""
"","233","dispatches an action to the delete the associated node","Rule Object Select","Sat Mar 07 20:42:03 UTC 2026","passed","Sat Mar 07 20:42:03 UTC 2026","","","",""
"","312","renders with applied filters","Privilege Zones History Filter Dialog","Sat Mar 07 20:40:54 UTC 2026","passed","Sat Mar 07 20:40:54 UTC 2026","","","",""
"Test cases for TestMatches_Success","0","TestMatches_Success","","Sat Mar 07 20:38:54 UTC 2026","passed","Sat Mar 07 20:38:54 UTC 2026","","Go Test","github.com/specterops/bloodhound/cmd/api/src/model/TestMatches_Success","TestMatches_Success"
"","422","changes the text from ""Disabled"" to ""Enabled"" when the Rule Status switch is toggled","Rule Form","Sat Mar 07 20:39:28 UTC 2026","passed","Sat Mar 07 20:39:28 UTC 2026","","","",""
"Test cases for TestResources_GetAssetGroupMemberCount_Success","0","TestResources_GetAssetGroupMemberCount_Success","","Sat Mar 07 20:38:45 UTC 2026","passed","Sat Mar 07 20:38:45 UTC 2026","","Go Test","github.com/specterops/bloodhound/cmd/api/src/api/v2/TestResources_GetAssetGroupMemberCount_Success","TestResources_GetAssetGroupMemberCount_Success"
"","118","Calls the `Base` endpoint for a LocalGroup type node","EntityObjectInformation","Sat Mar 07 20:41:07 UTC 2026","passed","Sat Mar 07 20:41:08 UTC 2026","","","",""
"","13","renders nothing if flag is enabled and enabled prop is not provided","FeatureFlag","Sat Mar 07 20:42:10 UTC 2026","passed","Sat Mar 07 20:42:10 UTC 2026","","","",""
"Test cases for TestManagementResource_UpdateUser_IDMalformed","841","TestManagementResource_UpdateUser_IDMalformed","","Sat Mar 07 20:38:55 UTC 2026","passed","Sat Mar 07 20:38:56 UTC 2026","","Go Test","github.com/specterops/bloodhound/cmd/api/src/api/v2/auth/TestManagementResource_UpdateUser_IDMalformed","TestManagementResource_UpdateUser_IDMalformed"
"","405","should display ""Configure Multi-Factor Authentication"" title","Enable2FADialog","Sat Mar 07 20:41:20 UTC 2026","passed","Sat Mar 07 20:41:20 UTC 2026","","","",""
"Test cases for TestWriteResultRawJson","0","TestWriteResultRawJson","","Sat Mar 07 20:39:09 UTC 2026","passed","Sat Mar 07 20:39:09 UTC 2026","","Go Test","github.com/specterops/bloodhound/cmd/api/src/utils/TestWriteResultRawJson","TestWriteResultRawJson"
"Test cases for TestMarshalInt64","0","TestMarshalInt64","","Sat Mar 07 20:38:52 UTC 2026","passed","Sat Mar 07 20:38:52 UTC 2026","","Go Test","github.com/specterops/bloodhound/cmd/api/src/database/types/null/TestMarshalInt64","TestMarshalInt64"
"Test cases for TestResources_UpdateSavedQuery_AdminPublicQuery_Success","0","TestResources_UpdateSavedQuery_AdminPublicQuery_Success","","Sat Mar 07 20:38:45 UTC 2026","passed","Sat Mar 07 20:38:45 UTC 2026","","Go Test","github.com/specterops/bloodhound/cmd/api/src/api/v2/TestResources_UpdateSavedQuery_AdminPublicQuery_Success","TestResources_UpdateSavedQuery_AdminPublicQuery_Success"
"","0","No type was provided and no results were available","Getting the text for the disabled item display for a search when there are no results","Sat Mar 07 20:41:23 UTC 2026","passed","Sat Mar 07 20:41:23 UTC 2026","","Empty data states","",""
"","348","handles removing from a tier zero asset group","AssetGroupMenuItem","Sat Mar 07 20:43:34 UTC 2026","passed","Sat Mar 07 20:43:35 UTC 2026","","removing from an asset group","",""
"","21","disables useAvailableEnvironment and does not attempt calling handleInitialEnvironment if queryOptions.enabled","useInitialEnvironment","Sat Mar 07 20:42:07 UTC 2026","passed","Sat Mar 07 20:42:07 UTC 2026","","","",""
"","0","reports an API error when Cypher is not run first","handleError","Sat Mar 07 20:39:53 UTC 2026","passed","Sat Mar 07 20:39:53 UTC 2026","","","",""
"","1","does not add optional filters if not present","createHistoryParams","Sat Mar 07 20:42:17 UTC 2026","passed","Sat Mar 07 20:42:17 UTC 2026","","","",""
"","84","calls handleFilterChange with all filter types and empty strings when clicked while filters are active","AssetGroupEdit","Sat Mar 07 20:40:13 UTC 2026","passed","Sat Mar 07 20:40:13 UTC 2026","","Clear Filters button","",""
"","12","dedupes edges before adding them to the graph","Explore utils","Sat Mar 07 20:43:45 UTC 2026","passed","Sat Mar 07 20:43:45 UTC 2026","","initGraph","",""
"Test cases for TestResources_ListADDomainForeignGPOControllers","2","TestResources_ListADDomainForeignGPOControllers","","Sat Mar 07 20:38:45 UTC 2026","passed","Sat Mar 07 20:38:45 UTC 2026","","Go Test","github.com/specterops/bloodhound/cmd/api/src/api/v2/TestResources_ListADDomainForeignGPOControllers","TestResources_ListADDomainForeignGPOControllers"
"Test cases for TestErrorReadDomainSIDandNameAsString","2","TestErrorReadDomainSIDandNameAsString","","Sat Mar 07 20:39:12 UTC 2026","passed","Sat Mar 07 20:39:12 UTC 2026","","Go Test","github.com/specterops/bloodhound/packages/go/analysis/ad/internal/nodeprops/TestErrorReadDomainSIDandNameAsString","TestErrorReadDomainSIDandNameAsString"
"","2","returns numbers as strings","numberFormatting","Sat Mar 07 20:42:57 UTC 2026","passed","Sat Mar 07 20:42:57 UTC 2026","","","",""
"","9","should recognize active directory properties","validating a node property against the shared generated schema","Sat Mar 07 20:40:08 UTC 2026","passed","Sat Mar 07 20:40:08 UTC 2026","","","",""
"Test cases for TestMatches_FailureAction","0","TestMatches_FailureAction","","Sat Mar 07 20:38:54 UTC 2026","passed","Sat Mar 07 20:38:54 UTC 2026","","Go Test","github.com/specterops/bloodhound/cmd/api/src/model/TestMatches_FailureAction","TestMatches_FailureAction"
"","689","should open save dialog on keyboard press alt+S","CypherSearch","Sat Mar 07 20:41:17 UTC 2026","passed","Sat Mar 07 20:41:18 UTC 2026","","","",""
"Test cases for TestInt64ValueOrZero","0","TestInt64ValueOrZero","","Sat Mar 07 20:38:52 UTC 2026","passed","Sat Mar 07 20:38:52 UTC 2026","","Go Test","github.com/specterops/bloodhound/cmd/api/src/database/types/null/TestInt64ValueOrZero","TestInt64ValueOrZero"
"","19","renders the tooltip icon when tooltipText prop is passed","ColumnHeaders","Sat Mar 07 20:41:16 UTC 2026","passed","Sat Mar 07 20:41:16 UTC 2026","","SortableHeader with Tooltip","",""
"Test cases for TestPermissionsCheckAll","0","TestPermissionsCheckAll","","Sat Mar 07 20:38:37 UTC 2026","passed","Sat Mar 07 20:38:37 UTC 2026","","Go Test","github.com/specterops/bloodhound/cmd/api/src/api/middleware/TestPermissionsCheckAll","TestPermissionsCheckAll"
"","27","renders a button","CreateMenu","Sat Mar 07 20:40:11 UTC 2026","passed","Sat Mar 07 20:40:11 UTC 2026","","oidc_support feature flag disabled","",""
"","2","filters by collected=true when ""yes"" filter is active","filterAndSearchEnvironments","Sat Mar 07 20:39:25 UTC 2026","passed","Sat Mar 07 20:39:25 UTC 2026","","collected filters","",""
"","239","calls handleError with ruleType when creating a rule fails","Rule Form","Sat Mar 07 20:39:34 UTC 2026","passed","Sat Mar 07 20:39:34 UTC 2026","","","",""
"Test cases for TestParseLimitQueryParameter","0","TestParseLimitQueryParameter","","Sat Mar 07 20:38:45 UTC 2026","passed","Sat Mar 07 20:38:45 UTC 2026","","Go Test","github.com/specterops/bloodhound/cmd/api/src/api/v2/TestParseLimitQueryParameter","TestParseLimitQueryParameter"
"","267","disables any available button toggles if the user lacks the permission","EarlyAccessFeatures","Sat Mar 07 20:43:53 UTC 2026","passed","Sat Mar 07 20:43:54 UTC 2026","","","",""
"","876","displays validation error messages when password does not meet requirements","PasswordDialog","Sat Mar 07 20:39:36 UTC 2026","passed","Sat Mar 07 20:39:37 UTC 2026","","","",""
"Test cases for TestResources_ListAcceptedFileUploadTypes","0","TestResources_ListAcceptedFileUploadTypes","","Sat Mar 07 20:38:45 UTC 2026","passed","Sat Mar 07 20:38:45 UTC 2026","","Go Test","github.com/specterops/bloodhound/cmd/api/src/api/v2/TestResources_ListAcceptedFileUploadTypes","TestResources_ListAcceptedFileUploadTypes"
"","6","does not render when selector data is not defined","Delete Selector Button rendering","Sat Mar 07 20:42:52 UTC 2026","passed","Sat Mar 07 20:42:52 UTC 2026","","","",""
"","238","Displays a notification when an error happened when requesting analysis","AnalyzeNowConfiguration","Sat Mar 07 20:40:30 UTC 2026","passed","Sat Mar 07 20:40:30 UTC 2026","","","",""
"","1","Edge is created with correct structure including points array","copySigmaEdgesToGraphlibGraph","Sat Mar 07 20:44:02 UTC 2026","passed","Sat Mar 07 20:44:02 UTC 2026","","","",""
"","656","calls the passed in select handler when clicking the Confirm button","Glyph Select Dialog","Sat Mar 07 20:42:48 UTC 2026","passed","Sat Mar 07 20:42:49 UTC 2026","","","",""
"","42","displays the value from filterParams.node_type","AssetGroupEdit","Sat Mar 07 20:40:11 UTC 2026","passed","Sat Mar 07 20:40:11 UTC 2026","","Node Type dropdown filter","",""
"Test cases for TestResources_ListAuditLogs_InvalidPredicate","0","TestResources_ListAuditLogs_InvalidPredicate","","Sat Mar 07 20:38:45 UTC 2026","passed","Sat Mar 07 20:38:45 UTC 2026","","Go Test","github.com/specterops/bloodhound/cmd/api/src/api/v2/TestResources_ListAuditLogs_InvalidPredicate","TestResources_ListAuditLogs_InvalidPredicate"
"","72","Calls the `Base` endpoint for a LocalUser type node","EntityObjectInformation","Sat Mar 07 20:41:08 UTC 2026","passed","Sat Mar 07 20:41:08 UTC 2026","","","",""
"Test cases for TestWriteBasicResponse","0","TestWriteBasicResponse","","Sat Mar 07 20:38:32 UTC 2026","passed","Sat Mar 07 20:38:32 UTC 2026","","Go Test","github.com/specterops/bloodhound/cmd/api/src/api/TestWriteBasicResponse","TestWriteBasicResponse"
"Test cases for TestParseGroupMiscData","1","TestParseGroupMiscData","","Sat Mar 07 20:39:15 UTC 2026","passed","Sat Mar 07 20:39:15 UTC 2026","","Go Test","github.com/specterops/bloodhound/packages/go/ein/TestParseGroupMiscData","TestParseGroupMiscData"
"","475","sets exploreSearchTab param to node when the user clicks the `Search` tab","ExploreSearch sets searchType on tab changing","Sat Mar 07 20:43:35 UTC 2026","passed","Sat Mar 07 20:43:36 UTC 2026","","","",""
"Test cases for TestStringValueOrZero","0","TestStringValueOrZero","","Sat Mar 07 20:38:52 UTC 2026","passed","Sat Mar 07 20:38:52 UTC 2026","","Go Test","github.com/specterops/bloodhound/cmd/api/src/database/types/null/TestStringValueOrZero","TestStringValueOrZero"
"Test cases for TestFlatMap","0","TestFlatMap","","Sat Mar 07 20:39:27 UTC 2026","passed","Sat Mar 07 20:39:27 UTC 2026","","Go Test","github.com/specterops/bloodhound/packages/go/slicesext/TestFlatMap","TestFlatMap"
"Test cases for TestUpdateAssetGroupRequest_AuditData","0","TestUpdateAssetGroupRequest_AuditData","","Sat Mar 07 20:38:45 UTC 2026","passed","Sat Mar 07 20:38:45 UTC 2026","","Go Test","github.com/specterops/bloodhound/cmd/api/src/api/v2/TestUpdateAssetGroupRequest_AuditData","TestUpdateAssetGroupRequest_AuditData"
"Test cases for TestURLJoinPathEscapesSlashes","0","TestURLJoinPathEscapesSlashes","","Sat Mar 07 20:38:32 UTC 2026","passed","Sat Mar 07 20:38:32 UTC 2026","","Go Test","github.com/specterops/bloodhound/cmd/api/src/api/TestURLJoinPathEscapesSlashes","TestURLJoinPathEscapesSlashes"
"","640","lists all available node kinds as options to filter by","AssetGroupEdit","Sat Mar 07 20:40:11 UTC 2026","passed","Sat Mar 07 20:40:12 UTC 2026","","Node Type dropdown filter","",""
"Test cases for TestManagementResource_DeleteUser_UserBhCtxNotFound","0","TestManagementResource_DeleteUser_UserBhCtxNotFound","","Sat Mar 07 20:39:01 UTC 2026","passed","Sat Mar 07 20:39:01 UTC 2026","","Go Test","github.com/specterops/bloodhound/cmd/api/src/api/v2/auth/TestManagementResource_DeleteUser_UserBhCtxNotFound","TestManagementResource_DeleteUser_UserBhCtxNotFound"
"","112","displays a table of completed ingest logs","FileIngest","Sat Mar 07 20:42:23 UTC 2026","passed","Sat Mar 07 20:42:23 UTC 2026","","","",""
"","7","returns the remaining amount of labels available for creation","useTagLimits","Sat Mar 07 20:39:37 UTC 2026","passed","Sat Mar 07 20:39:37 UTC 2026","","","",""
"","0","should handle an undefined or null entity","Evaluating the entity display name from a given entity","Sat Mar 07 20:40:08 UTC 2026","passed","Sat Mar 07 20:40:08 UTC 2026","","","",""
"","167","should render tag to Label content","TagToZoneLabelDialog","Sat Mar 07 20:41:21 UTC 2026","passed","Sat Mar 07 20:41:21 UTC 2026","","","",""
"","120","renders Label as first tab and is also the initially selected on first render in Labels View/Tab","Selected Details Tabs","Sat Mar 07 20:40:36 UTC 2026","passed","Sat Mar 07 20:40:36 UTC 2026","","Selected Details Tabs - Params present","",""
"","43","should render when search string is at the beginning of the text","HighlightedText","Sat Mar 07 20:42:29 UTC 2026","passed","Sat Mar 07 20:42:29 UTC 2026","","","",""
"","136","fires runQuery in context provider","ListItemActionMenu","Sat Mar 07 20:41:51 UTC 2026","passed","Sat Mar 07 20:41:52 UTC 2026","","","",""
"Test cases for TestFoldr","0","TestFoldr","","Sat Mar 07 20:39:27 UTC 2026","passed","Sat Mar 07 20:39:27 UTC 2026","","Go Test","github.com/specterops/bloodhound/packages/go/slicesext/TestFoldr","TestFoldr"
"Test cases for TestRequestWaitDuration","0","TestRequestWaitDuration","","Sat Mar 07 20:38:37 UTC 2026","passed","Sat Mar 07 20:38:37 UTC 2026","","Go Test","github.com/specterops/bloodhound/cmd/api/src/api/middleware/TestRequestWaitDuration","TestRequestWaitDuration"
"Test cases for TestBuildErrorResponseUnauthorized","0","TestBuildErrorResponseUnauthorized","","Sat Mar 07 20:38:32 UTC 2026","passed","Sat Mar 07 20:38:32 UTC 2026","","Go Test","github.com/specterops/bloodhound/cmd/api/src/api/TestBuildErrorResponseUnauthorized","TestBuildErrorResponseUnauthorized"
"","626","should not call onSubmit when expired password matches current password when reset password button clicked","PasswordResetForm","Sat Mar 07 20:41:01 UTC 2026","passed","Sat Mar 07 20:41:02 UTC 2026","","","",""
"Test cases for TestResources_DeleteSavedQuery_NotPublicQueryAndUserIsAdmin","0","TestResources_DeleteSavedQuery_NotPublicQueryAndUserIsAdmin","","Sat Mar 07 20:38:45 UTC 2026","passed","Sat Mar 07 20:38:45 UTC 2026","","Go Test","github.com/specterops/bloodhound/cmd/api/src/api/v2/TestResources_DeleteSavedQuery_NotPublicQueryAndUserIsAdmin","TestResources_DeleteSavedQuery_NotPublicQueryAndUserIsAdmin"
"","387","should render saml info provider","SSOProviderTable","Sat Mar 07 20:41:49 UTC 2026","passed","Sat Mar 07 20:41:50 UTC 2026","","","",""
"","50","composes search params from the search prop and use them in the link","AppLink","Sat Mar 07 20:41:37 UTC 2026","passed","Sat Mar 07 20:41:37 UTC 2026","","","",""
"","16","should not render a Field when the provided value is []","Field","Sat Mar 07 20:42:42 UTC 2026","passed","Sat Mar 07 20:42:42 UTC 2026","","","",""
"","1","filters by azure platform","filterAndSearchEnvironments","Sat Mar 07 20:39:25 UTC 2026","passed","Sat Mar 07 20:39:25 UTC 2026","","platform filters","",""
"Test cases for TestSignRequestAtInternalError","0","TestSignRequestAtInternalError","","Sat Mar 07 20:38:32 UTC 2026","passed","Sat Mar 07 20:38:32 UTC 2026","","Go Test","github.com/specterops/bloodhound/cmd/api/src/api/TestSignRequestAtInternalError","TestSignRequestAtInternalError"
"","240","sets secondarySearch=id and searchType=node when primarySearch is falsey","ContextMenu","Sat Mar 07 20:39:58 UTC 2026","passed","Sat Mar 07 20:39:58 UTC 2026","","","",""
"Test cases for TestManagementResource_GetSAMLProvider","25","TestManagementResource_GetSAMLProvider","","Sat Mar 07 20:39:18 UTC 2026","passed","Sat Mar 07 20:39:18 UTC 2026","","Go Test","github.com/specterops/bloodhound/cmd/api/src/api/v2/auth/TestManagementResource_GetSAMLProvider","TestManagementResource_GetSAMLProvider"
"","0","falls back to the default Cypher message when ruleType is undefined and seeds are required","handleError","Sat Mar 07 20:39:53 UTC 2026","passed","Sat Mar 07 20:39:53 UTC 2026","","","",""
"Test cases for TestResources_GetEnterpriseCAEntityInfo","232","TestResources_GetEnterpriseCAEntityInfo","","Sat Mar 07 20:38:45 UTC 2026","passed","Sat Mar 07 20:38:45 UTC 2026","","Go Test","github.com/specterops/bloodhound/cmd/api/src/api/v2/TestResources_GetEnterpriseCAEntityInfo","TestResources_GetEnterpriseCAEntityInfo"
"","60","correctly handles the hygiene ID with value 0 by not omitting it in the params value even though 0 is falsey","usePZQueryParams","Sat Mar 07 20:41:34 UTC 2026","passed","Sat Mar 07 20:41:34 UTC 2026","","","",""
"Test cases for TestResources_RequestAnalysis","164","TestResources_RequestAnalysis","","Sat Mar 07 20:38:45 UTC 2026","passed","Sat Mar 07 20:38:45 UTC 2026","","Go Test","github.com/specterops/bloodhound/cmd/api/src/api/v2/TestResources_RequestAnalysis","TestResources_RequestAnalysis"
"Test cases for TestResources_GetPermissionsForSavedQuery","59","TestResources_GetPermissionsForSavedQuery","","Sat Mar 07 20:38:45 UTC 2026","passed","Sat Mar 07 20:38:45 UTC 2026","","Go Test","github.com/specterops/bloodhound/cmd/api/src/api/v2/TestResources_GetPermissionsForSavedQuery","TestResources_GetPermissionsForSavedQuery"
"","55","adds a notification - checks values","AppNotifications","Sat Mar 07 20:42:02 UTC 2026","passed","Sat Mar 07 20:42:02 UTC 2026","","","",""
"","219","displays no search results message when search yields no matches","ActiveExtensionsCard","Sat Mar 07 20:39:30 UTC 2026","passed","Sat Mar 07 20:39:30 UTC 2026","","","",""
"Test cases for Test_ApplyTimeoutReduction","1","Test_ApplyTimeoutReduction","","Sat Mar 07 20:38:55 UTC 2026","passed","Sat Mar 07 20:38:55 UTC 2026","","Go Test","github.com/specterops/bloodhound/cmd/api/src/queries/Test_ApplyTimeoutReduction","Test_ApplyTimeoutReduction"
"","3","handles ISO 8601 formatted date strings and converts it into our standard date display format","Formatting string properties","Sat Mar 07 20:40:08 UTC 2026","passed","Sat Mar 07 20:40:08 UTC 2026","","","",""
"Test cases for TestSavedQueries_ValidFilters","0","TestSavedQueries_ValidFilters","","Sat Mar 07 20:38:54 UTC 2026","passed","Sat Mar 07 20:38:54 UTC 2026","","Go Test","github.com/specterops/bloodhound/cmd/api/src/model/TestSavedQueries_ValidFilters","TestSavedQueries_ValidFilters"
"","9","sets autoDisplayTable to false if query type is pathfinding","useExploreTableAutoDisplay","Sat Mar 07 20:42:13 UTC 2026","passed","Sat Mar 07 20:42:13 UTC 2026","","","",""
"","186","clears value if input is empty","ManagedDatePicker - input","Sat Mar 07 20:41:09 UTC 2026","passed","Sat Mar 07 20:41:09 UTC 2026","","","",""
"Test cases for TestIsValidContentTypeForUpload","0","TestIsValidContentTypeForUpload","","Sat Mar 07 20:38:45 UTC 2026","passed","Sat Mar 07 20:38:45 UTC 2026","","Go Test","github.com/specterops/bloodhound/cmd/api/src/api/v2/TestIsValidContentTypeForUpload","TestIsValidContentTypeForUpload"
"Test cases for TestResources_ListADGroupMembership","0","TestResources_ListADGroupMembership","","Sat Mar 07 20:38:45 UTC 2026","passed","Sat Mar 07 20:38:45 UTC 2026","","Go Test","github.com/specterops/bloodhound/cmd/api/src/api/v2/TestResources_ListADGroupMembership","TestResources_ListADGroupMembership"
"Test cases for TestCache_FillFifo","1","TestCache_FillFifo","","Sat Mar 07 20:39:14 UTC 2026","passed","Sat Mar 07 20:39:14 UTC 2026","","Go Test","github.com/specterops/bloodhound/packages/go/cache/TestCache_FillFifo","TestCache_FillFifo"
"","300","renders","ObjectsAccordion","Sat Mar 07 20:41:26 UTC 2026","passed","Sat Mar 07 20:41:27 UTC 2026","","","",""
"","201","displays a Filters button","FileIngest","Sat Mar 07 20:42:23 UTC 2026","passed","Sat Mar 07 20:42:23 UTC 2026","","","",""
"","511","should display Environmental Targeted Access Control panel when showEnvironmentAccessControls prop is true and read-only role is selected","UpdateUserForm","Sat Mar 07 20:39:21 UTC 2026","passed","Sat Mar 07 20:39:21 UTC 2026","","","",""
"Test cases for TestGetPlatformAggregateStats_Failure","1","TestGetPlatformAggregateStats_Failure","","Sat Mar 07 20:38:45 UTC 2026","passed","Sat Mar 07 20:38:45 UTC 2026","","Go Test","github.com/specterops/bloodhound/cmd/api/src/api/v2/TestGetPlatformAggregateStats_Failure","TestGetPlatformAggregateStats_Failure"
"Test cases for TestTextUnmarshalString","0","TestTextUnmarshalString","","Sat Mar 07 20:38:52 UTC 2026","passed","Sat Mar 07 20:38:52 UTC 2026","","Go Test","github.com/specterops/bloodhound/cmd/api/src/database/types/null/TestTextUnmarshalString","TestTextUnmarshalString"
"","738","should display generate/revoke api tokens button","Api Keys","Sat Mar 07 20:41:55 UTC 2026","passed","Sat Mar 07 20:41:56 UTC 2026","","","",""
"Test cases for TestTypes_Scan_InvalidInput","1","TestTypes_Scan_InvalidInput","","Sat Mar 07 20:38:52 UTC 2026","passed","Sat Mar 07 20:38:52 UTC 2026","","Go Test","github.com/specterops/bloodhound/cmd/api/src/database/types/TestTypes_Scan_InvalidInput","TestTypes_Scan_InvalidInput"
"","1","filters by high risk level","filterAndSearchEnvironments","Sat Mar 07 20:39:25 UTC 2026","passed","Sat Mar 07 20:39:25 UTC 2026","","risk filters","",""
"","1","floors DateTime objects to the nearest minute","floorToNearestMinute","Sat Mar 07 20:42:31 UTC 2026","passed","Sat Mar 07 20:42:31 UTC 2026","","","",""
"Test cases for TestFloatScan","0","TestFloatScan","","Sat Mar 07 20:38:52 UTC 2026","passed","Sat Mar 07 20:38:52 UTC 2026","","Go Test","github.com/specterops/bloodhound/cmd/api/src/database/types/null/TestFloatScan","TestFloatScan"
"","355","clears the applied filter","FileIngestFilterDialog","Sat Mar 07 20:39:55 UTC 2026","passed","Sat Mar 07 20:39:56 UTC 2026","","User Select","",""
"Test cases for TestIntEqual","0","TestIntEqual","","Sat Mar 07 20:38:52 UTC 2026","passed","Sat Mar 07 20:38:52 UTC 2026","","Go Test","github.com/specterops/bloodhound/cmd/api/src/database/types/null/TestIntEqual","TestIntEqual"
"Test cases for TestResources_DeleteAssetGroupSelector","0","TestResources_DeleteAssetGroupSelector","","Sat Mar 07 20:38:45 UTC 2026","passed","Sat Mar 07 20:38:45 UTC 2026","","Go Test","github.com/specterops/bloodhound/cmd/api/src/api/v2/TestResources_DeleteAssetGroupSelector","TestResources_DeleteAssetGroupSelector"
"Test cases for TestUnmarshalFloat","0","TestUnmarshalFloat","","Sat Mar 07 20:38:52 UTC 2026","passed","Sat Mar 07 20:38:52 UTC 2026","","Go Test","github.com/specterops/bloodhound/cmd/api/src/database/types/null/TestUnmarshalFloat","TestUnmarshalFloat"
"","0","should ignore case when filtering","OperationsFilterPlugin","Sat Mar 07 20:43:11 UTC 2026","passed","Sat Mar 07 20:43:11 UTC 2026","","","",""
"","0","filters by multiple risk levels","filterAndSearchEnvironments","Sat Mar 07 20:39:25 UTC 2026","passed","Sat Mar 07 20:39:25 UTC 2026","","risk filters","",""
"Test cases for TestManagementResource_ListAuthTokens_Admin","1","TestManagementResource_ListAuthTokens_Admin","","Sat Mar 07 20:39:06 UTC 2026","passed","Sat Mar 07 20:39:06 UTC 2026","","Go Test","github.com/specterops/bloodhound/cmd/api/src/api/v2/auth/TestManagementResource_ListAuthTokens_Admin","TestManagementResource_ListAuthTokens_Admin"
"Test cases for TestHandleDatabaseErrorNotFound","0","TestHandleDatabaseErrorNotFound","","Sat Mar 07 20:38:32 UTC 2026","passed","Sat Mar 07 20:38:32 UTC 2026","","Go Test","github.com/specterops/bloodhound/cmd/api/src/api/TestHandleDatabaseErrorNotFound","TestHandleDatabaseErrorNotFound"
"","59","returns a list of the users current permissions","usePermissions","Sat Mar 07 20:40:16 UTC 2026","passed","Sat Mar 07 20:40:16 UTC 2026","","","",""
"","167","renders the card with title and search input","ActiveExtensionsCard","Sat Mar 07 20:39:29 UTC 2026","passed","Sat Mar 07 20:39:29 UTC 2026","","","",""
"","204","Verify Vault Reader count is the count returned by All Readers","EntityInfoDataTable","Sat Mar 07 20:40:20 UTC 2026","passed","Sat Mar 07 20:40:20 UTC 2026","","Node count for Vault Readers nested table","",""
"","1201","should display all available SSO providers","CreateUserDialog","Sat Mar 07 20:39:40 UTC 2026","passed","Sat Mar 07 20:39:42 UTC 2026","","","",""
"","340","does fires TagToLabelDialog when the Label option is clicked","TagToZoneLabel","Sat Mar 07 20:39:23 UTC 2026","passed","Sat Mar 07 20:39:23 UTC 2026","","","",""
"","1","filters by name search (case insensitive)","filterAndSearchEnvironments","Sat Mar 07 20:39:25 UTC 2026","passed","Sat Mar 07 20:39:25 UTC 2026","","search filter","",""
"Test cases for TestManagementResource_DeleteUser_DeleteUserError","703","TestManagementResource_DeleteUser_DeleteUserError","","Sat Mar 07 20:39:02 UTC 2026","passed","Sat Mar 07 20:39:03 UTC 2026","","Go Test","github.com/specterops/bloodhound/cmd/api/src/api/v2/auth/TestManagementResource_DeleteUser_DeleteUserError","TestManagementResource_DeleteUser_DeleteUserError"
"","644","opens and closes the filter","FileIngestFilterDialog","Sat Mar 07 20:39:51 UTC 2026","passed","Sat Mar 07 20:39:52 UTC 2026","","","",""
"Test cases for TestManagementResource_ListRoles_InvalidColumn","0","TestManagementResource_ListRoles_InvalidColumn","","Sat Mar 07 20:38:50 UTC 2026","passed","Sat Mar 07 20:38:50 UTC 2026","","Go Test","github.com/specterops/bloodhound/cmd/api/src/api/v2/auth/TestManagementResource_ListRoles_InvalidColumn","TestManagementResource_ListRoles_InvalidColumn"
"Test cases for TestGetADDataQualityStats_Failure","0","TestGetADDataQualityStats_Failure","","Sat Mar 07 20:38:45 UTC 2026","passed","Sat Mar 07 20:38:45 UTC 2026","","Go Test","github.com/specterops/bloodhound/cmd/api/src/api/v2/TestGetADDataQualityStats_Failure","TestGetADDataQualityStats_Failure"
"","159","calls setExploreParams with only the expandedSection label when selecting any accordion that is not composition","EdgeInfoContent","Sat Mar 07 20:39:29 UTC 2026","passed","Sat Mar 07 20:39:29 UTC 2026","","EdgeInfoContent support for Deep Linking","",""
"Test cases for TestRequiredValidator","0","TestRequiredValidator","","Sat Mar 07 20:39:10 UTC 2026","passed","Sat Mar 07 20:39:10 UTC 2026","","Go Test","github.com/specterops/bloodhound/cmd/api/src/utils/validation/TestRequiredValidator","TestRequiredValidator"
"Test cases for TestArgon2_ParseDigest","0","TestArgon2_ParseDigest","","Sat Mar 07 20:39:15 UTC 2026","passed","Sat Mar 07 20:39:15 UTC 2026","","Go Test","github.com/specterops/bloodhound/packages/go/crypto/TestArgon2_ParseDigest","TestArgon2_ParseDigest"
"Test cases for TestManagementResource_ListRoles","0","TestManagementResource_ListRoles","","Sat Mar 07 20:38:50 UTC 2026","passed","Sat Mar 07 20:38:50 UTC 2026","","Go Test","github.com/specterops/bloodhound/cmd/api/src/api/v2/auth/TestManagementResource_ListRoles","TestManagementResource_ListRoles"
"Test cases for TestManagementResource_UpdateOIDCProvider","1","TestManagementResource_UpdateOIDCProvider","","Sat Mar 07 20:39:18 UTC 2026","passed","Sat Mar 07 20:39:18 UTC 2026","","Go Test","github.com/specterops/bloodhound/cmd/api/src/api/v2/auth/TestManagementResource_UpdateOIDCProvider","TestManagementResource_UpdateOIDCProvider"
"Test cases for TestTimeExactEqual","0","TestTimeExactEqual","","Sat Mar 07 20:38:52 UTC 2026","passed","Sat Mar 07 20:38:52 UTC 2026","","Go Test","github.com/specterops/bloodhound/cmd/api/src/database/types/null/TestTimeExactEqual","TestTimeExactEqual"
"Test cases for TestConvertAzureRoleEligibilityScheduleInstanceToRel","0","TestConvertAzureRoleEligibilityScheduleInstanceToRel","","Sat Mar 07 20:39:15 UTC 2026","passed","Sat Mar 07 20:39:15 UTC 2026","","Go Test","github.com/specterops/bloodhound/packages/go/ein/TestConvertAzureRoleEligibilityScheduleInstanceToRel","TestConvertAzureRoleEligibilityScheduleInstanceToRel"
"Test cases for TestDisenrollMFA_Admin_Success","2919","TestDisenrollMFA_Admin_Success","","Sat Mar 07 20:39:09 UTC 2026","passed","Sat Mar 07 20:39:12 UTC 2026","","Go Test","github.com/specterops/bloodhound/cmd/api/src/api/v2/auth/TestDisenrollMFA_Admin_Success","TestDisenrollMFA_Admin_Success"
"","7","should not render a Field when the provided value is """"","Field","Sat Mar 07 20:42:42 UTC 2026","passed","Sat Mar 07 20:42:42 UTC 2026","","","",""
"","67","calls setSelected with correct data on click","NoteCell component","Sat Mar 07 20:41:59 UTC 2026","passed","Sat Mar 07 20:41:59 UTC 2026","","","",""
"","0","fails for password shorter than 12 characters","testPassword","Sat Mar 07 20:43:07 UTC 2026","passed","Sat Mar 07 20:43:07 UTC 2026","","","",""
"Test cases for TestResources_CreateSavedQuery_DuplicateName","2","TestResources_CreateSavedQuery_DuplicateName","","Sat Mar 07 20:38:45 UTC 2026","passed","Sat Mar 07 20:38:45 UTC 2026","","Go Test","github.com/specterops/bloodhound/cmd/api/src/api/v2/TestResources_CreateSavedQuery_DuplicateName","TestResources_CreateSavedQuery_DuplicateName"
"Test cases for TestDisenrollMFA_Admin_FailureIncorrectPassword","2671","TestDisenrollMFA_Admin_FailureIncorrectPassword","","Sat Mar 07 20:39:13 UTC 2026","passed","Sat Mar 07 20:39:15 UTC 2026","","Go Test","github.com/specterops/bloodhound/cmd/api/src/api/v2/auth/TestDisenrollMFA_Admin_FailureIncorrectPassword","TestDisenrollMFA_Admin_FailureIncorrectPassword"
"","362","sets exploreSearchTab param to pathfinding when the user clicks the `pathfinding` tab","ExploreSearch sets searchType on tab changing","Sat Mar 07 20:43:36 UTC 2026","passed","Sat Mar 07 20:43:36 UTC 2026","","","",""
"Test cases for TestResources_ListADUserSessions","3","TestResources_ListADUserSessions","","Sat Mar 07 20:38:45 UTC 2026","passed","Sat Mar 07 20:38:45 UTC 2026","","Go Test","github.com/specterops/bloodhound/cmd/api/src/api/v2/TestResources_ListADUserSessions","TestResources_ListADUserSessions"
"Test cases for Test_parseAuthorizationHeader","0","Test_parseAuthorizationHeader","","Sat Mar 07 20:38:37 UTC 2026","passed","Sat Mar 07 20:38:37 UTC 2026","","Go Test","github.com/specterops/bloodhound/cmd/api/src/api/middleware/Test_parseAuthorizationHeader","Test_parseAuthorizationHeader"
"Test cases for TestResources_ListADEntityAdminRights","0","TestResources_ListADEntityAdminRights","","Sat Mar 07 20:38:45 UTC 2026","passed","Sat Mar 07 20:38:45 UTC 2026","","Go Test","github.com/specterops/bloodhound/cmd/api/src/api/v2/TestResources_ListADEntityAdminRights","TestResources_ListADEntityAdminRights"
"","163","displays the label for each result","SearchCurrentNodes","Sat Mar 07 20:41:31 UTC 2026","passed","Sat Mar 07 20:41:31 UTC 2026","","","",""
"","10","removes a notification","AppNotifications","Sat Mar 07 20:42:02 UTC 2026","passed","Sat Mar 07 20:42:02 UTC 2026","","","",""
"","27","renders a preview version by default","PrivilegeZonesCypherEditor Search component for Zone Management","Sat Mar 07 20:42:11 UTC 2026","passed","Sat Mar 07 20:42:11 UTC 2026","","","",""
"","509","displays a warning dialog when mounted","EarlyAccessFeatures","Sat Mar 07 20:43:52 UTC 2026","passed","Sat Mar 07 20:43:53 UTC 2026","","","",""
"Test cases for TestResources_DeleteSavedQueryPermissions","2","TestResources_DeleteSavedQueryPermissions","","Sat Mar 07 20:38:45 UTC 2026","passed","Sat Mar 07 20:38:45 UTC 2026","","Go Test","github.com/specterops/bloodhound/cmd/api/src/api/v2/TestResources_DeleteSavedQueryPermissions","TestResources_DeleteSavedQueryPermissions"
"Test cases for TestUnmarshalString","0","TestUnmarshalString","","Sat Mar 07 20:38:52 UTC 2026","passed","Sat Mar 07 20:38:52 UTC 2026","","Go Test","github.com/specterops/bloodhound/cmd/api/src/database/types/null/TestUnmarshalString","TestUnmarshalString"
"Test cases for Test_filterNodesToSearchResult_filterEnvironments","0","Test_filterNodesToSearchResult_filterEnvironments","","Sat Mar 07 20:38:55 UTC 2026","passed","Sat Mar 07 20:38:55 UTC 2026","","Go Test","github.com/specterops/bloodhound/cmd/api/src/queries/Test_filterNodesToSearchResult_filterEnvironments","Test_filterNodesToSearchResult_filterEnvironments"
"TestMigrator_GenerateManifestAfterVersion builds upon the GenerateManifest testby starting from different version points and spot checking migration counts.","0","TestMigrator_GenerateManifestAfterVersion","","Sat Mar 07 20:38:52 UTC 2026","passed","Sat Mar 07 20:38:52 UTC 2026","","Go Test","github.com/specterops/bloodhound/cmd/api/src/database/migration/TestMigrator_GenerateManifestAfterVersion","TestMigrator_GenerateManifestAfterVersion"
"Test cases for TestManagementResource_ListPermissions","0","TestManagementResource_ListPermissions","","Sat Mar 07 20:38:50 UTC 2026","passed","Sat Mar 07 20:38:50 UTC 2026","","Go Test","github.com/specterops/bloodhound/cmd/api/src/api/v2/auth/TestManagementResource_ListPermissions","TestManagementResource_ListPermissions"
"","96","renders an input box","SearchBar","Sat Mar 07 20:42:58 UTC 2026","passed","Sat Mar 07 20:42:58 UTC 2026","","","",""
"","481","clears applied filters when clicking the Clear button","Privilege Zones History Filter Dialog","Sat Mar 07 20:40:54 UTC 2026","passed","Sat Mar 07 20:40:55 UTC 2026","","","",""
"Test cases for TestMarshalString","0","TestMarshalString","","Sat Mar 07 20:38:52 UTC 2026","passed","Sat Mar 07 20:38:52 UTC 2026","","Go Test","github.com/specterops/bloodhound/cmd/api/src/database/types/null/TestMarshalString","TestMarshalString"
"Test cases for TestResources_ExportSavedQuery","43","TestResources_ExportSavedQuery","","Sat Mar 07 20:38:45 UTC 2026","passed","Sat Mar 07 20:38:45 UTC 2026","","Go Test","github.com/specterops/bloodhound/cmd/api/src/api/v2/TestResources_ExportSavedQuery","TestResources_ExportSavedQuery"
"","145","fires onSelect prop when a result is clicked","SearchCurrentNodes","Sat Mar 07 20:41:31 UTC 2026","passed","Sat Mar 07 20:41:31 UTC 2026","","","",""
"","426","should not call onSubmit when expired password is not supplied when reset password button clicked","PasswordResetForm","Sat Mar 07 20:41:01 UTC 2026","passed","Sat Mar 07 20:41:01 UTC 2026","","","",""
"Test cases for TestGC_NewDataPruningDaemon","0","TestGC_NewDataPruningDaemon","","Sat Mar 07 20:38:50 UTC 2026","passed","Sat Mar 07 20:38:50 UTC 2026","","Go Test","github.com/specterops/bloodhound/cmd/api/src/daemons/gc/TestGC_NewDataPruningDaemon","TestGC_NewDataPruningDaemon"
"","270","On unsuccessful upload, notifies with an error and displays a retry button","SchemaUploadDialog","Sat Mar 07 20:41:12 UTC 2026","passed","Sat Mar 07 20:41:12 UTC 2026","","","",""
"Test cases for TestParseKinds","0","TestParseKinds","","Sat Mar 07 20:39:11 UTC 2026","passed","Sat Mar 07 20:39:11 UTC 2026","","Go Test","github.com/specterops/bloodhound/packages/go/analysis/TestParseKinds","TestParseKinds"
"","182","closes the dialog when the ""Cancel"" button is clicked","SchemaUploadDialog","Sat Mar 07 20:41:11 UTC 2026","passed","Sat Mar 07 20:41:12 UTC 2026","","","",""
"Test cases for Test_setRawValue","1","Test_setRawValue","","Sat Mar 07 20:38:48 UTC 2026","passed","Sat Mar 07 20:38:48 UTC 2026","","Go Test","github.com/specterops/bloodhound/cmd/api/src/config/Test_setRawValue","Test_setRawValue"
"Test cases for TestManagementResource_UpdateUser_DBError","725","TestManagementResource_UpdateUser_DBError","","Sat Mar 07 20:39:01 UTC 2026","passed","Sat Mar 07 20:39:01 UTC 2026","","Go Test","github.com/specterops/bloodhound/cmd/api/src/api/v2/auth/TestManagementResource_UpdateUser_DBError","TestManagementResource_UpdateUser_DBError"
"","180","can render","ExploreSearchCombobox","Sat Mar 07 20:40:14 UTC 2026","passed","Sat Mar 07 20:40:15 UTC 2026","","","",""
"Test cases for TestResources_EndIngestJob","104","TestResources_EndIngestJob","","Sat Mar 07 20:38:45 UTC 2026","passed","Sat Mar 07 20:38:45 UTC 2026","","Go Test","github.com/specterops/bloodhound/cmd/api/src/api/v2/TestResources_EndIngestJob","TestResources_EndIngestJob"
"","12","when there is no ID in the URL and no tags available, no ID is returned (it is undefined)","usePZQueryParams","Sat Mar 07 20:41:34 UTC 2026","passed","Sat Mar 07 20:41:34 UTC 2026","","","",""
"Test cases for TestMarshalFloatText","0","TestMarshalFloatText","","Sat Mar 07 20:38:52 UTC 2026","passed","Sat Mar 07 20:38:52 UTC 2026","","Go Test","github.com/specterops/bloodhound/cmd/api/src/database/types/null/TestMarshalFloatText","TestMarshalFloatText"
"","2231","should allow user to create new SAML provder and then display it in the table","SSOConfiguration","Sat Mar 07 20:40:05 UTC 2026","passed","Sat Mar 07 20:40:07 UTC 2026","","","",""
"Test cases for TestDefineSID","0","TestDefineSID","","Sat Mar 07 20:39:12 UTC 2026","passed","Sat Mar 07 20:39:12 UTC 2026","","Go Test","github.com/specterops/bloodhound/packages/go/analysis/ad/wellknown/TestDefineSID","TestDefineSID"
"Test cases for TestCreateUser_FailureDuplicateEmail","1244","TestCreateUser_FailureDuplicateEmail","","Sat Mar 07 20:38:50 UTC 2026","passed","Sat Mar 07 20:38:51 UTC 2026","","Go Test","github.com/specterops/bloodhound/cmd/api/src/api/v2/auth/TestCreateUser_FailureDuplicateEmail","TestCreateUser_FailureDuplicateEmail"
"","1","filters by moderate risk level","filterAndSearchEnvironments","Sat Mar 07 20:39:25 UTC 2026","passed","Sat Mar 07 20:39:25 UTC 2026","","risk filters","",""
"","141","renders details for a selected zone","DynamicDetails","Sat Mar 07 20:40:28 UTC 2026","passed","Sat Mar 07 20:40:28 UTC 2026","","","",""
"","217","should disable Cancel and Save buttons while isLoading is true","UpdateUserDialog","Sat Mar 07 20:39:44 UTC 2026","passed","Sat Mar 07 20:39:44 UTC 2026","","","",""
"","141","should render all of the options as checkboxes","Checkbox group","Sat Mar 07 20:42:55 UTC 2026","passed","Sat Mar 07 20:42:55 UTC 2026","","","",""
"","208","Trying to view the edge info does not crash the app when selecting an unrecognized edge","EdgeInfoContent","Sat Mar 07 20:39:28 UTC 2026","passed","Sat Mar 07 20:39:28 UTC 2026","","","",""
"","28","should display hidden node label for hidden node","EntityInfoHeader","Sat Mar 07 20:41:43 UTC 2026","passed","Sat Mar 07 20:41:43 UTC 2026","","","",""
"","2","determines glyphs with the tier_managent_engine feature flag disabled","getNodeGlyphs","Sat Mar 07 20:43:45 UTC 2026","passed","Sat Mar 07 20:43:45 UTC 2026","","","",""
"","49","returns when zone limit is reached","useTagLimits","Sat Mar 07 20:39:37 UTC 2026","passed","Sat Mar 07 20:39:37 UTC 2026","","","",""
"Test cases for TestBoolIsZero","0","TestBoolIsZero","","Sat Mar 07 20:38:52 UTC 2026","passed","Sat Mar 07 20:38:52 UTC 2026","","Go Test","github.com/specterops/bloodhound/cmd/api/src/database/types/null/TestBoolIsZero","TestBoolIsZero"
"","135","renders Zone as first tab and is also the initially selected on first render in Zone View/Tab","Selected Details Tabs","Sat Mar 07 20:40:36 UTC 2026","passed","Sat Mar 07 20:40:36 UTC 2026","","Selected Details Tabs - Params present","",""
"","104","should call onCancel when return to login button clicked","OneTimePasscodeForm","Sat Mar 07 20:42:27 UTC 2026","passed","Sat Mar 07 20:42:27 UTC 2026","","","",""
"","14","renders note content when currentNote is present","HistoryNotes Component","Sat Mar 07 20:42:53 UTC 2026","passed","Sat Mar 07 20:42:53 UTC 2026","","","",""
"","553","does not allow confirmation while dates are invalid","FileIngestFilterDialog","Sat Mar 07 20:39:54 UTC 2026","passed","Sat Mar 07 20:39:55 UTC 2026","","Date Range Inputs","",""
"","1751","hides the password field and removes the requirement when logged in with SSO","Users","Sat Mar 07 20:40:41 UTC 2026","passed","Sat Mar 07 20:40:42 UTC 2026","","","",""
"","177","should render action list item that handles a function","MainNav","Sat Mar 07 20:39:50 UTC 2026","passed","Sat Mar 07 20:39:50 UTC 2026","","","",""
"Test cases for TestResources_GetSavedQuery","45","TestResources_GetSavedQuery","","Sat Mar 07 20:38:45 UTC 2026","passed","Sat Mar 07 20:38:45 UTC 2026","","Go Test","github.com/specterops/bloodhound/cmd/api/src/api/v2/TestResources_GetSavedQuery","TestResources_GetSavedQuery"
"Test cases for TestResources_CreateSavedQuery_InvalidBody","1","TestResources_CreateSavedQuery_InvalidBody","","Sat Mar 07 20:38:45 UTC 2026","passed","Sat Mar 07 20:38:45 UTC 2026","","Go Test","github.com/specterops/bloodhound/cmd/api/src/api/v2/TestResources_CreateSavedQuery_InvalidBody","TestResources_CreateSavedQuery_InvalidBody"
"Test cases for TestResources_ListADDomainForeignUsers","0","TestResources_ListADDomainForeignUsers","","Sat Mar 07 20:38:45 UTC 2026","passed","Sat Mar 07 20:38:45 UTC 2026","","Go Test","github.com/specterops/bloodhound/cmd/api/src/api/v2/TestResources_ListADDomainForeignUsers","TestResources_ListADDomainForeignUsers"
"","157","renders with the Export and Delete buttons disabled","QuerySearchFilter","Sat Mar 07 20:41:31 UTC 2026","passed","Sat Mar 07 20:41:31 UTC 2026","","","",""
"Test cases for TestResources_SearchAssetGroupTags","5","TestResources_SearchAssetGroupTags","","Sat Mar 07 20:38:45 UTC 2026","passed","Sat Mar 07 20:38:45 UTC 2026","","Go Test","github.com/specterops/bloodhound/cmd/api/src/api/v2/TestResources_SearchAssetGroupTags","TestResources_SearchAssetGroupTags"
"","15","when password is expired and not on password reset page, redirects to password reset page","AuthenticatedRoute","Sat Mar 07 20:44:00 UTC 2026","passed","Sat Mar 07 20:44:00 UTC 2026","","","",""
"","31","should display a message to select an object","EntityInfoPanel","Sat Mar 07 20:42:18 UTC 2026","passed","Sat Mar 07 20:42:19 UTC 2026","","","",""
"Test cases for TestDomainSelectors_GetFilterCriteria_Success_Empty","0","TestDomainSelectors_GetFilterCriteria_Success_Empty","","Sat Mar 07 20:38:54 UTC 2026","passed","Sat Mar 07 20:38:54 UTC 2026","","Go Test","github.com/specterops/bloodhound/cmd/api/src/model/TestDomainSelectors_GetFilterCriteria_Success_Empty","TestDomainSelectors_GetFilterCriteria_Success_Empty"
"","61","calls getKey for each item (stable keys hook)","<DetailsAccordion />","Sat Mar 07 20:40:01 UTC 2026","passed","Sat Mar 07 20:40:01 UTC 2026","","","",""
"","115","should disable the create provider button and not display providers if the user lacks permission","SSOConfiguration","Sat Mar 07 20:40:07 UTC 2026","passed","Sat Mar 07 20:40:07 UTC 2026","","","",""
"Test cases for TestIntFrom","0","TestIntFrom","","Sat Mar 07 20:38:52 UTC 2026","passed","Sat Mar 07 20:38:52 UTC 2026","","Go Test","github.com/specterops/bloodhound/cmd/api/src/database/types/null/TestIntFrom","TestIntFrom"
"","287","renders the form for editing an existing zone","Tag Form","Sat Mar 07 20:39:13 UTC 2026","passed","Sat Mar 07 20:39:13 UTC 2026","","","",""
"","650","should allow user to configure 2fa","Enable2FADialog","Sat Mar 07 20:41:21 UTC 2026","passed","Sat Mar 07 20:41:21 UTC 2026","","","",""
"Test cases for TestContextMiddleware_InvalidWait","0","TestContextMiddleware_InvalidWait","","Sat Mar 07 20:38:37 UTC 2026","passed","Sat Mar 07 20:38:37 UTC 2026","","Go Test","github.com/specterops/bloodhound/cmd/api/src/api/middleware/TestContextMiddleware_InvalidWait","TestContextMiddleware_InvalidWait"
"","270","Toggles node and edge labels on/off depending on their existing state","GraphControls","Sat Mar 07 20:39:49 UTC 2026","passed","Sat Mar 07 20:39:49 UTC 2026","","Toggling labels","",""
"","833","should render the cypher search controls when user clicks on cypher tab","ExploreSearch rendering per tab","Sat Mar 07 20:43:34 UTC 2026","passed","Sat Mar 07 20:43:35 UTC 2026","","","",""
"","73","should display ""Password"" input","Enable2FADialog","Sat Mar 07 20:41:58 UTC 2026","passed","Sat Mar 07 20:41:58 UTC 2026","","","",""
"","15","displays CaretUp icon when the sortOrder is asc","ColumnHeaders","Sat Mar 07 20:41:16 UTC 2026","passed","Sat Mar 07 20:41:16 UTC 2026","","SortableHeader","",""
"","37","applies empty state height when no results","ActiveExtensionsCard","Sat Mar 07 20:39:30 UTC 2026","passed","Sat Mar 07 20:39:30 UTC 2026","","","",""
"Test cases for TestDatabase_checkError_OtherError","0","TestDatabase_checkError_OtherError","","Sat Mar 07 20:38:52 UTC 2026","passed","Sat Mar 07 20:38:52 UTC 2026","","Go Test","github.com/specterops/bloodhound/cmd/api/src/database/TestDatabase_checkError_OtherError","TestDatabase_checkError_OtherError"
"","147","calls onSort when clicked","ColumnHeaders","Sat Mar 07 20:41:16 UTC 2026","passed","Sat Mar 07 20:41:16 UTC 2026","","SortableHeader","",""
"Test cases for TestTenantRoles","0","TestTenantRoles","","Sat Mar 07 20:39:13 UTC 2026","passed","Sat Mar 07 20:39:13 UTC 2026","","Go Test","github.com/specterops/bloodhound/packages/go/analysis/azure/TestTenantRoles","TestTenantRoles"
"","485","clear validation error on input","ManagedDatePicker - date validation","Sat Mar 07 20:41:08 UTC 2026","passed","Sat Mar 07 20:41:08 UTC 2026","","","",""
"","182","renders an interactive version when preview is set to false","PrivilegeZonesCypherEditor Search component for Zone Management","Sat Mar 07 20:42:11 UTC 2026","passed","Sat Mar 07 20:42:11 UTC 2026","","","",""
"","54","displays a warning when there is a problem fetching the list of collectors","DownloadCollectors","Sat Mar 07 20:43:35 UTC 2026","passed","Sat Mar 07 20:43:35 UTC 2026","","","",""
"","1188","should call the setCypherQuery handler when the value in the editor changes","CypherSearch","Sat Mar 07 20:41:15 UTC 2026","passed","Sat Mar 07 20:41:16 UTC 2026","","","",""
"Test cases for TestDomainSelectors_TestIsSortable","0","TestDomainSelectors_TestIsSortable","","Sat Mar 07 20:38:54 UTC 2026","passed","Sat Mar 07 20:38:54 UTC 2026","","Go Test","github.com/specterops/bloodhound/cmd/api/src/model/TestDomainSelectors_TestIsSortable","TestDomainSelectors_TestIsSortable"
"Test cases for TestFloatIsZero","0","TestFloatIsZero","","Sat Mar 07 20:38:52 UTC 2026","passed","Sat Mar 07 20:38:52 UTC 2026","","Go Test","github.com/specterops/bloodhound/cmd/api/src/database/types/null/TestFloatIsZero","TestFloatIsZero"
"Test cases for TestResources_GetAssetGroupTagSelectors","0","TestResources_GetAssetGroupTagSelectors","","Sat Mar 07 20:38:45 UTC 2026","passed","Sat Mar 07 20:38:45 UTC 2026","","Go Test","github.com/specterops/bloodhound/cmd/api/src/api/v2/TestResources_GetAssetGroupTagSelectors","TestResources_GetAssetGroupTagSelectors"
"Test cases for TestGC_Name","0","TestGC_Name","","Sat Mar 07 20:38:50 UTC 2026","passed","Sat Mar 07 20:38:50 UTC 2026","","Go Test","github.com/specterops/bloodhound/cmd/api/src/daemons/gc/TestGC_Name","TestGC_Name"
"Test cases for TestNewManifest","0","TestNewManifest","","Sat Mar 07 20:38:52 UTC 2026","passed","Sat Mar 07 20:38:52 UTC 2026","","Go Test","github.com/specterops/bloodhound/cmd/api/src/database/migration/TestNewManifest","TestNewManifest"
"","262","should render","NoDataDialog","Sat Mar 07 20:43:04 UTC 2026","passed","Sat Mar 07 20:43:05 UTC 2026","","","",""
"","488","when an `inputValue` is provided it eventually displays a list of search results","ExploreSearchCombobox","Sat Mar 07 20:40:15 UTC 2026","passed","Sat Mar 07 20:40:15 UTC 2026","","","",""
"Test cases for TestAuditLogin_UserNotFound","0","TestAuditLogin_UserNotFound","","Sat Mar 07 20:38:32 UTC 2026","passed","Sat Mar 07 20:38:32 UTC 2026","","Go Test","github.com/specterops/bloodhound/cmd/api/src/api/TestAuditLogin_UserNotFound","TestAuditLogin_UserNotFound"
"","0","returns fallback Cypher message when ruleType is undefined and seeds are required","getErrorMessage","Sat Mar 07 20:39:53 UTC 2026","passed","Sat Mar 07 20:39:53 UTC 2026","","","",""
"Test cases for TestInt64From","0","TestInt64From","","Sat Mar 07 20:38:52 UTC 2026","passed","Sat Mar 07 20:38:52 UTC 2026","","Go Test","github.com/specterops/bloodhound/cmd/api/src/database/types/null/TestInt64From","TestInt64From"
"","0","returns paramValue as EnvironmentAggregation if paramValue is azure","useEnvironmentParams","Sat Mar 07 20:43:06 UTC 2026","passed","Sat Mar 07 20:43:06 UTC 2026","","parseEnvironmentAggregation","",""
"","52","renders highlight for the active tag","SelectedHighlight","Sat Mar 07 20:42:21 UTC 2026","passed","Sat Mar 07 20:42:21 UTC 2026","","","",""
"","7","shows ""no permission"" notification if lacking permission","useFinishedJobs","Sat Mar 07 20:40:52 UTC 2026","passed","Sat Mar 07 20:40:52 UTC 2026","","","",""
"","583","should sort by type","SSOProviderTable","Sat Mar 07 20:41:54 UTC 2026","passed","Sat Mar 07 20:41:54 UTC 2026","","","",""
"Test cases for TestWriteAndValidateJSON","2","TestWriteAndValidateJSON","","Sat Mar 07 20:38:59 UTC 2026","passed","Sat Mar 07 20:38:59 UTC 2026","","Go Test","github.com/specterops/bloodhound/cmd/api/src/services/upload/TestWriteAndValidateJSON","TestWriteAndValidateJSON"
"","60","has no checked boxes by default","SourceKindsCheckboxes","Sat Mar 07 20:40:46 UTC 2026","passed","Sat Mar 07 20:40:47 UTC 2026","","","",""
"","182","has the correct value for the links in the breadcrumbs","Create Update pages","Sat Mar 07 20:42:26 UTC 2026","passed","Sat Mar 07 20:42:26 UTC 2026","","","",""
"","115","buttons are disabled while loading","LoginForm","Sat Mar 07 20:42:35 UTC 2026","passed","Sat Mar 07 20:42:35 UTC 2026","","","",""
"","673","clicking checkbox will remove error if present","DatabaseManagement","Sat Mar 07 20:43:42 UTC 2026","passed","Sat Mar 07 20:43:43 UTC 2026","","","",""
"","155","renders the form for creating a new label","Tag Form","Sat Mar 07 20:39:13 UTC 2026","passed","Sat Mar 07 20:39:13 UTC 2026","","","",""
"Test cases for TestResources_UpdateAssetGroupSelectors_SuccessT0","0","TestResources_UpdateAssetGroupSelectors_SuccessT0","","Sat Mar 07 20:38:45 UTC 2026","passed","Sat Mar 07 20:38:45 UTC 2026","","Go Test","github.com/specterops/bloodhound/cmd/api/src/api/v2/TestResources_UpdateAssetGroupSelectors_SuccessT0","TestResources_UpdateAssetGroupSelectors_SuccessT0"
"","107","should fire Confirm once with true","ConfirmationDialog","Sat Mar 07 20:42:58 UTC 2026","passed","Sat Mar 07 20:42:58 UTC 2026","","","",""
"Test cases for TestInt64Equal","0","TestInt64Equal","","Sat Mar 07 20:38:52 UTC 2026","passed","Sat Mar 07 20:38:52 UTC 2026","","Go Test","github.com/specterops/bloodhound/cmd/api/src/database/types/null/TestInt64Equal","TestInt64Equal"
"","288","filling in the name value allows updating the selector and navigates back to the details page","Tag Form","Sat Mar 07 20:39:14 UTC 2026","passed","Sat Mar 07 20:39:15 UTC 2026","","","",""
"","66","populates the source and destination node fields when query params are passed","usePathfindingSearch","Sat Mar 07 20:40:59 UTC 2026","passed","Sat Mar 07 20:41:00 UTC 2026","","","",""
"","140","does not make feature-flag request if user is not fully authenticated","app","Sat Mar 07 20:44:01 UTC 2026","passed","Sat Mar 07 20:44:01 UTC 2026","","<Inner />","",""
"","372","should render list of available SSO providers","LoginViaSSOForm","Sat Mar 07 20:41:46 UTC 2026","passed","Sat Mar 07 20:41:46 UTC 2026","","","",""
"","183","opens and closes the dialog with the cancel button","Tag Form","Sat Mar 07 20:39:16 UTC 2026","passed","Sat Mar 07 20:39:16 UTC 2026","","","",""
"","1605","should display search results when the user enters text","AssetGroupEdit","Sat Mar 07 20:41:41 UTC 2026","passed","Sat Mar 07 20:41:43 UTC 2026","","","",""
"","1","takes updatedParams and current URLSearchParams and returns a function","searchParams","Sat Mar 07 20:41:48 UTC 2026","passed","Sat Mar 07 20:41:48 UTC 2026","","setSingleParamFactory","",""
"Test cases for TestTimeScanValue","0","TestTimeScanValue","","Sat Mar 07 20:38:52 UTC 2026","passed","Sat Mar 07 20:38:52 UTC 2026","","Go Test","github.com/specterops/bloodhound/cmd/api/src/database/types/null/TestTimeScanValue","TestTimeScanValue"
"Test cases for TestManagementResource_ListSAMLSignOnEndpoints","17","TestManagementResource_ListSAMLSignOnEndpoints","","Sat Mar 07 20:39:18 UTC 2026","passed","Sat Mar 07 20:39:18 UTC 2026","","Go Test","github.com/specterops/bloodhound/cmd/api/src/api/v2/auth/TestManagementResource_ListSAMLSignOnEndpoints","TestManagementResource_ListSAMLSignOnEndpoints"
"","0","returns false if arrays have different length","areArraysSimilar","Sat Mar 07 20:42:50 UTC 2026","passed","Sat Mar 07 20:42:50 UTC 2026","","","",""
"Test cases for TestResources_ListPublishedTemplates","0","TestResources_ListPublishedTemplates","","Sat Mar 07 20:38:45 UTC 2026","passed","Sat Mar 07 20:38:45 UTC 2026","","Go Test","github.com/specterops/bloodhound/cmd/api/src/api/v2/TestResources_ListPublishedTemplates","TestResources_ListPublishedTemplates"
"","46","uses the discardQueryParams prop to discard all query params on the link","AppLink","Sat Mar 07 20:41:37 UTC 2026","passed","Sat Mar 07 20:41:37 UTC 2026","","","",""
"Test cases for TestResources_UpdateSavedQuery_QueryBelongsToAnotherUser","0","TestResources_UpdateSavedQuery_QueryBelongsToAnotherUser","","Sat Mar 07 20:38:45 UTC 2026","passed","Sat Mar 07 20:38:45 UTC 2026","","Go Test","github.com/specterops/bloodhound/cmd/api/src/api/v2/TestResources_UpdateSavedQuery_QueryBelongsToAnotherUser","TestResources_UpdateSavedQuery_QueryBelongsToAnotherUser"
"","70","should redirect to nested /file-ingest route if user navigates to /","Administration","Sat Mar 07 20:44:00 UTC 2026","passed","Sat Mar 07 20:44:01 UTC 2026","","","",""
"Test cases for TestResources_DeleteSavedQuery_IDMalformed","0","TestResources_DeleteSavedQuery_IDMalformed","","Sat Mar 07 20:38:45 UTC 2026","passed","Sat Mar 07 20:38:45 UTC 2026","","Go Test","github.com/specterops/bloodhound/cmd/api/src/api/v2/TestResources_DeleteSavedQuery_IDMalformed","TestResources_DeleteSavedQuery_IDMalformed"
"","224","shows a loading state","FileIngestTable","Sat Mar 07 20:40:58 UTC 2026","passed","Sat Mar 07 20:40:58 UTC 2026","","","",""
"Test cases for TestResources_GetSearchResult","1","TestResources_GetSearchResult","","Sat Mar 07 20:38:45 UTC 2026","passed","Sat Mar 07 20:38:45 UTC 2026","","Go Test","github.com/specterops/bloodhound/cmd/api/src/api/v2/TestResources_GetSearchResult","TestResources_GetSearchResult"
"Test cases for TestIngestJobs_ValidFilters","0","TestIngestJobs_ValidFilters","","Sat Mar 07 20:38:54 UTC 2026","passed","Sat Mar 07 20:38:54 UTC 2026","","Go Test","github.com/specterops/bloodhound/cmd/api/src/model/TestIngestJobs_ValidFilters","TestIngestJobs_ValidFilters"
"Test cases for TestCache_Set","1","TestCache_Set","","Sat Mar 07 20:39:14 UTC 2026","passed","Sat Mar 07 20:39:14 UTC 2026","","Go Test","github.com/specterops/bloodhound/packages/go/cache/TestCache_Set","TestCache_Set"
"","16","when password is expired and on password reset page, no redirect occurs","AuthenticatedRoute","Sat Mar 07 20:44:00 UTC 2026","passed","Sat Mar 07 20:44:00 UTC 2026","","","",""
"Test cases for TestResources_ListADIssuancePolicyLinkedCertTemplates","183","TestResources_ListADIssuancePolicyLinkedCertTemplates","","Sat Mar 07 20:38:45 UTC 2026","passed","Sat Mar 07 20:38:45 UTC 2026","","Go Test","github.com/specterops/bloodhound/cmd/api/src/api/v2/TestResources_ListADIssuancePolicyLinkedCertTemplates","TestResources_ListADIssuancePolicyLinkedCertTemplates"
"Test cases for TestConvertOUToNode_InheritanceHashes","0","TestConvertOUToNode_InheritanceHashes","","Sat Mar 07 20:39:15 UTC 2026","passed","Sat Mar 07 20:39:15 UTC 2026","","Go Test","github.com/specterops/bloodhound/packages/go/ein/TestConvertOUToNode_InheritanceHashes","TestConvertOUToNode_InheritanceHashes"
"","66","renders citrix config controls","BloodHoundConfiguration","Sat Mar 07 20:44:14 UTC 2026","passed","Sat Mar 07 20:44:14 UTC 2026","","","",""
"Test cases for TestWriteErrorResponse_V2","0","TestWriteErrorResponse_V2","","Sat Mar 07 20:38:32 UTC 2026","passed","Sat Mar 07 20:38:32 UTC 2026","","Go Test","github.com/specterops/bloodhound/cmd/api/src/api/TestWriteErrorResponse_V2","TestWriteErrorResponse_V2"
"","2430","should close the edge filtering dialog when user clicks cancel button","EdgeFilter","Sat Mar 07 20:41:05 UTC 2026","passed","Sat Mar 07 20:41:07 UTC 2026","","","",""
"Test cases for Test_filterNodesToSearchResult_default","0","Test_filterNodesToSearchResult_default","","Sat Mar 07 20:38:55 UTC 2026","passed","Sat Mar 07 20:38:55 UTC 2026","","Go Test","github.com/specterops/bloodhound/cmd/api/src/queries/Test_filterNodesToSearchResult_default","Test_filterNodesToSearchResult_default"
"","224","calls onToggleEdgeLabels when click show all edge labels","GraphControls","Sat Mar 07 20:39:48 UTC 2026","passed","Sat Mar 07 20:39:48 UTC 2026","","Toggling labels","",""
"","142","a name value is required to submit the form","Tag Form","Sat Mar 07 20:39:14 UTC 2026","passed","Sat Mar 07 20:39:14 UTC 2026","","","",""
"","8","renders highlight only for active selector when ruleId is present","SelectedHighlight","Sat Mar 07 20:42:21 UTC 2026","passed","Sat Mar 07 20:42:21 UTC 2026","","","",""
"Copyright 2021 The Go Authors. All rights reserved.TestConcat was ripped from go1.22 source and should be replaced with the stdlib implementation when we move to 1.22Original source: https:","0","TestConcat_too_large","","Sat Mar 07 20:39:27 UTC 2026","passed","Sat Mar 07 20:39:27 UTC 2026","","Go Test","github.com/specterops/bloodhound/packages/go/slicesext/TestConcat_too_large","TestConcat_too_large"
"","55","clears selected if same note is clicked again","NoteCell component","Sat Mar 07 20:41:59 UTC 2026","passed","Sat Mar 07 20:41:59 UTC 2026","","","",""
"Test cases for Test_GetApplicationConfigurations","0","Test_GetApplicationConfigurations","","Sat Mar 07 20:38:45 UTC 2026","passed","Sat Mar 07 20:38:45 UTC 2026","","Go Test","github.com/specterops/bloodhound/cmd/api/src/api/v2/Test_GetApplicationConfigurations","Test_GetApplicationConfigurations"
"Test cases for TestManagementResource_ListPermissions_SortingError","0","TestManagementResource_ListPermissions_SortingError","","Sat Mar 07 20:38:50 UTC 2026","passed","Sat Mar 07 20:38:50 UTC 2026","","Go Test","github.com/specterops/bloodhound/cmd/api/src/api/v2/auth/TestManagementResource_ListPermissions_SortingError","TestManagementResource_ListPermissions_SortingError"
"Test cases for Test_SetApplicationConfiguration","0","Test_SetApplicationConfiguration","","Sat Mar 07 20:38:45 UTC 2026","passed","Sat Mar 07 20:38:45 UTC 2026","","Go Test","github.com/specterops/bloodhound/cmd/api/src/api/v2/Test_SetApplicationConfiguration","Test_SetApplicationConfiguration"
"","14","displays a status label","StatusIndicator","Sat Mar 07 20:43:01 UTC 2026","passed","Sat Mar 07 20:43:01 UTC 2026","","","",""
"","753","renders a button that expands the filter section","AssetGroupEdit","Sat Mar 07 20:40:10 UTC 2026","passed","Sat Mar 07 20:40:11 UTC 2026","","","",""
"","200","should call ""onCancel one time""","Enable2FADialog","Sat Mar 07 20:41:58 UTC 2026","passed","Sat Mar 07 20:41:58 UTC 2026","","user clicks ""Cancel"" button","",""
"Test cases for TestManagementResource_DeleteUser_BadUserID","0","TestManagementResource_DeleteUser_BadUserID","","Sat Mar 07 20:39:01 UTC 2026","passed","Sat Mar 07 20:39:01 UTC 2026","","Go Test","github.com/specterops/bloodhound/cmd/api/src/api/v2/auth/TestManagementResource_DeleteUser_BadUserID","TestManagementResource_DeleteUser_BadUserID"
"","633","displays a Upload Files button","FileIngest","Sat Mar 07 20:42:22 UTC 2026","passed","Sat Mar 07 20:42:23 UTC 2026","","","",""
"","2","returns paramValue if it is one of the expected values","useExploreParams","Sat Mar 07 20:43:12 UTC 2026","passed","Sat Mar 07 20:43:12 UTC 2026","","parseSearchType","",""
"Test cases for TestDatabase_NullUUID","0","TestDatabase_NullUUID","","Sat Mar 07 20:38:52 UTC 2026","passed","Sat Mar 07 20:38:52 UTC 2026","","Go Test","github.com/specterops/bloodhound/cmd/api/src/database/TestDatabase_NullUUID","TestDatabase_NullUUID"
"Test cases for TestManagementResource_ListSAMLProviders","25","TestManagementResource_ListSAMLProviders","","Sat Mar 07 20:39:18 UTC 2026","passed","Sat Mar 07 20:39:18 UTC 2026","","Go Test","github.com/specterops/bloodhound/cmd/api/src/api/v2/auth/TestManagementResource_ListSAMLProviders","TestManagementResource_ListSAMLProviders"
"Test cases for TestResources_ListADDomainContainedGroups","3","TestResources_ListADDomainContainedGroups","","Sat Mar 07 20:38:45 UTC 2026","passed","Sat Mar 07 20:38:45 UTC 2026","","Go Test","github.com/specterops/bloodhound/cmd/api/src/api/v2/TestResources_ListADDomainContainedGroups","TestResources_ListADDomainContainedGroups"
"Test cases for TestInt64Scan","0","TestInt64Scan","","Sat Mar 07 20:38:52 UTC 2026","passed","Sat Mar 07 20:38:52 UTC 2026","","Go Test","github.com/specterops/bloodhound/cmd/api/src/database/types/null/TestInt64Scan","TestInt64Scan"
"","30","when `selectedItem` is null, the combobox does not display an icon","icon rendering","Sat Mar 07 20:40:16 UTC 2026","passed","Sat Mar 07 20:40:16 UTC 2026","","","",""
"","193","calls setExploreParams with searchType and relationshipQueryItemId when selecting a composition accordion","EdgeInfoContent","Sat Mar 07 20:39:29 UTC 2026","passed","Sat Mar 07 20:39:29 UTC 2026","","EdgeInfoContent support for Deep Linking","",""
"","112","displays Force Password Reset checkbox when showNeedsPasswordReset is true","PasswordDialog","Sat Mar 07 20:39:36 UTC 2026","passed","Sat Mar 07 20:39:36 UTC 2026","","","",""
"","37","is disabled if no filters are active","AssetGroupEdit","Sat Mar 07 20:40:13 UTC 2026","passed","Sat Mar 07 20:40:13 UTC 2026","","Clear Filters button","",""
"","98","calls clickHandler when a line item is clicked","PrebuiltSearchList","Sat Mar 07 20:41:45 UTC 2026","passed","Sat Mar 07 20:41:45 UTC 2026","","","",""
"","178","renders the form for editing an existing label","Tag Form","Sat Mar 07 20:39:13 UTC 2026","passed","Sat Mar 07 20:39:14 UTC 2026","","","",""
"Test cases for TestResources_ListAuditLogs_DBError","0","TestResources_ListAuditLogs_DBError","","Sat Mar 07 20:38:45 UTC 2026","passed","Sat Mar 07 20:38:45 UTC 2026","","Go Test","github.com/specterops/bloodhound/cmd/api/src/api/v2/TestResources_ListAuditLogs_DBError","TestResources_ListAuditLogs_DBError"
"Test cases for TestManagementResource_ListUsers_DBError","0","TestManagementResource_ListUsers_DBError","","Sat Mar 07 20:38:50 UTC 2026","passed","Sat Mar 07 20:38:50 UTC 2026","","Go Test","github.com/specterops/bloodhound/cmd/api/src/api/v2/auth/TestManagementResource_ListUsers_DBError","TestManagementResource_ListUsers_DBError"
"","17","allows you to update the list of selected filters, only updating the url after calling the apply function","usePathfindingFilters","Sat Mar 07 20:42:39 UTC 2026","passed","Sat Mar 07 20:42:39 UTC 2026","","","",""
"Test cases for Test_filterNodesToSearchResult_filterEnvironmentsEmpty","0","Test_filterNodesToSearchResult_filterEnvironmentsEmpty","","Sat Mar 07 20:38:55 UTC 2026","passed","Sat Mar 07 20:38:55 UTC 2026","","Go Test","github.com/specterops/bloodhound/cmd/api/src/queries/Test_filterNodesToSearchResult_filterEnvironmentsEmpty","Test_filterNodesToSearchResult_filterEnvironmentsEmpty"
"Test cases for TestSignRequestSuccess","0","TestSignRequestSuccess","","Sat Mar 07 20:38:32 UTC 2026","passed","Sat Mar 07 20:38:32 UTC 2026","","Go Test","github.com/specterops/bloodhound/cmd/api/src/api/TestSignRequestSuccess","TestSignRequestSuccess"
"Test cases for TestBHCEStaticHandler","20","TestBHCEStaticHandler","","Sat Mar 07 20:38:38 UTC 2026","passed","Sat Mar 07 20:38:38 UTC 2026","","Go Test","github.com/specterops/bloodhound/cmd/api/src/api/static/TestBHCEStaticHandler","TestBHCEStaticHandler"
"Test cases for TestResources_GetAssetGroupMemberCount_IDMalformed","0","TestResources_GetAssetGroupMemberCount_IDMalformed","","Sat Mar 07 20:38:45 UTC 2026","passed","Sat Mar 07 20:38:45 UTC 2026","","Go Test","github.com/specterops/bloodhound/cmd/api/src/api/v2/TestResources_GetAssetGroupMemberCount_IDMalformed","TestResources_GetAssetGroupMemberCount_IDMalformed"
"Test cases for FuzzFoldlLazy","0","FuzzFoldlLazy","","Sat Mar 07 20:39:27 UTC 2026","passed","Sat Mar 07 20:39:27 UTC 2026","","Go Test","github.com/specterops/bloodhound/packages/go/slicesext/FuzzFoldlLazy","FuzzFoldlLazy"
"","1","filters by collected=false when ""no"" filter is active","filterAndSearchEnvironments","Sat Mar 07 20:39:25 UTC 2026","passed","Sat Mar 07 20:39:25 UTC 2026","","collected filters","",""
"Test cases for TestResources_GetComputerEntityInfo","0","TestResources_GetComputerEntityInfo","","Sat Mar 07 20:38:45 UTC 2026","passed","Sat Mar 07 20:38:45 UTC 2026","","Go Test","github.com/specterops/bloodhound/cmd/api/src/api/v2/TestResources_GetComputerEntityInfo","TestResources_GetComputerEntityInfo"
"Test cases for TestValidateRequestSignature","279","TestValidateRequestSignature","","Sat Mar 07 20:38:32 UTC 2026","passed","Sat Mar 07 20:38:32 UTC 2026","","Go Test","github.com/specterops/bloodhound/cmd/api/src/api/TestValidateRequestSignature","TestValidateRequestSignature"
"Test cases for TestEncodingInterface","0","TestEncodingInterface","","Sat Mar 07 20:39:14 UTC 2026","passed","Sat Mar 07 20:39:14 UTC 2026","","Go Test","github.com/specterops/bloodhound/packages/go/bomenc/TestEncodingInterface","TestEncodingInterface"
"","0","isError returns as expected based on all queries combined","queriesAreLoadingOrErrored","Sat Mar 07 20:43:06 UTC 2026","passed","Sat Mar 07 20:43:06 UTC 2026","","","",""
"","1","adds email filter if madeBy contains ""@""","createHistoryParams","Sat Mar 07 20:42:17 UTC 2026","passed","Sat Mar 07 20:42:17 UTC 2026","","","",""
"Test cases for Test_AuthMiddleware","0","Test_AuthMiddleware","","Sat Mar 07 20:38:37 UTC 2026","passed","Sat Mar 07 20:38:37 UTC 2026","","Go Test","github.com/specterops/bloodhound/cmd/api/src/api/middleware/Test_AuthMiddleware","Test_AuthMiddleware"
"","445","does not display must be new password error messages when current password is not required","PasswordDialog","Sat Mar 07 20:39:39 UTC 2026","passed","Sat Mar 07 20:39:39 UTC 2026","","","",""
"","59","when there is no ID in the URL the highest position tag ID is returned","usePZQueryParams","Sat Mar 07 20:41:34 UTC 2026","passed","Sat Mar 07 20:41:34 UTC 2026","","","",""
"Test cases for TestConvertContainerToNode_InheritanceHashes","0","TestConvertContainerToNode_InheritanceHashes","","Sat Mar 07 20:39:15 UTC 2026","passed","Sat Mar 07 20:39:15 UTC 2026","","Go Test","github.com/specterops/bloodhound/packages/go/ein/TestConvertContainerToNode_InheritanceHashes","TestConvertContainerToNode_InheritanceHashes"
"Test cases for TestQueries_BuildEntityQueryParams_DataTypeCount","0","TestQueries_BuildEntityQueryParams_DataTypeCount","","Sat Mar 07 20:38:56 UTC 2026","passed","Sat Mar 07 20:38:56 UTC 2026","","Go Test","github.com/specterops/bloodhound/cmd/api/src/queries/TestQueries_BuildEntityQueryParams_DataTypeCount","TestQueries_BuildEntityQueryParams_DataTypeCount"
"","5","returns a date string only if passed a string with a matching key","Formatting strings via formatPrimive","Sat Mar 07 20:40:08 UTC 2026","passed","Sat Mar 07 20:40:08 UTC 2026","","","",""
"","99","continue button is disabled when no SSO provider has been selected","LoginViaSSOForm","Sat Mar 07 20:41:46 UTC 2026","passed","Sat Mar 07 20:41:46 UTC 2026","","","",""
"","656","displays validation error messages when password does not match confirmation","PasswordDialog","Sat Mar 07 20:39:37 UTC 2026","passed","Sat Mar 07 20:39:38 UTC 2026","","","",""
"Test cases for TestBoolEqual","0","TestBoolEqual","","Sat Mar 07 20:38:52 UTC 2026","passed","Sat Mar 07 20:38:52 UTC 2026","","Go Test","github.com/specterops/bloodhound/cmd/api/src/database/types/null/TestBoolEqual","TestBoolEqual"
"Test cases for TestResources_ListADDomainInboundTrusts","2","TestResources_ListADDomainInboundTrusts","","Sat Mar 07 20:38:45 UTC 2026","passed","Sat Mar 07 20:38:45 UTC 2026","","Go Test","github.com/specterops/bloodhound/cmd/api/src/api/v2/TestResources_ListADDomainInboundTrusts","TestResources_ListADDomainInboundTrusts"
"","64","List Display Roles Hook is Loading","useListDisplayRoles","Sat Mar 07 20:39:54 UTC 2026","passed","Sat Mar 07 20:39:54 UTC 2026","","","",""
"","94","should display the logged in user's role","UserProfile","Sat Mar 07 20:40:21 UTC 2026","passed","Sat Mar 07 20:40:21 UTC 2026","","","",""
"Test cases for TestBoolPointer","0","TestBoolPointer","","Sat Mar 07 20:38:52 UTC 2026","passed","Sat Mar 07 20:38:52 UTC 2026","","Go Test","github.com/specterops/bloodhound/cmd/api/src/database/types/null/TestBoolPointer","TestBoolPointer"
"","0","reports an API error when there is only statusText","handleError","Sat Mar 07 20:39:53 UTC 2026","passed","Sat Mar 07 20:39:53 UTC 2026","","","",""
"","304","renders analyze now section","AnalyzeNowConfiguration","Sat Mar 07 20:40:29 UTC 2026","passed","Sat Mar 07 20:40:29 UTC 2026","","","",""
"","188","displays an error when unable to fetch data","EarlyAccessFeatures","Sat Mar 07 20:43:53 UTC 2026","passed","Sat Mar 07 20:43:53 UTC 2026","","","",""
"Test cases for TestManagementResource_GetPermission","27546","TestManagementResource_GetPermission","","Sat Mar 07 20:38:50 UTC 2026","passed","Sat Mar 07 20:39:18 UTC 2026","","Go Test","github.com/specterops/bloodhound/cmd/api/src/api/v2/auth/TestManagementResource_GetPermission","TestManagementResource_GetPermission"
"","110","initializes search tab to the exploreSearchTab on initial render","ExploreSearch sets searchType on tab changing","Sat Mar 07 20:43:37 UTC 2026","passed","Sat Mar 07 20:43:37 UTC 2026","","","",""
"Test cases for Test_UseHooks","0","Test_UseHooks","","Sat Mar 07 20:39:16 UTC 2026","passed","Sat Mar 07 20:39:16 UTC 2026","","Go Test","github.com/specterops/bloodhound/packages/go/lab/Test_UseHooks","Test_UseHooks"
"","177","clicking an enabled header toggles content (single mode)","<DetailsAccordion />","Sat Mar 07 20:40:01 UTC 2026","passed","Sat Mar 07 20:40:02 UTC 2026","","","",""
"","210","Expand button causes table to expand to full height","ExploreTable","Sat Mar 07 20:39:11 UTC 2026","passed","Sat Mar 07 20:39:11 UTC 2026","","","",""
"","2","returns undefined if graphData is undefined","normalizeGraphDataForSigma","Sat Mar 07 20:44:08 UTC 2026","passed","Sat Mar 07 20:44:08 UTC 2026","","","",""
"","47","should have a .z-nav class","MainNav","Sat Mar 07 20:39:50 UTC 2026","passed","Sat Mar 07 20:39:50 UTC 2026","","","",""
"","2","should compute normal vectors for line segments","bezier","Sat Mar 07 20:43:55 UTC 2026","passed","Sat Mar 07 20:43:55 UTC 2026","","","",""
"Test cases for TestResources_ListADGroupMembers","1","TestResources_ListADGroupMembers","","Sat Mar 07 20:38:45 UTC 2026","passed","Sat Mar 07 20:38:45 UTC 2026","","Go Test","github.com/specterops/bloodhound/cmd/api/src/api/v2/TestResources_ListADGroupMembers","TestResources_ListADGroupMembers"
"","339","should call onSubmit with one time passcode when check code button clicked","OneTimePasscodeForm","Sat Mar 07 20:42:27 UTC 2026","passed","Sat Mar 07 20:42:27 UTC 2026","","","",""
"","632","renders the Platforms dropdown and handles click event","QuerySearchFilter","Sat Mar 07 20:41:30 UTC 2026","passed","Sat Mar 07 20:41:31 UTC 2026","","","",""
"Test cases for TestResources_UpdateSavedQuery_Admin_NonPublicQuery","0","TestResources_UpdateSavedQuery_Admin_NonPublicQuery","","Sat Mar 07 20:38:45 UTC 2026","passed","Sat Mar 07 20:38:45 UTC 2026","","Go Test","github.com/specterops/bloodhound/cmd/api/src/api/v2/TestResources_UpdateSavedQuery_Admin_NonPublicQuery","TestResources_UpdateSavedQuery_Admin_NonPublicQuery"
"","23","displays a loading message while fetching extensions","ActiveExtensionsCard","Sat Mar 07 20:39:29 UTC 2026","passed","Sat Mar 07 20:39:29 UTC 2026","","","",""
"Test cases for TestResources_ListADGroupSessions","0","TestResources_ListADGroupSessions","","Sat Mar 07 20:38:45 UTC 2026","passed","Sat Mar 07 20:38:45 UTC 2026","","Go Test","github.com/specterops/bloodhound/cmd/api/src/api/v2/TestResources_ListADGroupSessions","TestResources_ListADGroupSessions"
"","7","sets autoDisplayTable to false if query type is node","useExploreTableAutoDisplay","Sat Mar 07 20:42:13 UTC 2026","passed","Sat Mar 07 20:42:13 UTC 2026","","","",""
"","48","passes data to testing component","SavedQueriesProvider","Sat Mar 07 20:42:53 UTC 2026","passed","Sat Mar 07 20:42:53 UTC 2026","","","",""
"","0","returns all collected environments when aggegation type is all","getEnvironmentAggregationIds","Sat Mar 07 20:39:25 UTC 2026","passed","Sat Mar 07 20:39:25 UTC 2026","","","",""
"","1804","requires a password to disable MFA for a user when logged in without SSO","Users","Sat Mar 07 20:40:39 UTC 2026","passed","Sat Mar 07 20:40:41 UTC 2026","","","",""
"","973","allows switching between the Zones and Labels tabs","Zone Management","Sat Mar 07 20:42:35 UTC 2026","passed","Sat Mar 07 20:42:36 UTC 2026","","","",""
"","246","The edge properties are fetched through a cypher search which includes lastseen","EdgeObjectInformation","Sat Mar 07 20:41:31 UTC 2026","passed","Sat Mar 07 20:41:31 UTC 2026","","","",""
"Test cases for TestParseClientVersion","0","TestParseClientVersion","","Sat Mar 07 20:39:09 UTC 2026","passed","Sat Mar 07 20:39:09 UTC 2026","","Go Test","github.com/specterops/bloodhound/cmd/api/src/utils/TestParseClientVersion","TestParseClientVersion"
"","78","displays ! icon when one of the Affected Object calls fail","EntityInfoDataTableGraphed","Sat Mar 07 20:40:20 UTC 2026","passed","Sat Mar 07 20:40:20 UTC 2026","","Node count for nested table that counts all sections","",""
"Test cases for TestResources_DeleteSavedQuery_UserNotAdmin","0","TestResources_DeleteSavedQuery_UserNotAdmin","","Sat Mar 07 20:38:45 UTC 2026","passed","Sat Mar 07 20:38:45 UTC 2026","","Go Test","github.com/specterops/bloodhound/cmd/api/src/api/v2/TestResources_DeleteSavedQuery_UserNotAdmin","TestResources_DeleteSavedQuery_UserNotAdmin"
"Test cases for TestResources_PatchDomain","2","TestResources_PatchDomain","","Sat Mar 07 20:38:45 UTC 2026","passed","Sat Mar 07 20:38:45 UTC 2026","","Go Test","github.com/specterops/bloodhound/cmd/api/src/api/v2/TestResources_PatchDomain","TestResources_PatchDomain"
"Test cases for TestBOMEncoding","0","TestBOMEncoding","","Sat Mar 07 20:39:14 UTC 2026","passed","Sat Mar 07 20:39:14 UTC 2026","","Go Test","github.com/specterops/bloodhound/packages/go/bomenc/TestBOMEncoding","TestBOMEncoding"
"Test cases for TestNewAuditLog","0","TestNewAuditLog","","Sat Mar 07 20:38:52 UTC 2026","passed","Sat Mar 07 20:38:52 UTC 2026","","Go Test","github.com/specterops/bloodhound/cmd/api/src/database/TestNewAuditLog","TestNewAuditLog"
"Test cases for TestSavedQueries_IsSortable","0","TestSavedQueries_IsSortable","","Sat Mar 07 20:38:54 UTC 2026","passed","Sat Mar 07 20:38:54 UTC 2026","","Go Test","github.com/specterops/bloodhound/cmd/api/src/model/TestSavedQueries_IsSortable","TestSavedQueries_IsSortable"
"","70","when session token or user are null, redirects to /login","AuthenticatedRoute","Sat Mar 07 20:44:00 UTC 2026","passed","Sat Mar 07 20:44:00 UTC 2026","","","",""
"","0","returns null if paramValue is ''","useEnvironmentParams","Sat Mar 07 20:43:06 UTC 2026","passed","Sat Mar 07 20:43:06 UTC 2026","","parseEnvironmentAggregation","",""
"","100","renders a single item when items is an object","<DetailsAccordion />","Sat Mar 07 20:40:01 UTC 2026","passed","Sat Mar 07 20:40:01 UTC 2026","","","",""
"Test cases for TestDomainSelectors_GetFilterCriteria_InvalidFilterPredicate","0","TestDomainSelectors_GetFilterCriteria_InvalidFilterPredicate","","Sat Mar 07 20:38:54 UTC 2026","passed","Sat Mar 07 20:38:54 UTC 2026","","Go Test","github.com/specterops/bloodhound/cmd/api/src/model/TestDomainSelectors_GetFilterCriteria_InvalidFilterPredicate","TestDomainSelectors_GetFilterCriteria_InvalidFilterPredicate"
"","28","should highlight main nav route when navigating to child route","Main Nav Route Highlighting","Sat Mar 07 20:39:50 UTC 2026","passed","Sat Mar 07 20:39:50 UTC 2026","","","",""
"","30","does not render count for a selected zone if prop is not set","DynamicDetails","Sat Mar 07 20:40:28 UTC 2026","passed","Sat Mar 07 20:40:28 UTC 2026","","","",""
"","443","should not allow the input to exceed the allowed length","CreateUserForm","Sat Mar 07 20:39:45 UTC 2026","passed","Sat Mar 07 20:39:45 UTC 2026","","","",""
"","1049","renders","Privilege Zones History Filter Dialog","Sat Mar 07 20:40:53 UTC 2026","passed","Sat Mar 07 20:40:54 UTC 2026","","","",""
"Test cases for TestRoleAssignments_NodesWithRolesExclusive","0","TestRoleAssignments_NodesWithRolesExclusive","","Sat Mar 07 20:39:13 UTC 2026","passed","Sat Mar 07 20:39:13 UTC 2026","","Go Test","github.com/specterops/bloodhound/packages/go/analysis/azure/TestRoleAssignments_NodesWithRolesExclusive","TestRoleAssignments_NodesWithRolesExclusive"
"Test cases for TestManagementResource_ListRoles_PredicateMismatchWithColumn","0","TestManagementResource_ListRoles_PredicateMismatchWithColumn","","Sat Mar 07 20:38:50 UTC 2026","passed","Sat Mar 07 20:38:50 UTC 2026","","Go Test","github.com/specterops/bloodhound/cmd/api/src/api/v2/auth/TestManagementResource_ListRoles_PredicateMismatchWithColumn","TestManagementResource_ListRoles_PredicateMismatchWithColumn"
"","173","displays appropriate text when there are no matches for search term","SearchCurrentNodes","Sat Mar 07 20:41:30 UTC 2026","passed","Sat Mar 07 20:41:30 UTC 2026","","","",""
"Test cases for TestUnmarshalNonIntegerNumberToInt64","0","TestUnmarshalNonIntegerNumberToInt64","","Sat Mar 07 20:38:52 UTC 2026","passed","Sat Mar 07 20:38:52 UTC 2026","","Go Test","github.com/specterops/bloodhound/cmd/api/src/database/types/null/TestUnmarshalNonIntegerNumberToInt64","TestUnmarshalNonIntegerNumberToInt64"
"Test cases for TestGetMFAActivationStatus_Success","0","TestGetMFAActivationStatus_Success","","Sat Mar 07 20:39:15 UTC 2026","passed","Sat Mar 07 20:39:15 UTC 2026","","Go Test","github.com/specterops/bloodhound/cmd/api/src/api/v2/auth/TestGetMFAActivationStatus_Success","TestGetMFAActivationStatus_Success"
"Test cases for TestURLJoinPathNoPrefix","0","TestURLJoinPathNoPrefix","","Sat Mar 07 20:38:32 UTC 2026","passed","Sat Mar 07 20:38:32 UTC 2026","","Go Test","github.com/specterops/bloodhound/cmd/api/src/api/TestURLJoinPathNoPrefix","TestURLJoinPathNoPrefix"
"","307","Selecting an edge with a Computer target node that haslaps is enabled shows correct Windows Abuse text","EdgeInfoContent","Sat Mar 07 20:39:28 UTC 2026","passed","Sat Mar 07 20:39:28 UTC 2026","","","",""
"","331","should display a ""Configure Multi-Factor Authentication"" modal","UserProfile","Sat Mar 07 20:40:22 UTC 2026","passed","Sat Mar 07 20:40:22 UTC 2026","","""Multi-Factor Authentication Enabled"" switch is enabled","",""
"Test cases for TestGenerateTOTPSecret","0","TestGenerateTOTPSecret","","Sat Mar 07 20:38:46 UTC 2026","passed","Sat Mar 07 20:38:46 UTC 2026","","Go Test","github.com/specterops/bloodhound/cmd/api/src/auth/TestGenerateTOTPSecret","TestGenerateTOTPSecret"
"Test cases for TestResources_UpdateCustomNodeKindsTest","124","TestResources_UpdateCustomNodeKindsTest","","Sat Mar 07 20:38:45 UTC 2026","passed","Sat Mar 07 20:38:45 UTC 2026","","Go Test","github.com/specterops/bloodhound/cmd/api/src/api/v2/TestResources_UpdateCustomNodeKindsTest","TestResources_UpdateCustomNodeKindsTest"
"Test cases for TestRRuleValidator","0","TestRRuleValidator","","Sat Mar 07 20:39:10 UTC 2026","passed","Sat Mar 07 20:39:10 UTC 2026","","Go Test","github.com/specterops/bloodhound/cmd/api/src/utils/validation/TestRRuleValidator","TestRRuleValidator"
"","0","filters by active-directory platform","filterAndSearchEnvironments","Sat Mar 07 20:39:25 UTC 2026","passed","Sat Mar 07 20:39:25 UTC 2026","","platform filters","",""
"","1242","renders a table if the query has NO node edges","GraphView","Sat Mar 07 20:43:52 UTC 2026","passed","Sat Mar 07 20:43:53 UTC 2026","","","",""
"Test cases for TestDurationValidator","0","TestDurationValidator","","Sat Mar 07 20:39:10 UTC 2026","passed","Sat Mar 07 20:39:10 UTC 2026","","Go Test","github.com/specterops/bloodhound/cmd/api/src/utils/validation/TestDurationValidator","TestDurationValidator"
"Test cases for TestUnique","0","TestUnique","","Sat Mar 07 20:39:27 UTC 2026","passed","Sat Mar 07 20:39:27 UTC 2026","","Go Test","github.com/specterops/bloodhound/packages/go/slicesext/TestUnique","TestUnique"
"","2","returns true if arrays are referentially equal","areArraysSimilar","Sat Mar 07 20:42:50 UTC 2026","passed","Sat Mar 07 20:42:50 UTC 2026","","","",""
"Test cases for TestManagementResource_ListAuthTokens_NonAdmin","0","TestManagementResource_ListAuthTokens_NonAdmin","","Sat Mar 07 20:39:06 UTC 2026","passed","Sat Mar 07 20:39:06 UTC 2026","","Go Test","github.com/specterops/bloodhound/cmd/api/src/api/v2/auth/TestManagementResource_ListAuthTokens_NonAdmin","TestManagementResource_ListAuthTokens_NonAdmin"
"","1","should compute coordinates along a quadratic bezier curve for a given t value","bezier","Sat Mar 07 20:43:55 UTC 2026","passed","Sat Mar 07 20:43:55 UTC 2026","","","",""
"","202","sums nested section node counts","EntityInfoDataTable","Sat Mar 07 20:40:19 UTC 2026","passed","Sat Mar 07 20:40:20 UTC 2026","","Node count for nested table that counts all sections","",""
"","105","renders enabled prop when flag is enabled","FeatureFlag","Sat Mar 07 20:42:10 UTC 2026","passed","Sat Mar 07 20:42:10 UTC 2026","","","",""
"","405","when a search result is clicked it calls `handleNodeSelected`","ExploreSearchCombobox","Sat Mar 07 20:40:15 UTC 2026","passed","Sat Mar 07 20:40:16 UTC 2026","","","",""
"","106","renders Empty when items is undefined and Empty is provided","<DetailsAccordion />","Sat Mar 07 20:40:00 UTC 2026","passed","Sat Mar 07 20:40:01 UTC 2026","","","",""
"Test cases for TestResources_ListADDomainContainedUsers","0","TestResources_ListADDomainContainedUsers","","Sat Mar 07 20:38:45 UTC 2026","passed","Sat Mar 07 20:38:45 UTC 2026","","Go Test","github.com/specterops/bloodhound/cmd/api/src/api/v2/TestResources_ListADDomainContainedUsers","TestResources_ListADDomainContainedUsers"
"","291","should display CreateUserTokenDialog","UserTokenManagementDialog","Sat Mar 07 20:41:54 UTC 2026","passed","Sat Mar 07 20:41:55 UTC 2026","","when user clicks ""Create Token"" button","",""
"","245","should fire ""onClose"" once","UserTokenManagementDialog","Sat Mar 07 20:41:54 UTC 2026","passed","Sat Mar 07 20:41:54 UTC 2026","","when user clicks ""Close"" button","",""
"Test cases for TestAddWhereClauseToNeo4jQuery_WithWhereClause","0","TestAddWhereClauseToNeo4jQuery_WithWhereClause","","Sat Mar 07 20:38:45 UTC 2026","passed","Sat Mar 07 20:38:45 UTC 2026","","Go Test","github.com/specterops/bloodhound/cmd/api/src/api/v2/TestAddWhereClauseToNeo4jQuery_WithWhereClause","TestAddWhereClauseToNeo4jQuery_WithWhereClause"
"Test cases for TestMergeNodeKinds","0","TestMergeNodeKinds","","Sat Mar 07 20:38:57 UTC 2026","passed","Sat Mar 07 20:38:57 UTC 2026","","Go Test","github.com/specterops/bloodhound/cmd/api/src/services/graphify/TestMergeNodeKinds","TestMergeNodeKinds"
"","76","indicates that filters are active","AssetGroupEdit","Sat Mar 07 20:40:11 UTC 2026","passed","Sat Mar 07 20:40:11 UTC 2026","","","",""
"","26","does not set input text if no value is given","ManagedDatePicker - value","Sat Mar 07 20:41:08 UTC 2026","passed","Sat Mar 07 20:41:08 UTC 2026","","","",""
"","1","calculates skip correctly for pageParam > 1","createHistoryParams","Sat Mar 07 20:42:17 UTC 2026","passed","Sat Mar 07 20:42:17 UTC 2026","","","",""
"","0","should return an object denoting that the property is not in the schema when it is unrecognized","validating a node property against the shared generated schema","Sat Mar 07 20:40:08 UTC 2026","passed","Sat Mar 07 20:40:08 UTC 2026","","","",""
"Test cases for TestResources_UpdateSavedQuery_NoQueryMatch","0","TestResources_UpdateSavedQuery_NoQueryMatch","","Sat Mar 07 20:38:45 UTC 2026","passed","Sat Mar 07 20:38:45 UTC 2026","","Go Test","github.com/specterops/bloodhound/cmd/api/src/api/v2/TestResources_UpdateSavedQuery_NoQueryMatch","TestResources_UpdateSavedQuery_NoQueryMatch"
"Test cases for TestSIDSuffix_String","0","TestSIDSuffix_String","","Sat Mar 07 20:39:12 UTC 2026","passed","Sat Mar 07 20:39:12 UTC 2026","","Go Test","github.com/specterops/bloodhound/packages/go/analysis/ad/wellknown/TestSIDSuffix_String","TestSIDSuffix_String"
"","6","does not return when zone limit is not reached","useTagLimits","Sat Mar 07 20:39:37 UTC 2026","passed","Sat Mar 07 20:39:37 UTC 2026","","","",""
"Test cases for Test_formatSearchResults_sorting","0","Test_formatSearchResults_sorting","","Sat Mar 07 20:38:55 UTC 2026","passed","Sat Mar 07 20:38:55 UTC 2026","","Go Test","github.com/specterops/bloodhound/cmd/api/src/queries/Test_formatSearchResults_sorting","Test_formatSearchResults_sorting"
"Test cases for TestDefineNodeName","0","TestDefineNodeName","","Sat Mar 07 20:39:12 UTC 2026","passed","Sat Mar 07 20:39:12 UTC 2026","","Go Test","github.com/specterops/bloodhound/packages/go/analysis/ad/wellknown/TestDefineNodeName","TestDefineNodeName"
"Test cases for TestGetNodeKindDisplayLabel","0","TestGetNodeKindDisplayLabel","","Sat Mar 07 20:39:11 UTC 2026","passed","Sat Mar 07 20:39:11 UTC 2026","","Go Test","github.com/specterops/bloodhound/packages/go/analysis/TestGetNodeKindDisplayLabel","TestGetNodeKindDisplayLabel"
"","195","handles removing from a non-tier-zero asset group","AssetGroupMenuItem","Sat Mar 07 20:43:35 UTC 2026","passed","Sat Mar 07 20:43:35 UTC 2026","","removing from an asset group","",""
"","102","should on clicking collapse all remove expandedPanelSections param from url and set isObjectInfoPanelOpen in context to false","EntityInfoHeader","Sat Mar 07 20:41:42 UTC 2026","passed","Sat Mar 07 20:41:43 UTC 2026","","","",""
"","246","Hides selector information if additionalSections is false","EntityInfoDataTableList","Sat Mar 07 20:41:26 UTC 2026","passed","Sat Mar 07 20:41:26 UTC 2026","","","",""
"","989","should render","ExploreSearch rendering per tab","Sat Mar 07 20:43:33 UTC 2026","passed","Sat Mar 07 20:43:34 UTC 2026","","","",""
"","182","handles adding to non-tier-zero asset group","AssetGroupMenuItem","Sat Mar 07 20:43:34 UTC 2026","passed","Sat Mar 07 20:43:34 UTC 2026","","adding to an asset group","",""
"","1020","renders asset group edit options with graph write permissions","ContextMenu","Sat Mar 07 20:43:41 UTC 2026","passed","Sat Mar 07 20:43:42 UTC 2026","","","",""
"Test cases for TestRoleAssignments_NodesWithRole","0","TestRoleAssignments_NodesWithRole","","Sat Mar 07 20:39:13 UTC 2026","passed","Sat Mar 07 20:39:13 UTC 2026","","Go Test","github.com/specterops/bloodhound/packages/go/analysis/azure/TestRoleAssignments_NodesWithRole","TestRoleAssignments_NodesWithRole"
"Test cases for TestFoldl","2","TestFoldl","","Sat Mar 07 20:39:27 UTC 2026","passed","Sat Mar 07 20:39:27 UTC 2026","","Go Test","github.com/specterops/bloodhound/packages/go/slicesext/TestFoldl","TestFoldl"
"Test cases for TestResources_ListAuditLogs_InvalidColumn","0","TestResources_ListAuditLogs_InvalidColumn","","Sat Mar 07 20:38:45 UTC 2026","passed","Sat Mar 07 20:38:45 UTC 2026","","Go Test","github.com/specterops/bloodhound/cmd/api/src/api/v2/TestResources_ListAuditLogs_InvalidColumn","TestResources_ListAuditLogs_InvalidColumn"
"","669","sets the selectedItem param and closes popper when a node is selected","GraphControls","Sat Mar 07 20:39:50 UTC 2026","passed","Sat Mar 07 20:39:51 UTC 2026","","Searching current results","",""
"Test cases for TestBoolSetValid","0","TestBoolSetValid","","Sat Mar 07 20:38:52 UTC 2026","passed","Sat Mar 07 20:38:52 UTC 2026","","Go Test","github.com/specterops/bloodhound/cmd/api/src/database/types/null/TestBoolSetValid","TestBoolSetValid"
"Test cases for TestIntIsZero","0","TestIntIsZero","","Sat Mar 07 20:38:52 UTC 2026","passed","Sat Mar 07 20:38:52 UTC 2026","","Go Test","github.com/specterops/bloodhound/cmd/api/src/database/types/null/TestIntIsZero","TestIntIsZero"
"","0","fails for password without digits","testPassword","Sat Mar 07 20:43:07 UTC 2026","passed","Sat Mar 07 20:43:07 UTC 2026","","","",""
"","60","enables correctly returning the tag associated with Tier Zero (position value of 1) from the list of tags","the useAssetGroupTags utilities","Sat Mar 07 20:39:59 UTC 2026","passed","Sat Mar 07 20:39:59 UTC 2026","","","",""
"","96","Searching for existing node type returns node properties","useFetchEntityInfo","Sat Mar 07 20:41:03 UTC 2026","passed","Sat Mar 07 20:41:03 UTC 2026","","","",""
"","0","returns false if value is {}","searchParams","Sat Mar 07 20:41:48 UTC 2026","passed","Sat Mar 07 20:41:48 UTC 2026","","isEmptyParam","",""
"","1540","""Columns"" button allows user to edit column settings","ExploreTable","Sat Mar 07 20:39:08 UTC 2026","passed","Sat Mar 07 20:39:09 UTC 2026","","","",""
"","23","returns undefined if environmentId searched for is not found","useAvailableEnvironments","Sat Mar 07 20:42:19 UTC 2026","passed","Sat Mar 07 20:42:19 UTC 2026","","useSelectedEnvironment","",""
"","372","calls setFilters when the Confirm button is clicked","Privilege Zones History Filter Dialog","Sat Mar 07 20:40:55 UTC 2026","passed","Sat Mar 07 20:40:55 UTC 2026","","","",""
"Test cases for TestSupportsETACMiddleware","1","TestSupportsETACMiddleware","","Sat Mar 07 20:38:37 UTC 2026","passed","Sat Mar 07 20:38:37 UTC 2026","","Go Test","github.com/specterops/bloodhound/cmd/api/src/api/middleware/TestSupportsETACMiddleware","TestSupportsETACMiddleware"
"","0","abbreviates numbers larger than 1000 and should not round the tenth place digit","numberFormatting","Sat Mar 07 20:42:57 UTC 2026","passed","Sat Mar 07 20:42:57 UTC 2026","","","",""
"Test cases for TestResources_CypherQuery","125","TestResources_CypherQuery","","Sat Mar 07 20:38:45 UTC 2026","passed","Sat Mar 07 20:38:45 UTC 2026","","Go Test","github.com/specterops/bloodhound/cmd/api/src/api/v2/TestResources_CypherQuery","TestResources_CypherQuery"
"","0","returns null if paramValue is not an EnvironmentAggregation","useEnvironmentParams","Sat Mar 07 20:43:06 UTC 2026","passed","Sat Mar 07 20:43:06 UTC 2026","","parseEnvironmentAggregation","",""
"Test cases for TestManagementResource_UpdateUser_DuplicateEmailError","0","TestManagementResource_UpdateUser_DuplicateEmailError","","Sat Mar 07 20:38:58 UTC 2026","passed","Sat Mar 07 20:38:58 UTC 2026","","Go Test","github.com/specterops/bloodhound/cmd/api/src/api/v2/auth/TestManagementResource_UpdateUser_DuplicateEmailError","TestManagementResource_UpdateUser_DuplicateEmailError"
"Test cases for TestModifyCookieAttribute","1","TestModifyCookieAttribute","","Sat Mar 07 20:39:10 UTC 2026","passed","Sat Mar 07 20:39:10 UTC 2026","","Go Test","github.com/specterops/bloodhound/cmd/api/src/utils/test/TestModifyCookieAttribute","TestModifyCookieAttribute"
"Test cases for TestResources_UpdateSavedQuery_OwnPublicQuery_Success","0","TestResources_UpdateSavedQuery_OwnPublicQuery_Success","","Sat Mar 07 20:38:45 UTC 2026","passed","Sat Mar 07 20:38:45 UTC 2026","","Go Test","github.com/specterops/bloodhound/cmd/api/src/api/v2/TestResources_UpdateSavedQuery_OwnPublicQuery_Success","TestResources_UpdateSavedQuery_OwnPublicQuery_Success"
"","70","fetches new information when a different databaseId is passed","useFetchEntityInfo","Sat Mar 07 20:41:03 UTC 2026","passed","Sat Mar 07 20:41:03 UTC 2026","","","",""
"","1","pwdlastset","Handling value formatting for Active Directory entity properties lastlogon, lastlogontimestamp, whencreated, and pwdlastset","Sat Mar 07 20:40:08 UTC 2026","passed","Sat Mar 07 20:40:08 UTC 2026","","","",""
"","1","runs a node search when the query param is set to ""node""","useExploreGraph","Sat Mar 07 20:40:49 UTC 2026","passed","Sat Mar 07 20:40:49 UTC 2026","","exploreGraphQueryFactory","",""
"","793","renders group and tenant dropdown selectors","GroupManagement","Sat Mar 07 20:43:50 UTC 2026","passed","Sat Mar 07 20:43:51 UTC 2026","","","",""
"","927","dark mode should persist between logging in and out","redux store","Sat Mar 07 20:44:06 UTC 2026","passed","Sat Mar 07 20:44:07 UTC 2026","","","",""
"","133","renders count for a selected zone if prop is set","DynamicDetails","Sat Mar 07 20:40:28 UTC 2026","passed","Sat Mar 07 20:40:28 UTC 2026","","","",""
"","1649","renders correct search elements after keypresses","GraphView","Sat Mar 07 20:43:53 UTC 2026","passed","Sat Mar 07 20:43:55 UTC 2026","","","",""
"","0","filters by user-provided platform","filterAndSearchEnvironments","Sat Mar 07 20:39:25 UTC 2026","passed","Sat Mar 07 20:39:25 UTC 2026","","platform filters","",""
"","408","displays a validation error","ManagedDatePicker - date validation","Sat Mar 07 20:41:07 UTC 2026","passed","Sat Mar 07 20:41:08 UTC 2026","","","",""
"Test cases for TestParseSkipQueryParameter_BadFormat","0","TestParseSkipQueryParameter_BadFormat","","Sat Mar 07 20:38:45 UTC 2026","passed","Sat Mar 07 20:38:45 UTC 2026","","Go Test","github.com/specterops/bloodhound/cmd/api/src/api/v2/TestParseSkipQueryParameter_BadFormat","TestParseSkipQueryParameter_BadFormat"
"Test cases for TestResources_DeleteSavedQuery_DeleteError","0","TestResources_DeleteSavedQuery_DeleteError","","Sat Mar 07 20:38:45 UTC 2026","passed","Sat Mar 07 20:38:45 UTC 2026","","Go Test","github.com/specterops/bloodhound/cmd/api/src/api/v2/TestResources_DeleteSavedQuery_DeleteError","TestResources_DeleteSavedQuery_DeleteError"
"","169","toggles a child off","SourceKindsCheckboxes","Sat Mar 07 20:40:48 UTC 2026","passed","Sat Mar 07 20:40:48 UTC 2026","","","",""
"Test cases for Test_filterNodesToSearchResult","0","Test_filterNodesToSearchResult","","Sat Mar 07 20:38:55 UTC 2026","passed","Sat Mar 07 20:38:55 UTC 2026","","Go Test","github.com/specterops/bloodhound/cmd/api/src/queries/Test_filterNodesToSearchResult","Test_filterNodesToSearchResult"
"","220","sums nested section node counts","EntityInfoDataTableGraphed","Sat Mar 07 20:40:19 UTC 2026","passed","Sat Mar 07 20:40:20 UTC 2026","","Node count for nested table that counts all sections","",""
"","1905","Kebab menu click causes the callback function to be called with the correct parameters","ExploreTable","Sat Mar 07 20:39:17 UTC 2026","passed","Sat Mar 07 20:39:19 UTC 2026","","","",""
"","59","returns false on 404","useGraphHasData","Sat Mar 07 20:42:39 UTC 2026","passed","Sat Mar 07 20:42:39 UTC 2026","","","",""
"","245","handles creating a new label","Tag Form","Sat Mar 07 20:39:15 UTC 2026","passed","Sat Mar 07 20:39:15 UTC 2026","","","",""
"","78","should hide Environmental Targeted Access Control panel when showEnvironmentAccessControls prop is false","CreateUserForm","Sat Mar 07 20:39:47 UTC 2026","passed","Sat Mar 07 20:39:47 UTC 2026","","","",""
"","1309","when user performs a pathfinding search, the selection for the start node is carried over to the `search` tab","ExploreSearch interaction","Sat Mar 07 20:43:38 UTC 2026","passed","Sat Mar 07 20:43:39 UTC 2026","","","",""
"","157","shows a table with finished jobs","FileIngestTable","Sat Mar 07 20:40:58 UTC 2026","passed","Sat Mar 07 20:40:59 UTC 2026","","","",""
"Test cases for TestResources_CreateSavedQuery_EmptyBody","0","TestResources_CreateSavedQuery_EmptyBody","","Sat Mar 07 20:38:45 UTC 2026","passed","Sat Mar 07 20:38:45 UTC 2026","","Go Test","github.com/specterops/bloodhound/cmd/api/src/api/v2/TestResources_CreateSavedQuery_EmptyBody","TestResources_CreateSavedQuery_EmptyBody"
"","8","sets autoDisplayTable to false if query returns nodes only but the enabled prop is false","useExploreTableAutoDisplay","Sat Mar 07 20:42:13 UTC 2026","passed","Sat Mar 07 20:42:13 UTC 2026","","","",""
"","303","shows a loading state","AssetGroupMenuItem","Sat Mar 07 20:40:05 UTC 2026","passed","Sat Mar 07 20:40:05 UTC 2026","","","",""
"","124","invokes handleFilterChange with eq:false when clicked and custom_member filter is on","AssetGroupEdit","Sat Mar 07 20:40:12 UTC 2026","passed","Sat Mar 07 20:40:12 UTC 2026","","Custom Member checkbox filter","",""
"","41","stores the state of a search term without modifying the query params","useCypherSearch","Sat Mar 07 20:42:46 UTC 2026","passed","Sat Mar 07 20:42:46 UTC 2026","","","",""
"","489","triggers a file download when a download button is clicked","DownloadCollectors","Sat Mar 07 20:43:35 UTC 2026","passed","Sat Mar 07 20:43:35 UTC 2026","","","",""
"Test cases for TestOpenGraphSchemaService_ListExtensions","0","TestOpenGraphSchemaService_ListExtensions","","Sat Mar 07 20:38:58 UTC 2026","passed","Sat Mar 07 20:38:58 UTC 2026","","Go Test","github.com/specterops/bloodhound/cmd/api/src/services/opengraphschema/TestOpenGraphSchemaService_ListExtensions","TestOpenGraphSchemaService_ListExtensions"
"Test cases for TestManagementResource_UpdateUser_GetUserError","733","TestManagementResource_UpdateUser_GetUserError","","Sat Mar 07 20:38:56 UTC 2026","passed","Sat Mar 07 20:38:57 UTC 2026","","Go Test","github.com/specterops/bloodhound/cmd/api/src/api/v2/auth/TestManagementResource_UpdateUser_GetUserError","TestManagementResource_UpdateUser_GetUserError"
"","449","calls onSave without current password when requireCurrentPassword is false","PasswordDialog","Sat Mar 07 20:39:40 UTC 2026","passed","Sat Mar 07 20:39:40 UTC 2026","","","",""
"","886","filling in the name value allows updating the rule and navigates back to the details page","Rule Form","Sat Mar 07 20:39:30 UTC 2026","passed","Sat Mar 07 20:39:31 UTC 2026","","","",""
"Test cases for TestCache_NewCache","1","TestCache_NewCache","","Sat Mar 07 20:39:14 UTC 2026","passed","Sat Mar 07 20:39:14 UTC 2026","","Go Test","github.com/specterops/bloodhound/packages/go/cache/TestCache_NewCache","TestCache_NewCache"
"","207","displays error if delete button is clicked when no checkbox is selected","DatabaseManagement","Sat Mar 07 20:43:42 UTC 2026","passed","Sat Mar 07 20:43:42 UTC 2026","","","",""
"Test cases for TestWriteErrorResponse_InvalidFormat","0","TestWriteErrorResponse_InvalidFormat","","Sat Mar 07 20:38:32 UTC 2026","passed","Sat Mar 07 20:38:32 UTC 2026","","Go Test","github.com/specterops/bloodhound/cmd/api/src/api/TestWriteErrorResponse_InvalidFormat","TestWriteErrorResponse_InvalidFormat"
"","9342","checking a subcategory updates all children (edge types) in its group","Pathfinding","Sat Mar 07 20:40:40 UTC 2026","passed","Sat Mar 07 20:40:50 UTC 2026","","","",""
"","231","should call onClose when the Close button is clicked","UpsertSAMLProviderForm","Sat Mar 07 20:42:06 UTC 2026","passed","Sat Mar 07 20:42:06 UTC 2026","","","",""
"Test cases for TestNodeNamePrefix_String","0","TestNodeNamePrefix_String","","Sat Mar 07 20:39:12 UTC 2026","passed","Sat Mar 07 20:39:12 UTC 2026","","Go Test","github.com/specterops/bloodhound/packages/go/analysis/ad/wellknown/TestNodeNamePrefix_String","TestNodeNamePrefix_String"
"Test cases for TestResources_GetAZRelatedEntities","128","TestResources_GetAZRelatedEntities","","Sat Mar 07 20:38:45 UTC 2026","passed","Sat Mar 07 20:38:45 UTC 2026","","Go Test","github.com/specterops/bloodhound/cmd/api/src/api/v2/TestResources_GetAZRelatedEntities","TestResources_GetAZRelatedEntities"
"Test cases for TestIsErrorResponse","0","TestIsErrorResponse","","Sat Mar 07 20:38:32 UTC 2026","passed","Sat Mar 07 20:38:32 UTC 2026","","Go Test","github.com/specterops/bloodhound/cmd/api/src/api/TestIsErrorResponse","TestIsErrorResponse"
"","48","indicates that filters are inactive","AssetGroupEdit","Sat Mar 07 20:40:11 UTC 2026","passed","Sat Mar 07 20:40:11 UTC 2026","","","",""
"Test cases for TestResources_GetAssetGroupTags","5","TestResources_GetAssetGroupTags","","Sat Mar 07 20:38:45 UTC 2026","passed","Sat Mar 07 20:38:45 UTC 2026","","Go Test","github.com/specterops/bloodhound/cmd/api/src/api/v2/TestResources_GetAssetGroupTags","TestResources_GetAssetGroupTags"
"","0","Empty input is provided","Parsing the debounced input for type and keyword values","Sat Mar 07 20:41:23 UTC 2026","passed","Sat Mar 07 20:41:23 UTC 2026","","","",""
"Test cases for TestManagementResource_ServeSigningCertificate","24","TestManagementResource_ServeSigningCertificate","","Sat Mar 07 20:39:18 UTC 2026","passed","Sat Mar 07 20:39:18 UTC 2026","","Go Test","github.com/specterops/bloodhound/cmd/api/src/api/v2/auth/TestManagementResource_ServeSigningCertificate","TestManagementResource_ServeSigningCertificate"
"Test cases for TestGetMFAActivationStatus_Failure","0","TestGetMFAActivationStatus_Failure","","Sat Mar 07 20:39:15 UTC 2026","passed","Sat Mar 07 20:39:15 UTC 2026","","Go Test","github.com/specterops/bloodhound/cmd/api/src/api/v2/auth/TestGetMFAActivationStatus_Failure","TestGetMFAActivationStatus_Failure"
"","61","returns true when nodes are available","useGraphHasData","Sat Mar 07 20:42:39 UTC 2026","passed","Sat Mar 07 20:42:39 UTC 2026","","","",""
"","0","fails for empty password","testPassword","Sat Mar 07 20:43:07 UTC 2026","passed","Sat Mar 07 20:43:07 UTC 2026","","","",""
"Test cases for TestConvertDomainToNode_DomainInvalidProperties","3","TestConvertDomainToNode_DomainInvalidProperties","","Sat Mar 07 20:39:15 UTC 2026","passed","Sat Mar 07 20:39:15 UTC 2026","","Go Test","github.com/specterops/bloodhound/packages/go/ein/TestConvertDomainToNode_DomainInvalidProperties","TestConvertDomainToNode_DomainInvalidProperties"
"","62","displays a status indicator","StatusIndicator","Sat Mar 07 20:43:01 UTC 2026","passed","Sat Mar 07 20:43:01 UTC 2026","","","",""
"","549","should fire Confirm once with true after typing challenge text","DeleteConfirmationDialog","Sat Mar 07 20:42:42 UTC 2026","passed","Sat Mar 07 20:42:43 UTC 2026","","","",""
"Test cases for TestGetLimitParamForGraphQuery","0","TestGetLimitParamForGraphQuery","","Sat Mar 07 20:39:09 UTC 2026","passed","Sat Mar 07 20:39:09 UTC 2026","","Go Test","github.com/specterops/bloodhound/cmd/api/src/utils/TestGetLimitParamForGraphQuery","TestGetLimitParamForGraphQuery"
"Test cases for TestResources_ListAssetGroupMembers","4","TestResources_ListAssetGroupMembers","","Sat Mar 07 20:38:45 UTC 2026","passed","Sat Mar 07 20:38:45 UTC 2026","","Go Test","github.com/specterops/bloodhound/cmd/api/src/api/v2/TestResources_ListAssetGroupMembers","TestResources_ListAssetGroupMembers"
"","164","disables checkboxes while loading","SourceKindsCheckboxes","Sat Mar 07 20:40:46 UTC 2026","passed","Sat Mar 07 20:40:46 UTC 2026","","","",""
"","238","validates that the name input is under the max length","Tag Form","Sat Mar 07 20:39:14 UTC 2026","passed","Sat Mar 07 20:39:14 UTC 2026","","","",""
"","883","should render","CypherSearch","Sat Mar 07 20:41:14 UTC 2026","passed","Sat Mar 07 20:41:15 UTC 2026","","","",""
"","85","disables delete button for built-in extensions","ActiveExtensionsCard","Sat Mar 07 20:39:31 UTC 2026","passed","Sat Mar 07 20:39:31 UTC 2026","","","",""
"","13","should render when search string matches text entirely","HighlightedText","Sat Mar 07 20:42:29 UTC 2026","passed","Sat Mar 07 20:42:29 UTC 2026","","","",""
"","128","renders enabled Zone and Object tabs and disabled Rule tab","Selected Details Tabs","Sat Mar 07 20:40:36 UTC 2026","passed","Sat Mar 07 20:40:37 UTC 2026","","Selected Details Tabs - Params present","",""
"Test cases for TestTimeEqual","0","TestTimeEqual","","Sat Mar 07 20:38:52 UTC 2026","passed","Sat Mar 07 20:38:52 UTC 2026","","Go Test","github.com/specterops/bloodhound/cmd/api/src/database/types/null/TestTimeEqual","TestTimeEqual"
"","61","enables pulling an ordered list of tags by position ascending","the useAssetGroupTags utilities","Sat Mar 07 20:39:59 UTC 2026","passed","Sat Mar 07 20:39:59 UTC 2026","","","",""
"","492","should call onSubmit with initiation_url of selected SSO provider","LoginViaSSOForm","Sat Mar 07 20:41:46 UTC 2026","passed","Sat Mar 07 20:41:47 UTC 2026","","","",""
"Test cases for TestManagementResource_ListAuthTokens_InvalidColumn","0","TestManagementResource_ListAuthTokens_InvalidColumn","","Sat Mar 07 20:39:06 UTC 2026","passed","Sat Mar 07 20:39:06 UTC 2026","","Go Test","github.com/specterops/bloodhound/cmd/api/src/api/v2/auth/TestManagementResource_ListAuthTokens_InvalidColumn","TestManagementResource_ListAuthTokens_InvalidColumn"
"","63","renders note header correctly","HistoryNotes Component","Sat Mar 07 20:42:53 UTC 2026","passed","Sat Mar 07 20:42:53 UTC 2026","","","",""
"","268","navigates to rule details when clicking a rule row","RulesAccordion","Sat Mar 07 20:41:26 UTC 2026","passed","Sat Mar 07 20:41:26 UTC 2026","","","",""
"","0","should handle an entity that has no name property","Evaluating the entity display name from a given entity","Sat Mar 07 20:40:08 UTC 2026","passed","Sat Mar 07 20:40:08 UTC 2026","","","",""
"","317","should call onClose when cancel button is clicked","SaveQueryDialog","Sat Mar 07 20:39:14 UTC 2026","passed","Sat Mar 07 20:39:14 UTC 2026","","","",""
"","301","should render an SavedQueryPermissions component","SaveQueryDialog","Sat Mar 07 20:39:15 UTC 2026","passed","Sat Mar 07 20:39:16 UTC 2026","","","",""
"","0","`undefined` input is provided","Parsing the debounced input for type and keyword values","Sat Mar 07 20:41:23 UTC 2026","passed","Sat Mar 07 20:41:23 UTC 2026","","","",""
"Test cases for TestManagementResource_DeleteUser_UserNotFound","0","TestManagementResource_DeleteUser_UserNotFound","","Sat Mar 07 20:39:01 UTC 2026","passed","Sat Mar 07 20:39:01 UTC 2026","","Go Test","github.com/specterops/bloodhound/cmd/api/src/api/v2/auth/TestManagementResource_DeleteUser_UserNotFound","TestManagementResource_DeleteUser_UserNotFound"
"","7","returns when label limit is reached","useTagLimits","Sat Mar 07 20:39:37 UTC 2026","passed","Sat Mar 07 20:39:37 UTC 2026","","","",""
"","2239","Sort arrow is visible and direction is correct","ExploreTable","Sat Mar 07 20:39:19 UTC 2026","passed","Sat Mar 07 20:39:21 UTC 2026","","","",""
"","381","should not have less characters than the minimum requirement","UpdateUserForm","Sat Mar 07 20:39:20 UTC 2026","passed","Sat Mar 07 20:39:20 UTC 2026","","","",""
"Test cases for TestResources_CreateSavedQuery_CreateFailure","0","TestResources_CreateSavedQuery_CreateFailure","","Sat Mar 07 20:38:45 UTC 2026","passed","Sat Mar 07 20:38:45 UTC 2026","","Go Test","github.com/specterops/bloodhound/cmd/api/src/api/v2/TestResources_CreateSavedQuery_CreateFailure","TestResources_CreateSavedQuery_CreateFailure"
"Test cases for TestServeHTTP_Success","0","TestServeHTTP_Success","","Sat Mar 07 20:38:37 UTC 2026","passed","Sat Mar 07 20:38:37 UTC 2026","","Go Test","github.com/specterops/bloodhound/cmd/api/src/api/middleware/TestServeHTTP_Success","TestServeHTTP_Success"
"Test cases for Test_ParseAndValidatePayload","6","Test_ParseAndValidatePayload","","Sat Mar 07 20:38:59 UTC 2026","passed","Sat Mar 07 20:38:59 UTC 2026","","Go Test","github.com/specterops/bloodhound/cmd/api/src/services/upload/Test_ParseAndValidatePayload","Test_ParseAndValidatePayload"
"","89","skips undefined items gracefully","<DetailsAccordion />","Sat Mar 07 20:40:01 UTC 2026","passed","Sat Mar 07 20:40:01 UTC 2026","","","",""
"","8","uses the discardQueryParams prop to discard all query params on the redirect","AppNavigate","Sat Mar 07 20:42:04 UTC 2026","passed","Sat Mar 07 20:42:04 UTC 2026","","","",""
"Test cases for TestToolContainer_GetScheduledAnalysisConfiguration_Errors","0","TestToolContainer_GetScheduledAnalysisConfiguration_Errors","","Sat Mar 07 20:38:42 UTC 2026","passed","Sat Mar 07 20:38:42 UTC 2026","","Go Test","github.com/specterops/bloodhound/cmd/api/src/api/tools/TestToolContainer_GetScheduledAnalysisConfiguration_Errors","TestToolContainer_GetScheduledAnalysisConfiguration_Errors"
"","99","should on clicking collapse all remove expandedPanelSections param from url and set isObjectInfoPanelOpen in context to false","EdgeInfoHeader","Sat Mar 07 20:41:59 UTC 2026","passed","Sat Mar 07 20:41:59 UTC 2026","","","",""
"","683","disables confirm button until extension name is typed correctly","ActiveExtensionsCard","Sat Mar 07 20:39:31 UTC 2026","passed","Sat Mar 07 20:39:32 UTC 2026","","","",""
"","3","returns empty array when environments is empty","filterAndSearchEnvironments","Sat Mar 07 20:39:25 UTC 2026","passed","Sat Mar 07 20:39:25 UTC 2026","","with empty environments","",""
"","3","returns false if value is 'string'","searchParams","Sat Mar 07 20:41:48 UTC 2026","passed","Sat Mar 07 20:41:48 UTC 2026","","isEmptyParam","",""
"","43","displays no data message when there are no extensions","ActiveExtensionsCard","Sat Mar 07 20:39:29 UTC 2026","passed","Sat Mar 07 20:39:29 UTC 2026","","","",""
"","0","should handle the well formed entities","Evaluating the entity display name from a given entity","Sat Mar 07 20:40:08 UTC 2026","passed","Sat Mar 07 20:40:08 UTC 2026","","","",""
"","47","should display an error message if data does not return from the API","Context Selector Error","Sat Mar 07 20:40:26 UTC 2026","passed","Sat Mar 07 20:40:26 UTC 2026","","","",""
"Test cases for TestVersion_GreaterThan","1","TestVersion_GreaterThan","","Sat Mar 07 20:39:10 UTC 2026","passed","Sat Mar 07 20:39:10 UTC 2026","","Go Test","github.com/specterops/bloodhound/cmd/api/src/version/TestVersion_GreaterThan","TestVersion_GreaterThan"
"","533","does fires TagToZoneDialog when the Zone option is clicked","TagToZoneLabel","Sat Mar 07 20:39:22 UTC 2026","passed","Sat Mar 07 20:39:23 UTC 2026","","","",""
"Test cases for TestParseLimitQueryParameter_Invalid","0","TestParseLimitQueryParameter_Invalid","","Sat Mar 07 20:38:45 UTC 2026","passed","Sat Mar 07 20:38:45 UTC 2026","","Go Test","github.com/specterops/bloodhound/cmd/api/src/api/v2/TestParseLimitQueryParameter_Invalid","TestParseLimitQueryParameter_Invalid"
"","58","should render a label and version number when expanded","MainNav","Sat Mar 07 20:39:50 UTC 2026","passed","Sat Mar 07 20:39:50 UTC 2026","","","",""
"Test cases for Test_ParseAndValidate","9","Test_ParseAndValidate","","Sat Mar 07 20:39:14 UTC 2026","passed","Sat Mar 07 20:39:14 UTC 2026","","Go Test","github.com/specterops/bloodhound/packages/go/chow/ingestvalidator/Test_ParseAndValidate","Test_ParseAndValidate"
"","226","renders the Rule Tab content when Rule tab is chosen","Selected Details Tab Content","Sat Mar 07 20:42:25 UTC 2026","passed","Sat Mar 07 20:42:26 UTC 2026","","","",""
"","790","should not have less characters than the minimum requirement","CreateUserForm","Sat Mar 07 20:39:44 UTC 2026","passed","Sat Mar 07 20:39:45 UTC 2026","","","",""
"","0","An unknown error occurred when fetching the data","Getting the text for the disabled item display for a search when there are no results","Sat Mar 07 20:41:23 UTC 2026","passed","Sat Mar 07 20:41:23 UTC 2026","","Error states","",""
"","278","displays expected results when searching by label","SearchCurrentNodes","Sat Mar 07 20:41:30 UTC 2026","passed","Sat Mar 07 20:41:30 UTC 2026","","","",""
"Test cases for TestManagementResource_UpdateUser_SelfDisable","789","TestManagementResource_UpdateUser_SelfDisable","","Sat Mar 07 20:38:58 UTC 2026","passed","Sat Mar 07 20:38:59 UTC 2026","","Go Test","github.com/specterops/bloodhound/cmd/api/src/api/v2/auth/TestManagementResource_UpdateUser_SelfDisable","TestManagementResource_UpdateUser_SelfDisable"
"Test cases for TestFloatFromPtr","0","TestFloatFromPtr","","Sat Mar 07 20:38:52 UTC 2026","passed","Sat Mar 07 20:38:52 UTC 2026","","Go Test","github.com/specterops/bloodhound/cmd/api/src/database/types/null/TestFloatFromPtr","TestFloatFromPtr"
"Test cases for TestResources_GetContainerEntityInfo","233","TestResources_GetContainerEntityInfo","","Sat Mar 07 20:38:45 UTC 2026","passed","Sat Mar 07 20:38:45 UTC 2026","","Go Test","github.com/specterops/bloodhound/cmd/api/src/api/v2/TestResources_GetContainerEntityInfo","TestResources_GetContainerEntityInfo"
"","224","displays validation error messages when Save button is clicked and no form input is provided","PasswordDialog","Sat Mar 07 20:39:36 UTC 2026","passed","Sat Mar 07 20:39:36 UTC 2026","","","",""
"Test cases for TestAssetGroupMembers_Filter_NotEquals","0","TestAssetGroupMembers_Filter_NotEquals","","Sat Mar 07 20:38:32 UTC 2026","passed","Sat Mar 07 20:38:32 UTC 2026","","Go Test","github.com/specterops/bloodhound/cmd/api/src/api/TestAssetGroupMembers_Filter_NotEquals","TestAssetGroupMembers_Filter_NotEquals"
"Test cases for TestSavedQueries_IsString","0","TestSavedQueries_IsString","","Sat Mar 07 20:38:54 UTC 2026","passed","Sat Mar 07 20:38:54 UTC 2026","","Go Test","github.com/specterops/bloodhound/cmd/api/src/model/TestSavedQueries_IsString","TestSavedQueries_IsString"
"Test cases for TestResources_GetAssetGroup","3","TestResources_GetAssetGroup","","Sat Mar 07 20:38:45 UTC 2026","passed","Sat Mar 07 20:38:45 UTC 2026","","Go Test","github.com/specterops/bloodhound/cmd/api/src/api/v2/TestResources_GetAssetGroup","TestResources_GetAssetGroup"
"","0","should handle an entity that has an empty name property","Evaluating the entity display name from a given entity","Sat Mar 07 20:40:08 UTC 2026","passed","Sat Mar 07 20:40:08 UTC 2026","","","",""
"Test cases for TestManagementResource_UpdateUser_UserSelfModify","891","TestManagementResource_UpdateUser_UserSelfModify","","Sat Mar 07 20:38:59 UTC 2026","passed","Sat Mar 07 20:38:59 UTC 2026","","Go Test","github.com/specterops/bloodhound/cmd/api/src/api/v2/auth/TestManagementResource_UpdateUser_UserSelfModify","TestManagementResource_UpdateUser_UserSelfModify"
"Test cases for TestGraphQuery_RawCypherQuery","11","TestGraphQuery_RawCypherQuery","","Sat Mar 07 20:38:55 UTC 2026","passed","Sat Mar 07 20:38:56 UTC 2026","","Go Test","github.com/specterops/bloodhound/cmd/api/src/queries/TestGraphQuery_RawCypherQuery","TestGraphQuery_RawCypherQuery"
"","144","links to the specified route with global params intact","AppLink","Sat Mar 07 20:41:36 UTC 2026","passed","Sat Mar 07 20:41:37 UTC 2026","","","",""
"Test cases for TestManagementResource_ListAuthProviders","0","TestManagementResource_ListAuthProviders","","Sat Mar 07 20:39:18 UTC 2026","passed","Sat Mar 07 20:39:18 UTC 2026","","Go Test","github.com/specterops/bloodhound/cmd/api/src/api/v2/auth/TestManagementResource_ListAuthProviders","TestManagementResource_ListAuthProviders"
"Test cases for TestManagementResource_ListRoles_SortingError","0","TestManagementResource_ListRoles_SortingError","","Sat Mar 07 20:38:50 UTC 2026","passed","Sat Mar 07 20:38:50 UTC 2026","","Go Test","github.com/specterops/bloodhound/cmd/api/src/api/v2/auth/TestManagementResource_ListRoles_SortingError","TestManagementResource_ListRoles_SortingError"
"","325","AZRole information panel will not display a section for PIM Assignments","EntityInfoContent","Sat Mar 07 20:41:07 UTC 2026","passed","Sat Mar 07 20:41:07 UTC 2026","","","",""
"","1","should recognize a common properties","validating a node property against the shared generated schema","Sat Mar 07 20:40:08 UTC 2026","passed","Sat Mar 07 20:40:08 UTC 2026","","","",""
"Test cases for TestTimeIsZero","0","TestTimeIsZero","","Sat Mar 07 20:38:52 UTC 2026","passed","Sat Mar 07 20:38:52 UTC 2026","","Go Test","github.com/specterops/bloodhound/cmd/api/src/database/types/null/TestTimeIsZero","TestTimeIsZero"
"","308","closes confirmation dialog when cancel is clicked","ActiveExtensionsCard","Sat Mar 07 20:39:31 UTC 2026","passed","Sat Mar 07 20:39:31 UTC 2026","","","",""
"Test cases for TestManagementResource_GetAZEntity","128","TestManagementResource_GetAZEntity","","Sat Mar 07 20:38:45 UTC 2026","passed","Sat Mar 07 20:38:45 UTC 2026","","Go Test","github.com/specterops/bloodhound/cmd/api/src/api/v2/TestManagementResource_GetAZEntity","TestManagementResource_GetAZEntity"
"Test cases for Test_hasCycle","0","Test_hasCycle","","Sat Mar 07 20:39:16 UTC 2026","passed","Sat Mar 07 20:39:16 UTC 2026","","Go Test","github.com/specterops/bloodhound/packages/go/lab/Test_hasCycle","Test_hasCycle"
"Test cases for TestAuth_CreateSSOSession","1","TestAuth_CreateSSOSession","","Sat Mar 07 20:38:45 UTC 2026","passed","Sat Mar 07 20:38:45 UTC 2026","","Go Test","github.com/specterops/bloodhound/cmd/api/src/api/v2/auth/TestAuth_CreateSSOSession","TestAuth_CreateSSOSession"
"","133","Disable Analyze Now and change to Analyzing if datapipe status is different from ""idle""","AnalyzeNowConfiguration","Sat Mar 07 20:40:29 UTC 2026","passed","Sat Mar 07 20:40:30 UTC 2026","","","",""
"Test cases for TestResources_GetShortestPath_ETAC","40","TestResources_GetShortestPath_ETAC","","Sat Mar 07 20:38:45 UTC 2026","passed","Sat Mar 07 20:38:45 UTC 2026","","Go Test","github.com/specterops/bloodhound/cmd/api/src/api/v2/TestResources_GetShortestPath_ETAC","TestResources_GetShortestPath_ETAC"
"","1","runs a cypher search when the query param is set to ""cypher""","useExploreGraph","Sat Mar 07 20:40:49 UTC 2026","passed","Sat Mar 07 20:40:49 UTC 2026","","exploreGraphQueryFactory","",""
"Test cases for TestUnmarshalInt","0","TestUnmarshalInt","","Sat Mar 07 20:38:52 UTC 2026","passed","Sat Mar 07 20:38:52 UTC 2026","","Go Test","github.com/specterops/bloodhound/cmd/api/src/database/types/null/TestUnmarshalInt","TestUnmarshalInt"
"Test cases for TestBuildErrorResponseInternalServerError","0","TestBuildErrorResponseInternalServerError","","Sat Mar 07 20:38:32 UTC 2026","passed","Sat Mar 07 20:38:32 UTC 2026","","Go Test","github.com/specterops/bloodhound/cmd/api/src/api/TestBuildErrorResponseInternalServerError","TestBuildErrorResponseInternalServerError"
"","0","uses the correct entity name in the Object ID message","getErrorMessage","Sat Mar 07 20:39:53 UTC 2026","passed","Sat Mar 07 20:39:53 UTC 2026","","","",""
"Test cases for TestTextUnmarshalBool","1","TestTextUnmarshalBool","","Sat Mar 07 20:38:52 UTC 2026","passed","Sat Mar 07 20:38:52 UTC 2026","","Go Test","github.com/specterops/bloodhound/cmd/api/src/database/types/null/TestTextUnmarshalBool","TestTextUnmarshalBool"
"Test cases for TestBoolFromPtr","0","TestBoolFromPtr","","Sat Mar 07 20:38:52 UTC 2026","passed","Sat Mar 07 20:38:52 UTC 2026","","Go Test","github.com/specterops/bloodhound/cmd/api/src/database/types/null/TestBoolFromPtr","TestBoolFromPtr"
"","303","should render a TagToZoneLabelDialog component","TagToZoneLabelDialog","Sat Mar 07 20:41:21 UTC 2026","passed","Sat Mar 07 20:41:21 UTC 2026","","","",""
"","84","renders with a selected icon","Glyph Select Dialog","Sat Mar 07 20:42:47 UTC 2026","passed","Sat Mar 07 20:42:48 UTC 2026","","","",""
"","125","should display the ""User Information"" header","UserProfile","Sat Mar 07 20:40:21 UTC 2026","passed","Sat Mar 07 20:40:21 UTC 2026","","","",""
"","0","returns true if value is null","searchParams","Sat Mar 07 20:41:48 UTC 2026","passed","Sat Mar 07 20:41:48 UTC 2026","","isEmptyParam","",""
"","26","does not render the analysis toggle when multi tier analysis enabled is false","Tag Form","Sat Mar 07 20:39:14 UTC 2026","passed","Sat Mar 07 20:39:14 UTC 2026","","","",""
"","345","should display a ""Change Password"" modal","UserProfile","Sat Mar 07 20:40:21 UTC 2026","passed","Sat Mar 07 20:40:22 UTC 2026","","""Reset Password"" button is clicked","",""
"Test cases for TestMarshalInt","0","TestMarshalInt","","Sat Mar 07 20:38:52 UTC 2026","passed","Sat Mar 07 20:38:52 UTC 2026","","Go Test","github.com/specterops/bloodhound/cmd/api/src/database/types/null/TestMarshalInt","TestMarshalInt"
"","2","uses sequentialLayout by default","Explore utils","Sat Mar 07 20:43:45 UTC 2026","passed","Sat Mar 07 20:43:45 UTC 2026","","initGraph","",""
"Test cases for TestResources_GetEdgeRelayTargets","117","TestResources_GetEdgeRelayTargets","","Sat Mar 07 20:38:45 UTC 2026","passed","Sat Mar 07 20:38:45 UTC 2026","","Go Test","github.com/specterops/bloodhound/cmd/api/src/api/v2/TestResources_GetEdgeRelayTargets","TestResources_GetEdgeRelayTargets"
"","0","calls transformToFlatGraphResponse when graphData matches GraphResponse interface","normalizeGraphDataForSigma","Sat Mar 07 20:44:08 UTC 2026","passed","Sat Mar 07 20:44:08 UTC 2026","","","",""
"","333","has user filters","FileIngestFilterDialog","Sat Mar 07 20:39:55 UTC 2026","passed","Sat Mar 07 20:39:55 UTC 2026","","User Select","",""
"Test cases for TestTextUnmarshalFloat","0","TestTextUnmarshalFloat","","Sat Mar 07 20:38:52 UTC 2026","passed","Sat Mar 07 20:38:52 UTC 2026","","Go Test","github.com/specterops/bloodhound/cmd/api/src/database/types/null/TestTextUnmarshalFloat","TestTextUnmarshalFloat"
"Test cases for TestPredefinedSIDSuffixes","0","TestPredefinedSIDSuffixes","","Sat Mar 07 20:39:12 UTC 2026","passed","Sat Mar 07 20:39:12 UTC 2026","","Go Test","github.com/specterops/bloodhound/packages/go/analysis/ad/wellknown/TestPredefinedSIDSuffixes","TestPredefinedSIDSuffixes"
"","10","populates the cypher search field with the decoded query when the associated query params are set","useCypherSearch","Sat Mar 07 20:42:46 UTC 2026","passed","Sat Mar 07 20:42:46 UTC 2026","","","",""
"","55","if a hint is given, it show date placeholder on focus, restores hint on blur","ManagedDatePicker - placeholders","Sat Mar 07 20:41:08 UTC 2026","passed","Sat Mar 07 20:41:08 UTC 2026","","","",""
"","10","applies animation class to the title","ProcessingIndicator","Sat Mar 07 20:43:09 UTC 2026","passed","Sat Mar 07 20:43:09 UTC 2026","","","",""
"","282","should call performSearch on keyboard press alt+R","CypherSearch","Sat Mar 07 20:41:17 UTC 2026","passed","Sat Mar 07 20:41:17 UTC 2026","","","",""
"","0","properly displays bitwise integers","Formatting number properties","Sat Mar 07 20:40:08 UTC 2026","passed","Sat Mar 07 20:40:08 UTC 2026","","","",""
"Test cases for TestResources_DeleteSavedQuery","0","TestResources_DeleteSavedQuery","","Sat Mar 07 20:38:45 UTC 2026","passed","Sat Mar 07 20:38:45 UTC 2026","","Go Test","github.com/specterops/bloodhound/cmd/api/src/api/v2/TestResources_DeleteSavedQuery","TestResources_DeleteSavedQuery"
"Test cases for TestExpireUserAuthSecret_Success","0","TestExpireUserAuthSecret_Success","","Sat Mar 07 20:38:50 UTC 2026","passed","Sat Mar 07 20:38:50 UTC 2026","","Go Test","github.com/specterops/bloodhound/cmd/api/src/api/v2/auth/TestExpireUserAuthSecret_Success","TestExpireUserAuthSecret_Success"
"","125","Should display headers for member name and count","AssetGroupMemberList","Sat Mar 07 20:42:29 UTC 2026","passed","Sat Mar 07 20:42:29 UTC 2026","","","",""
"Test cases for TestResources_UpdateSavedQuery_ErrorFetchingPublicStatus","0","TestResources_UpdateSavedQuery_ErrorFetchingPublicStatus","","Sat Mar 07 20:38:45 UTC 2026","passed","Sat Mar 07 20:38:45 UTC 2026","","Go Test","github.com/specterops/bloodhound/cmd/api/src/api/v2/TestResources_UpdateSavedQuery_ErrorFetchingPublicStatus","TestResources_UpdateSavedQuery_ErrorFetchingPublicStatus"
"Test cases for TestManagementResource_ListAuthTokens_Filtered","0","TestManagementResource_ListAuthTokens_Filtered","","Sat Mar 07 20:39:06 UTC 2026","passed","Sat Mar 07 20:39:06 UTC 2026","","Go Test","github.com/specterops/bloodhound/cmd/api/src/api/v2/auth/TestManagementResource_ListAuthTokens_Filtered","TestManagementResource_ListAuthTokens_Filtered"
"","300","renders the Import Query Dialog","ImportQueryDialog","Sat Mar 07 20:43:00 UTC 2026","passed","Sat Mar 07 20:43:00 UTC 2026","","","",""
"Test cases for TestResources_DeleteSavedQuery_RecordNotFound_EdgeCase","0","TestResources_DeleteSavedQuery_RecordNotFound_EdgeCase","","Sat Mar 07 20:38:45 UTC 2026","passed","Sat Mar 07 20:38:45 UTC 2026","","Go Test","github.com/specterops/bloodhound/cmd/api/src/api/v2/TestResources_DeleteSavedQuery_RecordNotFound_EdgeCase","TestResources_DeleteSavedQuery_RecordNotFound_EdgeCase"
"Test cases for TestLoginResource_Logout","21","TestLoginResource_Logout","","Sat Mar 07 20:39:18 UTC 2026","passed","Sat Mar 07 20:39:18 UTC 2026","","Go Test","github.com/specterops/bloodhound/cmd/api/src/api/v2/auth/TestLoginResource_Logout","TestLoginResource_Logout"
"","177","fires editQuery in context provider","ListItemActionMenu","Sat Mar 07 20:41:52 UTC 2026","passed","Sat Mar 07 20:41:52 UTC 2026","","","",""
"","16","selector members refetches on envrionment change","the useAssetGroupTags utilities","Sat Mar 07 20:39:59 UTC 2026","passed","Sat Mar 07 20:39:59 UTC 2026","","","",""
"","55","should navigate to the correct page on alt + digit keydown","Keyboard shortcuts","Sat Mar 07 20:39:50 UTC 2026","passed","Sat Mar 07 20:39:50 UTC 2026","","","",""
"","712","displays must be new password error messages when current password is the same as new password","PasswordDialog","Sat Mar 07 20:39:38 UTC 2026","passed","Sat Mar 07 20:39:39 UTC 2026","","","",""
"Test cases for TestQueries_GetEntityResults","0","TestQueries_GetEntityResults","","Sat Mar 07 20:38:56 UTC 2026","passed","Sat Mar 07 20:38:56 UTC 2026","","Go Test","github.com/specterops/bloodhound/cmd/api/src/queries/TestQueries_GetEntityResults","TestQueries_GetEntityResults"
"","266","sets the calendar date to match the valid","ManagedDatePicker - value","Sat Mar 07 20:41:09 UTC 2026","passed","Sat Mar 07 20:41:09 UTC 2026","","","",""
"Test cases for TestManagementResource_ListAuthTokens_PredicateMismatchWithColumn","0","TestManagementResource_ListAuthTokens_PredicateMismatchWithColumn","","Sat Mar 07 20:39:06 UTC 2026","passed","Sat Mar 07 20:39:06 UTC 2026","","Go Test","github.com/specterops/bloodhound/cmd/api/src/api/v2/auth/TestManagementResource_ListAuthTokens_PredicateMismatchWithColumn","TestManagementResource_ListAuthTokens_PredicateMismatchWithColumn"
"","316","should call ""onSave"" one time","Enable2FADialog","Sat Mar 07 20:41:58 UTC 2026","passed","Sat Mar 07 20:41:59 UTC 2026","user clicks ""Disable Multi-Factor Authentication"" button","user enters valid password","",""
"Test cases for TestResources_ListEdgeTypes","89","TestResources_ListEdgeTypes","","Sat Mar 07 20:38:45 UTC 2026","passed","Sat Mar 07 20:38:45 UTC 2026","","Go Test","github.com/specterops/bloodhound/cmd/api/src/api/v2/TestResources_ListEdgeTypes","TestResources_ListEdgeTypes"
"Test cases for TestDisenrollMFA_Success","816","TestDisenrollMFA_Success","","Sat Mar 07 20:39:08 UTC 2026","passed","Sat Mar 07 20:39:09 UTC 2026","","Go Test","github.com/specterops/bloodhound/cmd/api/src/api/v2/auth/TestDisenrollMFA_Success","TestDisenrollMFA_Success"
"Test cases for TestManagementResource_GetSelf","0","TestManagementResource_GetSelf","","Sat Mar 07 20:39:01 UTC 2026","passed","Sat Mar 07 20:39:01 UTC 2026","","Go Test","github.com/specterops/bloodhound/cmd/api/src/api/v2/auth/TestManagementResource_GetSelf","TestManagementResource_GetSelf"
"","1934","should clear out the SSO Provider id from submission data when the authentication method is changed","CreateUserDialog","Sat Mar 07 20:39:42 UTC 2026","passed","Sat Mar 07 20:39:44 UTC 2026","","","",""
"Test cases for TestEndNodes","0","TestEndNodes","","Sat Mar 07 20:39:13 UTC 2026","passed","Sat Mar 07 20:39:13 UTC 2026","","Go Test","github.com/specterops/bloodhound/packages/go/analysis/azure/TestEndNodes","TestEndNodes"
"","26","displays CaretDown icon when the sortOrder is desc","ColumnHeaders","Sat Mar 07 20:41:16 UTC 2026","passed","Sat Mar 07 20:41:16 UTC 2026","","SortableHeader","",""
"","1","handles unix time values by converting them to our standard date display format","Formatting number properties","Sat Mar 07 20:40:08 UTC 2026","passed","Sat Mar 07 20:40:08 UTC 2026","","","",""
"Test cases for TestGetPageParamsForGraphQuery","0","TestGetPageParamsForGraphQuery","","Sat Mar 07 20:39:09 UTC 2026","passed","Sat Mar 07 20:39:09 UTC 2026","","Go Test","github.com/specterops/bloodhound/cmd/api/src/utils/TestGetPageParamsForGraphQuery","TestGetPageParamsForGraphQuery"
"","60","Validate Displays all the Roles","useListDisplayRoles","Sat Mar 07 20:39:54 UTC 2026","passed","Sat Mar 07 20:39:54 UTC 2026","","","",""
"","46","clicking a disabled header does not toggle content","<DetailsAccordion />","Sat Mar 07 20:40:01 UTC 2026","passed","Sat Mar 07 20:40:01 UTC 2026","","","",""
"","9","optionally allows the consumer to pass a query to performSearch() and adds that query to the url","useCypherSearch","Sat Mar 07 20:42:46 UTC 2026","passed","Sat Mar 07 20:42:46 UTC 2026","","","",""
"","12","does not include OpenGraph edges when the associated feature flag is disabled","useEdgeCategories","Sat Mar 07 20:40:16 UTC 2026","passed","Sat Mar 07 20:40:16 UTC 2026","","","",""
"Test cases for TestResources_GetRootCAEntityInfo","232","TestResources_GetRootCAEntityInfo","","Sat Mar 07 20:38:45 UTC 2026","passed","Sat Mar 07 20:38:45 UTC 2026","","Go Test","github.com/specterops/bloodhound/cmd/api/src/api/v2/TestResources_GetRootCAEntityInfo","TestResources_GetRootCAEntityInfo"
"","472","accepts a valid file and allows the user to continue through the upload process","File Upload","Sat Mar 07 20:40:55 UTC 2026","passed","Sat Mar 07 20:40:56 UTC 2026","","","",""
"Test cases for TestJSONFloat_MarshalJSON_NaN","0","TestJSONFloat_MarshalJSON_NaN","","Sat Mar 07 20:38:52 UTC 2026","passed","Sat Mar 07 20:38:52 UTC 2026","","Go Test","github.com/specterops/bloodhound/cmd/api/src/database/types/nan/TestJSONFloat_MarshalJSON_NaN","TestJSONFloat_MarshalJSON_NaN"
"","267","disables GraphButton when isCurrentSearchOpen is true","GraphControls","Sat Mar 07 20:39:50 UTC 2026","passed","Sat Mar 07 20:39:50 UTC 2026","","Searching current results","",""
"","1","combines collected and risk filters","filterAndSearchEnvironments","Sat Mar 07 20:39:25 UTC 2026","passed","Sat Mar 07 20:39:25 UTC 2026","","combined filters","",""
"Test cases for Test_formatSearchResults_limit","0","Test_formatSearchResults_limit","","Sat Mar 07 20:38:55 UTC 2026","passed","Sat Mar 07 20:38:55 UTC 2026","","Go Test","github.com/specterops/bloodhound/cmd/api/src/queries/Test_formatSearchResults_limit","Test_formatSearchResults_limit"
"Test cases for TestMatches_FailureModel","0","TestMatches_FailureModel","","Sat Mar 07 20:38:54 UTC 2026","passed","Sat Mar 07 20:38:54 UTC 2026","","Go Test","github.com/specterops/bloodhound/cmd/api/src/model/TestMatches_FailureModel","TestMatches_FailureModel"
"","63","displays active styles for the selected layout when explore table is enabled","GraphControls","Sat Mar 07 20:39:49 UTC 2026","passed","Sat Mar 07 20:39:50 UTC 2026","","Selecting a layout","",""
"","547","runs the query and calls dispatch to set the node results","PrivilegeZonesCypherEditor Search component for Zone Management","Sat Mar 07 20:42:11 UTC 2026","passed","Sat Mar 07 20:42:12 UTC 2026","","","",""
"","9","fully replaces state","useObjectState","Sat Mar 07 20:42:30 UTC 2026","passed","Sat Mar 07 20:42:30 UTC 2026","","","",""
"","7","renders highlight only for active member when memberId is present","SelectedHighlight","Sat Mar 07 20:42:21 UTC 2026","passed","Sat Mar 07 20:42:21 UTC 2026","","","",""
"","186","shows all extensions when search is cleared","ActiveExtensionsCard","Sat Mar 07 20:39:30 UTC 2026","passed","Sat Mar 07 20:39:30 UTC 2026","","","",""
"","3","succeeds for valid password","testPassword","Sat Mar 07 20:43:07 UTC 2026","passed","Sat Mar 07 20:43:07 UTC 2026","","","",""
"","74","takes the param appendQueryKey and will append that value to the existing queryKey","useAvailableEnvironments","Sat Mar 07 20:42:19 UTC 2026","passed","Sat Mar 07 20:42:19 UTC 2026","","useAvailableEnvironments","",""
"","248","sets a primarySearch=id and searchType=pathfinding when secondarySearch is truthy","ContextMenu","Sat Mar 07 20:43:43 UTC 2026","passed","Sat Mar 07 20:43:43 UTC 2026","","","",""
"Test cases for TestInvalidValueError","0","TestInvalidValueError","","Sat Mar 07 20:39:14 UTC 2026","passed","Sat Mar 07 20:39:14 UTC 2026","","Go Test","github.com/specterops/bloodhound/packages/go/cache/TestInvalidValueError","TestInvalidValueError"
"Test cases for Test_FixtureTeardown","1","Test_FixtureTeardown","","Sat Mar 07 20:39:16 UTC 2026","passed","Sat Mar 07 20:39:16 UTC 2026","","Go Test","github.com/specterops/bloodhound/packages/go/lab/Test_FixtureTeardown","Test_FixtureTeardown"
"Test cases for Test_validateGraphExtension","3","Test_validateGraphExtension","","Sat Mar 07 20:38:58 UTC 2026","passed","Sat Mar 07 20:38:58 UTC 2026","","Go Test","github.com/specterops/bloodhound/cmd/api/src/services/opengraphschema/Test_validateGraphExtension","Test_validateGraphExtension"
"Test cases for TestContextMiddlewareBypassDisabled","0","TestContextMiddlewareBypassDisabled","","Sat Mar 07 20:38:37 UTC 2026","passed","Sat Mar 07 20:38:37 UTC 2026","","Go Test","github.com/specterops/bloodhound/cmd/api/src/api/middleware/TestContextMiddlewareBypassDisabled","TestContextMiddlewareBypassDisabled"
"Test cases for TestGenerateQRCodeBase64","10","TestGenerateQRCodeBase64","","Sat Mar 07 20:38:46 UTC 2026","passed","Sat Mar 07 20:38:46 UTC 2026","","Go Test","github.com/specterops/bloodhound/cmd/api/src/auth/TestGenerateQRCodeBase64","TestGenerateQRCodeBase64"
"Test cases for TestResources_GetNTAuthStoreEntityInfo","232","TestResources_GetNTAuthStoreEntityInfo","","Sat Mar 07 20:38:45 UTC 2026","passed","Sat Mar 07 20:38:45 UTC 2026","","Go Test","github.com/specterops/bloodhound/cmd/api/src/api/v2/TestResources_GetNTAuthStoreEntityInfo","TestResources_GetNTAuthStoreEntityInfo"
"Test cases for TestTagScanner_NextTopLevelTag","0","TestTagScanner_NextTopLevelTag","","Sat Mar 07 20:38:59 UTC 2026","passed","Sat Mar 07 20:38:59 UTC 2026","","Go Test","github.com/specterops/bloodhound/cmd/api/src/services/upload/TestTagScanner_NextTopLevelTag","TestTagScanner_NextTopLevelTag"
"Test cases for TestManagementResource_DeleteUser_Success","695","TestManagementResource_DeleteUser_Success","","Sat Mar 07 20:39:03 UTC 2026","passed","Sat Mar 07 20:39:03 UTC 2026","","Go Test","github.com/specterops/bloodhound/cmd/api/src/api/v2/auth/TestManagementResource_DeleteUser_Success","TestManagementResource_DeleteUser_Success"
"","14","displays contact admin message when hidden edge is true","EdgeInfoContent","Sat Mar 07 20:39:29 UTC 2026","passed","Sat Mar 07 20:39:29 UTC 2026","","EdgeInfoContent support for hidden edges","",""
"Test cases for TestSignRequestValuesSuccess","1","TestSignRequestValuesSuccess","","Sat Mar 07 20:38:32 UTC 2026","passed","Sat Mar 07 20:38:32 UTC 2026","","Go Test","github.com/specterops/bloodhound/cmd/api/src/api/TestSignRequestValuesSuccess","TestSignRequestValuesSuccess"
"Test cases for TestResources_GetDomainEntityInfo","1","TestResources_GetDomainEntityInfo","","Sat Mar 07 20:38:45 UTC 2026","passed","Sat Mar 07 20:38:45 UTC 2026","","Go Test","github.com/specterops/bloodhound/cmd/api/src/api/v2/TestResources_GetDomainEntityInfo","TestResources_GetDomainEntityInfo"
"Test cases for TestBuildErrorResponseConflict","0","TestBuildErrorResponseConflict","","Sat Mar 07 20:38:32 UTC 2026","passed","Sat Mar 07 20:38:32 UTC 2026","","Go Test","github.com/specterops/bloodhound/cmd/api/src/api/TestBuildErrorResponseConflict","TestBuildErrorResponseConflict"
"Test cases for TestJSONFloat_MarshalJSON","1","TestJSONFloat_MarshalJSON","","Sat Mar 07 20:38:52 UTC 2026","passed","Sat Mar 07 20:38:52 UTC 2026","","Go Test","github.com/specterops/bloodhound/cmd/api/src/database/types/nan/TestJSONFloat_MarshalJSON","TestJSONFloat_MarshalJSON"
"Test cases for TestQueries_GetRequestedType","0","TestQueries_GetRequestedType","","Sat Mar 07 20:38:56 UTC 2026","passed","Sat Mar 07 20:38:56 UTC 2026","","Go Test","github.com/specterops/bloodhound/cmd/api/src/queries/TestQueries_GetRequestedType","TestQueries_GetRequestedType"
"","0","Origin label and sizing are used when specified","copySigmaNodesToGraphlibGraph","Sat Mar 07 20:44:02 UTC 2026","passed","Sat Mar 07 20:44:02 UTC 2026","","","",""
"Test cases for Test_parseLatestVersion","0","Test_parseLatestVersion","","Sat Mar 07 20:39:27 UTC 2026","passed","Sat Mar 07 20:39:27 UTC 2026","","Go Test","github.com/specterops/bloodhound/packages/go/stbernard/git/Test_parseLatestVersion","Test_parseLatestVersion"
"Test cases for TestResources_ListADCSEscalations","0","TestResources_ListADCSEscalations","","Sat Mar 07 20:38:45 UTC 2026","passed","Sat Mar 07 20:38:45 UTC 2026","","Go Test","github.com/specterops/bloodhound/cmd/api/src/api/v2/TestResources_ListADCSEscalations","TestResources_ListADCSEscalations"
"","3","should return null if the edge key does not have enough information","getEdgeDataFromKey","Sat Mar 07 20:44:09 UTC 2026","passed","Sat Mar 07 20:44:09 UTC 2026","","","",""
"","837","handles adding to tier zero asset group","AssetGroupMenuItem","Sat Mar 07 20:43:33 UTC 2026","passed","Sat Mar 07 20:43:34 UTC 2026","","adding to an asset group","",""
"","17","function should return 1 when first param is larger, no matter the data type","Compare function for explore table sort","Sat Mar 07 20:41:20 UTC 2026","passed","Sat Mar 07 20:41:20 UTC 2026","","","",""
"","860","renders the node in the entity panel when member is clicked","GroupManagement","Sat Mar 07 20:43:53 UTC 2026","passed","Sat Mar 07 20:43:54 UTC 2026","","","",""
"","126","should fire Cancel once with false","ConfirmationDialog","Sat Mar 07 20:42:58 UTC 2026","passed","Sat Mar 07 20:42:58 UTC 2026","","","",""
"Test cases for Test_NewSpecWithHooks","1","Test_NewSpecWithHooks","","Sat Mar 07 20:39:16 UTC 2026","passed","Sat Mar 07 20:39:16 UTC 2026","","Go Test","github.com/specterops/bloodhound/packages/go/lab/Test_NewSpecWithHooks","Test_NewSpecWithHooks"
"","7","does not request finished jobs if lacking permission","useFinishedJobs","Sat Mar 07 20:40:52 UTC 2026","passed","Sat Mar 07 20:40:52 UTC 2026","","","",""
"","80","initializes search tab to node search if the exploreSearchTab is not a supported tab name on first render","ExploreSearch sets searchType on tab changing","Sat Mar 07 20:43:37 UTC 2026","passed","Sat Mar 07 20:43:37 UTC 2026","","","",""
"Test cases for TestQueries_BuildEntityQueryParams","0","TestQueries_BuildEntityQueryParams","","Sat Mar 07 20:38:56 UTC 2026","passed","Sat Mar 07 20:38:56 UTC 2026","","Go Test","github.com/specterops/bloodhound/cmd/api/src/queries/TestQueries_BuildEntityQueryParams","TestQueries_BuildEntityQueryParams"
"Test cases for TestParseIntQueryParameter","87","TestParseIntQueryParameter","","Sat Mar 07 20:38:45 UTC 2026","passed","Sat Mar 07 20:38:45 UTC 2026","","Go Test","github.com/specterops/bloodhound/cmd/api/src/api/v2/TestParseIntQueryParameter","TestParseIntQueryParameter"
"","226","should display ""Close"" button","UserTokenManagementDialog","Sat Mar 07 20:41:54 UTC 2026","passed","Sat Mar 07 20:41:54 UTC 2026","","","",""
"","871","should call onSave when save button is clicked","SaveQueryDialog","Sat Mar 07 20:39:15 UTC 2026","passed","Sat Mar 07 20:39:15 UTC 2026","","","",""
"Test cases for TestResources_ListADOUContainedUsers","4","TestResources_ListADOUContainedUsers","","Sat Mar 07 20:38:45 UTC 2026","passed","Sat Mar 07 20:38:45 UTC 2026","","Go Test","github.com/specterops/bloodhound/cmd/api/src/api/v2/TestResources_ListADOUContainedUsers","TestResources_ListADOUContainedUsers"
"","168","Displays a notification when analysis has been requested successfully","AnalyzeNowConfiguration","Sat Mar 07 20:40:30 UTC 2026","passed","Sat Mar 07 20:40:30 UTC 2026","","","",""
"","44","Calls the cypher search endpoint for a node with a type that is not in our schema","EntityObjectInformation","Sat Mar 07 20:41:08 UTC 2026","passed","Sat Mar 07 20:41:08 UTC 2026","","","",""
"Test cases for TestCORSMiddleware","0","TestCORSMiddleware","","Sat Mar 07 20:38:37 UTC 2026","passed","Sat Mar 07 20:38:37 UTC 2026","","Go Test","github.com/specterops/bloodhound/cmd/api/src/api/middleware/TestCORSMiddleware","TestCORSMiddleware"
"","193","removes a node from an asset group tag","AssetGroupMenuItem","Sat Mar 07 20:40:07 UTC 2026","passed","Sat Mar 07 20:40:07 UTC 2026","","","",""
"","9","can composes search params from the search prop and use them in the redirect","AppNavigate","Sat Mar 07 20:42:04 UTC 2026","passed","Sat Mar 07 20:42:04 UTC 2026","","","",""
"Test cases for TestValidateTOTPSecret","0","TestValidateTOTPSecret","","Sat Mar 07 20:38:46 UTC 2026","passed","Sat Mar 07 20:38:46 UTC 2026","","Go Test","github.com/specterops/bloodhound/cmd/api/src/auth/TestValidateTOTPSecret","TestValidateTOTPSecret"
"Test cases for TestResources_GetAssetGroupMemberCount_DBError","0","TestResources_GetAssetGroupMemberCount_DBError","","Sat Mar 07 20:38:45 UTC 2026","passed","Sat Mar 07 20:38:45 UTC 2026","","Go Test","github.com/specterops/bloodhound/cmd/api/src/api/v2/TestResources_GetAssetGroupMemberCount_DBError","TestResources_GetAssetGroupMemberCount_DBError"
"Test cases for TestResources_GetAIACAEntityInfo","232","TestResources_GetAIACAEntityInfo","","Sat Mar 07 20:38:45 UTC 2026","passed","Sat Mar 07 20:38:45 UTC 2026","","Go Test","github.com/specterops/bloodhound/cmd/api/src/api/v2/TestResources_GetAIACAEntityInfo","TestResources_GetAIACAEntityInfo"
"Test cases for TestManagementResource_OIDCCallbackHandler","20","TestManagementResource_OIDCCallbackHandler","","Sat Mar 07 20:39:18 UTC 2026","passed","Sat Mar 07 20:39:18 UTC 2026","","Go Test","github.com/specterops/bloodhound/cmd/api/src/api/v2/auth/TestManagementResource_OIDCCallbackHandler","TestManagementResource_OIDCCallbackHandler"
"","76","should render a button with the passed in display text","GraphButton","Sat Mar 07 20:43:10 UTC 2026","passed","Sat Mar 07 20:43:10 UTC 2026","","","",""
"","380","should not call onSave when Save button is clicked and form input is invalid","CreateUserDialog","Sat Mar 07 20:39:39 UTC 2026","passed","Sat Mar 07 20:39:39 UTC 2026","","","",""
"Test cases for TestGetSkipParamForGraphQuery","0","TestGetSkipParamForGraphQuery","","Sat Mar 07 20:39:09 UTC 2026","passed","Sat Mar 07 20:39:09 UTC 2026","","Go Test","github.com/specterops/bloodhound/cmd/api/src/utils/TestGetSkipParamForGraphQuery","TestGetSkipParamForGraphQuery"
"","378","should render","LoginViaSSOForm","Sat Mar 07 20:41:45 UTC 2026","passed","Sat Mar 07 20:41:46 UTC 2026","","","",""
"","729","should call onSave when Save button is clicked and form input is valid","CreateUserDialog","Sat Mar 07 20:39:39 UTC 2026","passed","Sat Mar 07 20:39:40 UTC 2026","","","",""
"","85","should should reflect the NOT checked state for public query","SavedQueryPermissions","Sat Mar 07 20:41:42 UTC 2026","passed","Sat Mar 07 20:41:42 UTC 2026","","","",""
"","208","only sends dirty fields in the request when updating","Tag Form","Sat Mar 07 20:39:15 UTC 2026","passed","Sat Mar 07 20:39:15 UTC 2026","","","",""
"Test cases for TestAddOrderByToNeo4jQuery_WithOrderByClause","0","TestAddOrderByToNeo4jQuery_WithOrderByClause","","Sat Mar 07 20:38:45 UTC 2026","passed","Sat Mar 07 20:38:45 UTC 2026","","Go Test","github.com/specterops/bloodhound/cmd/api/src/api/v2/TestAddOrderByToNeo4jQuery_WithOrderByClause","TestAddOrderByToNeo4jQuery_WithOrderByClause"
"","634","should display all available roles","CreateUserDialog","Sat Mar 07 20:39:40 UTC 2026","passed","Sat Mar 07 20:39:40 UTC 2026","","","",""
"","24","renders correctly when an unexpected nodeType is passed","NodeIcon","Sat Mar 07 20:42:36 UTC 2026","passed","Sat Mar 07 20:42:36 UTC 2026","","","",""
"","2","isLoading returns as expected based on all queries combined","queriesAreLoadingOrErrored","Sat Mar 07 20:43:06 UTC 2026","passed","Sat Mar 07 20:43:06 UTC 2026","","","",""
"Test cases for TestWriteTimeWindowedResponse","0","TestWriteTimeWindowedResponse","","Sat Mar 07 20:38:32 UTC 2026","passed","Sat Mar 07 20:38:32 UTC 2026","","Go Test","github.com/specterops/bloodhound/cmd/api/src/api/TestWriteTimeWindowedResponse","TestWriteTimeWindowedResponse"
"","94","applies correct dynamic height based on filtered data","ActiveExtensionsCard","Sat Mar 07 20:39:30 UTC 2026","passed","Sat Mar 07 20:39:30 UTC 2026","","","",""
"","351","should render","OneTimePasscodeForm","Sat Mar 07 20:42:26 UTC 2026","passed","Sat Mar 07 20:42:27 UTC 2026","","","",""
"Test cases for TestTimeFrom","0","TestTimeFrom","","Sat Mar 07 20:38:52 UTC 2026","passed","Sat Mar 07 20:38:52 UTC 2026","","Go Test","github.com/specterops/bloodhound/cmd/api/src/database/types/null/TestTimeFrom","TestTimeFrom"
"","29","should highlight selected route","Main Nav Route Highlighting","Sat Mar 07 20:39:50 UTC 2026","passed","Sat Mar 07 20:39:50 UTC 2026","","","",""
"Test cases for TestResources_ListFileUploadJobs","2","TestResources_ListFileUploadJobs","","Sat Mar 07 20:38:45 UTC 2026","passed","Sat Mar 07 20:38:45 UTC 2026","","Go Test","github.com/specterops/bloodhound/cmd/api/src/api/v2/TestResources_ListFileUploadJobs","TestResources_ListFileUploadJobs"
"","20","should display hidden label for hidden edge","EdgeInfoHeader","Sat Mar 07 20:41:59 UTC 2026","passed","Sat Mar 07 20:41:59 UTC 2026","","","",""
"Test cases for TestDatabase_checkError_NotFound","0","TestDatabase_checkError_NotFound","","Sat Mar 07 20:38:52 UTC 2026","passed","Sat Mar 07 20:38:52 UTC 2026","","Go Test","github.com/specterops/bloodhound/cmd/api/src/database/TestDatabase_checkError_NotFound","TestDatabase_checkError_NotFound"
"","7","updates key in state","useObjectState","Sat Mar 07 20:42:30 UTC 2026","passed","Sat Mar 07 20:42:30 UTC 2026","","","",""
"Test cases for TestAggregator_Impact","0","TestAggregator_Impact","","Sat Mar 07 20:39:13 UTC 2026","passed","Sat Mar 07 20:39:13 UTC 2026","","Go Test","github.com/specterops/bloodhound/packages/go/analysis/impact/TestAggregator_Impact","TestAggregator_Impact"
"","281","has date range input filters","FileIngestFilterDialog","Sat Mar 07 20:39:53 UTC 2026","passed","Sat Mar 07 20:39:54 UTC 2026","","Date Range Inputs","",""
"Test cases for TestGC_Start","1001","TestGC_Start","","Sat Mar 07 20:38:50 UTC 2026","passed","Sat Mar 07 20:38:51 UTC 2026","","Go Test","github.com/specterops/bloodhound/cmd/api/src/daemons/gc/TestGC_Start","TestGC_Start"
"","109","should not display a badge when role based filtering is true and show filter banner is false by default","EntityInfoPanel","Sat Mar 07 20:42:18 UTC 2026","passed","Sat Mar 07 20:42:18 UTC 2026","","","",""
"","65","renders the title passed via title prop","ColumnHeaders","Sat Mar 07 20:41:16 UTC 2026","passed","Sat Mar 07 20:41:16 UTC 2026","","BaseColumnHeader","",""
"Test cases for TestSignRequestTeeFailure","0","TestSignRequestTeeFailure","","Sat Mar 07 20:38:32 UTC 2026","passed","Sat Mar 07 20:38:32 UTC 2026","","Go Test","github.com/specterops/bloodhound/cmd/api/src/api/TestSignRequestTeeFailure","TestSignRequestTeeFailure"
"Test cases for TestResources_UpdateSavedQuery_OwnPrivateQuery_Success","0","TestResources_UpdateSavedQuery_OwnPrivateQuery_Success","","Sat Mar 07 20:38:45 UTC 2026","passed","Sat Mar 07 20:38:45 UTC 2026","","Go Test","github.com/specterops/bloodhound/cmd/api/src/api/v2/TestResources_UpdateSavedQuery_OwnPrivateQuery_Success","TestResources_UpdateSavedQuery_OwnPrivateQuery_Success"
"Test cases for TestTimePointer","0","TestTimePointer","","Sat Mar 07 20:38:52 UTC 2026","passed","Sat Mar 07 20:38:52 UTC 2026","","Go Test","github.com/specterops/bloodhound/cmd/api/src/database/types/null/TestTimePointer","TestTimePointer"
"Test cases for TestResources_ListADGPOAffectedTierZero","1","TestResources_ListADGPOAffectedTierZero","","Sat Mar 07 20:38:45 UTC 2026","passed","Sat Mar 07 20:38:45 UTC 2026","","Go Test","github.com/specterops/bloodhound/cmd/api/src/api/v2/TestResources_ListADGPOAffectedTierZero","TestResources_ListADGPOAffectedTierZero"
"","192","shows all checked boxes","SourceKindsCheckboxes","Sat Mar 07 20:40:47 UTC 2026","passed","Sat Mar 07 20:40:47 UTC 2026","","","",""
"","338","disables checkboxes by default","SourceKindsCheckboxes","Sat Mar 07 20:40:46 UTC 2026","passed","Sat Mar 07 20:40:46 UTC 2026","","","",""
"Test cases for TestResources_GetEdgeComposition","117","TestResources_GetEdgeComposition","","Sat Mar 07 20:38:45 UTC 2026","passed","Sat Mar 07 20:38:45 UTC 2026","","Go Test","github.com/specterops/bloodhound/cmd/api/src/api/v2/TestResources_GetEdgeComposition","TestResources_GetEdgeComposition"
"","98","renders the analysis toggle when multi tier analysis enabled is true and when editing an existing zone","Tag Form","Sat Mar 07 20:39:14 UTC 2026","passed","Sat Mar 07 20:39:14 UTC 2026","","","",""
"Test cases for TestFormatDatabaseError","0","TestFormatDatabaseError","","Sat Mar 07 20:38:32 UTC 2026","passed","Sat Mar 07 20:38:32 UTC 2026","","Go Test","github.com/specterops/bloodhound/cmd/api/src/api/TestFormatDatabaseError","TestFormatDatabaseError"
"","14","does not show tooltip text by default","ColumnHeaders","Sat Mar 07 20:41:16 UTC 2026","passed","Sat Mar 07 20:41:16 UTC 2026","","SortableHeader with Tooltip","",""
"Test cases for TestManagementResource_UpdateUser_Success","664","TestManagementResource_UpdateUser_Success","","Sat Mar 07 20:39:03 UTC 2026","passed","Sat Mar 07 20:39:04 UTC 2026","","Go Test","github.com/specterops/bloodhound/cmd/api/src/api/v2/auth/TestManagementResource_UpdateUser_Success","TestManagementResource_UpdateUser_Success"
"Test cases for TestIntSetValid","0","TestIntSetValid","","Sat Mar 07 20:38:52 UTC 2026","passed","Sat Mar 07 20:38:52 UTC 2026","","Go Test","github.com/specterops/bloodhound/cmd/api/src/database/types/null/TestIntSetValid","TestIntSetValid"
"Test cases for TestResources_UpdateAssetGroupSelectors_GetAssetGroupError","0","TestResources_UpdateAssetGroupSelectors_GetAssetGroupError","","Sat Mar 07 20:38:45 UTC 2026","passed","Sat Mar 07 20:38:45 UTC 2026","","Go Test","github.com/specterops/bloodhound/cmd/api/src/api/v2/TestResources_UpdateAssetGroupSelectors_GetAssetGroupError","TestResources_UpdateAssetGroupSelectors_GetAssetGroupError"
"","24","returns a comma separated number when provided with a number > 999","numberFormatting","Sat Mar 07 20:42:57 UTC 2026","passed","Sat Mar 07 20:42:57 UTC 2026","","","",""
"","97","initializes the list with all filters checked by default","usePathfindingFilters","Sat Mar 07 20:42:39 UTC 2026","passed","Sat Mar 07 20:42:39 UTC 2026","","","",""
"","10","renders without pulse animation by default","StatusIndicator","Sat Mar 07 20:43:01 UTC 2026","passed","Sat Mar 07 20:43:01 UTC 2026","","","",""
"Test cases for TestManagementResource_UpdateUser_LookupActiveSessionsError","1052","TestManagementResource_UpdateUser_LookupActiveSessionsError","","Sat Mar 07 20:38:59 UTC 2026","passed","Sat Mar 07 20:39:01 UTC 2026","","Go Test","github.com/specterops/bloodhound/cmd/api/src/api/v2/auth/TestManagementResource_UpdateUser_LookupActiveSessionsError","TestManagementResource_UpdateUser_LookupActiveSessionsError"
"","215","should display a searchbox with a placeholder when rendered","AssetGroupEdit","Sat Mar 07 20:41:41 UTC 2026","passed","Sat Mar 07 20:41:41 UTC 2026","","","",""
"","478","clicking cancel on the form takes the user back to the details page the user was on previously","Rule Form","Sat Mar 07 20:39:29 UTC 2026","passed","Sat Mar 07 20:39:30 UTC 2026","","","",""
"Test cases for TestResources_GetAssetGroupTagMemberCountsByKind","2","TestResources_GetAssetGroupTagMemberCountsByKind","","Sat Mar 07 20:38:45 UTC 2026","passed","Sat Mar 07 20:38:45 UTC 2026","","Go Test","github.com/specterops/bloodhound/cmd/api/src/api/v2/TestResources_GetAssetGroupTagMemberCountsByKind","TestResources_GetAssetGroupTagMemberCountsByKind"
"Test cases for Test_filterNodesToSearchResult_filterEnvironments_domainSIDFail","0","Test_filterNodesToSearchResult_filterEnvironments_domainSIDFail","","Sat Mar 07 20:38:55 UTC 2026","passed","Sat Mar 07 20:38:55 UTC 2026","","Go Test","github.com/specterops/bloodhound/cmd/api/src/queries/Test_filterNodesToSearchResult_filterEnvironments_domainSIDFail","Test_filterNodesToSearchResult_filterEnvironments_domainSIDFail"
"","362","on clicking switch shows modal and when clicking cancel closes it and switch stays disabled","CitrixRDPConfiguration","Sat Mar 07 20:40:12 UTC 2026","passed","Sat Mar 07 20:40:12 UTC 2026","","Click on switch to enable","",""
"","267","does not render an edit form for the selected asset group when a user does not have graph write permissions","GroupManagement","Sat Mar 07 20:43:52 UTC 2026","passed","Sat Mar 07 20:43:52 UTC 2026","","","",""
"","10","calls the provided notification method","handleError","Sat Mar 07 20:39:53 UTC 2026","passed","Sat Mar 07 20:39:53 UTC 2026","","","",""
"Test cases for TestResources_GetUserEntityInfo","1","TestResources_GetUserEntityInfo","","Sat Mar 07 20:38:45 UTC 2026","passed","Sat Mar 07 20:38:45 UTC 2026","","Go Test","github.com/specterops/bloodhound/cmd/api/src/api/v2/TestResources_GetUserEntityInfo","TestResources_GetUserEntityInfo"
"","912","should hide Environmental Targeted Access Control panel when showEnvironmentAccessControls prop is true and power user role is selected","UpdateUserForm","Sat Mar 07 20:39:22 UTC 2026","passed","Sat Mar 07 20:39:23 UTC 2026","","","",""
"Test cases for TestCreateUser_Failure","0","TestCreateUser_Failure","","Sat Mar 07 20:38:50 UTC 2026","passed","Sat Mar 07 20:38:50 UTC 2026","","Go Test","github.com/specterops/bloodhound/cmd/api/src/api/v2/auth/TestCreateUser_Failure","TestCreateUser_Failure"
"Test cases for Test_parseRelationshipKindsParam","0","Test_parseRelationshipKindsParam","","Sat Mar 07 20:38:45 UTC 2026","passed","Sat Mar 07 20:38:45 UTC 2026","","Go Test","github.com/specterops/bloodhound/cmd/api/src/api/v2/Test_parseRelationshipKindsParam","Test_parseRelationshipKindsParam"
"","78","has a button with text Clear Filters","AssetGroupEdit","Sat Mar 07 20:40:12 UTC 2026","passed","Sat Mar 07 20:40:13 UTC 2026","","Clear Filters button","",""
"","33","displays security warning","Enable2FADialog","Sat Mar 07 20:41:58 UTC 2026","passed","Sat Mar 07 20:41:58 UTC 2026","","","",""
"Test cases for TestFeatureFlagManagerPoller","79","TestFeatureFlagManagerPoller","","Sat Mar 07 20:38:49 UTC 2026","passed","Sat Mar 07 20:38:49 UTC 2026","","Go Test","github.com/specterops/bloodhound/cmd/api/src/daemons/changelog/TestFeatureFlagManagerPoller","TestFeatureFlagManagerPoller"
"","0","filters by low risk level","filterAndSearchEnvironments","Sat Mar 07 20:39:25 UTC 2026","passed","Sat Mar 07 20:39:25 UTC 2026","","risk filters","",""
"Test cases for TestFloatInfNaN","0","TestFloatInfNaN","","Sat Mar 07 20:38:52 UTC 2026","passed","Sat Mar 07 20:38:52 UTC 2026","","Go Test","github.com/specterops/bloodhound/cmd/api/src/database/types/null/TestFloatInfNaN","TestFloatInfNaN"
"","9","when password is not expired no redirect occurs","AuthenticatedRoute","Sat Mar 07 20:44:00 UTC 2026","passed","Sat Mar 07 20:44:00 UTC 2026","","","",""
"Test cases for TestResources_ShareSavedQueriesPermissions_NonAdmin","7","TestResources_ShareSavedQueriesPermissions_NonAdmin","","Sat Mar 07 20:38:45 UTC 2026","passed","Sat Mar 07 20:38:45 UTC 2026","","Go Test","github.com/specterops/bloodhound/cmd/api/src/api/v2/TestResources_ShareSavedQueriesPermissions_NonAdmin","TestResources_ShareSavedQueriesPermissions_NonAdmin"
"","2","shows the collection methods for the given job","toCollected","Sat Mar 07 20:42:47 UTC 2026","passed","Sat Mar 07 20:42:47 UTC 2026","","","",""
"","534","sets exploreSearchTab param to cypher when the user clicks the `cypher` tab","ExploreSearch sets searchType on tab changing","Sat Mar 07 20:43:36 UTC 2026","passed","Sat Mar 07 20:43:37 UTC 2026","","","",""
"Test cases for TestJSONFloat_UnmarshalJSON_NaN","0","TestJSONFloat_UnmarshalJSON_NaN","","Sat Mar 07 20:38:52 UTC 2026","passed","Sat Mar 07 20:38:52 UTC 2026","","Go Test","github.com/specterops/bloodhound/cmd/api/src/database/types/nan/TestJSONFloat_UnmarshalJSON_NaN","TestJSONFloat_UnmarshalJSON_NaN"
"","92","disables the create user button and does not populate a table if the user lacks the permission","Users","Sat Mar 07 20:40:36 UTC 2026","passed","Sat Mar 07 20:40:36 UTC 2026","","","",""
"","0","returns true if arrays have same content in different order","areArraysSimilar","Sat Mar 07 20:42:50 UTC 2026","passed","Sat Mar 07 20:42:50 UTC 2026","","","",""
"","51","Should display a list of the asset group members","AssetGroupMemberList","Sat Mar 07 20:42:29 UTC 2026","passed","Sat Mar 07 20:42:29 UTC 2026","","","",""
"","0","returns null if paramValue is undefined","useEnvironmentParams","Sat Mar 07 20:43:06 UTC 2026","passed","Sat Mar 07 20:43:06 UTC 2026","","parseEnvironmentAggregation","",""
"","80","should display the ""Authentication"" header","UserProfile","Sat Mar 07 20:40:21 UTC 2026","passed","Sat Mar 07 20:40:21 UTC 2026","","","",""
"Test cases for TestIsValidClientVersion","0","TestIsValidClientVersion","","Sat Mar 07 20:39:09 UTC 2026","passed","Sat Mar 07 20:39:09 UTC 2026","","Go Test","github.com/specterops/bloodhound/cmd/api/src/utils/TestIsValidClientVersion","TestIsValidClientVersion"
"Test cases for TestGetPlatformAggregateStats_Success","1","TestGetPlatformAggregateStats_Success","","Sat Mar 07 20:38:45 UTC 2026","passed","Sat Mar 07 20:38:45 UTC 2026","","Go Test","github.com/specterops/bloodhound/cmd/api/src/api/v2/TestGetPlatformAggregateStats_Success","TestGetPlatformAggregateStats_Success"
"","21","displays CaretDownOutline icon when the sortOrder is undefined","ColumnHeaders","Sat Mar 07 20:41:16 UTC 2026","passed","Sat Mar 07 20:41:16 UTC 2026","","SortableHeader","",""
"Test cases for TestIntFromPtr","0","TestIntFromPtr","","Sat Mar 07 20:38:52 UTC 2026","passed","Sat Mar 07 20:38:52 UTC 2026","","Go Test","github.com/specterops/bloodhound/cmd/api/src/database/types/null/TestIntFromPtr","TestIntFromPtr"
"Test cases for TestIsValidEmail","0","TestIsValidEmail","","Sat Mar 07 20:39:09 UTC 2026","passed","Sat Mar 07 20:39:09 UTC 2026","","Go Test","github.com/specterops/bloodhound/cmd/api/src/utils/TestIsValidEmail","TestIsValidEmail"
"Test cases for TestConvertDomainToNode_InheritanceHashes","0","TestConvertDomainToNode_InheritanceHashes","","Sat Mar 07 20:39:15 UTC 2026","passed","Sat Mar 07 20:39:15 UTC 2026","","Go Test","github.com/specterops/bloodhound/packages/go/ein/TestConvertDomainToNode_InheritanceHashes","TestConvertDomainToNode_InheritanceHashes"
"Test cases for TestGormLogAdapter_Info","1","TestGormLogAdapter_Info","","Sat Mar 07 20:38:52 UTC 2026","passed","Sat Mar 07 20:38:52 UTC 2026","","Go Test","github.com/specterops/bloodhound/cmd/api/src/database/TestGormLogAdapter_Info","TestGormLogAdapter_Info"
"","134","shows the direct object and expanded object list when results are present for both","Seed Selection Results","Sat Mar 07 20:39:57 UTC 2026","passed","Sat Mar 07 20:39:58 UTC 2026","","","",""
"Test cases for Test_ConvertAzureRoleManagementPolicyAssignment","0","Test_ConvertAzureRoleManagementPolicyAssignment","","Sat Mar 07 20:39:15 UTC 2026","passed","Sat Mar 07 20:39:15 UTC 2026","","Go Test","github.com/specterops/bloodhound/packages/go/ein/Test_ConvertAzureRoleManagementPolicyAssignment","Test_ConvertAzureRoleManagementPolicyAssignment"
"Test cases for TestResources_ShareSavedQueriesPermissions_Admin","1","TestResources_ShareSavedQueriesPermissions_Admin","","Sat Mar 07 20:38:45 UTC 2026","passed","Sat Mar 07 20:38:45 UTC 2026","","Go Test","github.com/specterops/bloodhound/cmd/api/src/api/v2/TestResources_ShareSavedQueriesPermissions_Admin","TestResources_ShareSavedQueriesPermissions_Admin"
"","3506","should clear state when logout action is dispatched","redux store","Sat Mar 07 20:44:03 UTC 2026","passed","Sat Mar 07 20:44:06 UTC 2026","","","",""
"Test cases for TestManagementResource_ListUsers_InvalidColumn","1","TestManagementResource_ListUsers_InvalidColumn","","Sat Mar 07 20:38:50 UTC 2026","passed","Sat Mar 07 20:38:50 UTC 2026","","Go Test","github.com/specterops/bloodhound/cmd/api/src/api/v2/auth/TestManagementResource_ListUsers_InvalidColumn","TestManagementResource_ListUsers_InvalidColumn"
"","3","should return true when tag matches term","OperationsFilterPlugin","Sat Mar 07 20:43:11 UTC 2026","passed","Sat Mar 07 20:43:11 UTC 2026","","","",""
"","108","collapses an open item when its header is clicked again","<DetailsAccordion />","Sat Mar 07 20:40:02 UTC 2026","passed","Sat Mar 07 20:40:02 UTC 2026","","","",""
"Test cases for TestTextUnmarshalInt64","0","TestTextUnmarshalInt64","","Sat Mar 07 20:38:52 UTC 2026","passed","Sat Mar 07 20:38:52 UTC 2026","","Go Test","github.com/specterops/bloodhound/cmd/api/src/database/types/null/TestTextUnmarshalInt64","TestTextUnmarshalInt64"
"","421","displays 0 when a given sections returns empty, and sums the rest of the sections correctly","EntityInfoDataTable","Sat Mar 07 20:40:20 UTC 2026","passed","Sat Mar 07 20:40:20 UTC 2026","","Node count for nested table that counts all sections","",""
"Test cases for TestQueries_BuildEntityQueryParams_InvalidLimit","0","TestQueries_BuildEntityQueryParams_InvalidLimit","","Sat Mar 07 20:38:56 UTC 2026","passed","Sat Mar 07 20:38:56 UTC 2026","","Go Test","github.com/specterops/bloodhound/cmd/api/src/queries/TestQueries_BuildEntityQueryParams_InvalidLimit","TestQueries_BuildEntityQueryParams_InvalidLimit"
"","131","should display the logged in user's email address","UserProfile","Sat Mar 07 20:40:21 UTC 2026","passed","Sat Mar 07 20:40:21 UTC 2026","","","",""
"Test cases for Test_runMaybeCachedEntityQuery","0","Test_runMaybeCachedEntityQuery","","Sat Mar 07 20:38:55 UTC 2026","passed","Sat Mar 07 20:38:55 UTC 2026","","Go Test","github.com/specterops/bloodhound/cmd/api/src/queries/Test_runMaybeCachedEntityQuery","Test_runMaybeCachedEntityQuery"
"","572","displays correct content based on platform filter AD","CommonSearches","Sat Mar 07 20:40:06 UTC 2026","passed","Sat Mar 07 20:40:06 UTC 2026","","","",""
"","69","renders a button when actor is not BloodHoundString and note exists","NoteCell component","Sat Mar 07 20:41:59 UTC 2026","passed","Sat Mar 07 20:41:59 UTC 2026","","","",""
"Test cases for TestResources_GetAssetGroupSelectorMemberCountsByKind","3","TestResources_GetAssetGroupSelectorMemberCountsByKind","","Sat Mar 07 20:38:45 UTC 2026","passed","Sat Mar 07 20:38:45 UTC 2026","","Go Test","github.com/specterops/bloodhound/cmd/api/src/api/v2/TestResources_GetAssetGroupSelectorMemberCountsByKind","TestResources_GetAssetGroupSelectorMemberCountsByKind"
"","42","the queries in the list only include nodes and edges that are defined in our schema","common search list","Sat Mar 07 20:42:49 UTC 2026","passed","Sat Mar 07 20:42:49 UTC 2026","","","",""
"Test cases for TestResources_ListADEntityLinkedGPOs","2","TestResources_ListADEntityLinkedGPOs","","Sat Mar 07 20:38:45 UTC 2026","passed","Sat Mar 07 20:38:45 UTC 2026","","Go Test","github.com/specterops/bloodhound/cmd/api/src/api/v2/TestResources_ListADEntityLinkedGPOs","TestResources_ListADEntityLinkedGPOs"
"TestOpenGraphSchemaService_UpsertGraphSchemaExtension -","0","TestOpenGraphSchemaService_UpsertGraphSchemaExtension","","Sat Mar 07 20:38:58 UTC 2026","passed","Sat Mar 07 20:38:58 UTC 2026","","Go Test","github.com/specterops/bloodhound/cmd/api/src/services/opengraphschema/TestOpenGraphSchemaService_UpsertGraphSchemaExtension","TestOpenGraphSchemaService_UpsertGraphSchemaExtension"
"Test cases for TestResources_ListADComputerConstrainedDelegationUsers","4","TestResources_ListADComputerConstrainedDelegationUsers","","Sat Mar 07 20:38:45 UTC 2026","passed","Sat Mar 07 20:38:45 UTC 2026","","Go Test","github.com/specterops/bloodhound/cmd/api/src/api/v2/TestResources_ListADComputerConstrainedDelegationUsers","TestResources_ListADComputerConstrainedDelegationUsers"
"Test cases for TestNewAuditLog_BadAuthContext","0","TestNewAuditLog_BadAuthContext","","Sat Mar 07 20:38:52 UTC 2026","passed","Sat Mar 07 20:38:52 UTC 2026","","Go Test","github.com/specterops/bloodhound/cmd/api/src/database/TestNewAuditLog_BadAuthContext","TestNewAuditLog_BadAuthContext"
"","310","renders the Object Tab content when Object tab is chosen","Selected Details Tab Content","Sat Mar 07 20:42:26 UTC 2026","passed","Sat Mar 07 20:42:26 UTC 2026","","","",""
"Test cases for TestIngestJobs_IsSortable","0","TestIngestJobs_IsSortable","","Sat Mar 07 20:38:54 UTC 2026","passed","Sat Mar 07 20:38:54 UTC 2026","","Go Test","github.com/specterops/bloodhound/cmd/api/src/model/TestIngestJobs_IsSortable","TestIngestJobs_IsSortable"
"","536","should display Environmental Targeted Access Control panel when showEnvironmentAccessControls prop is true and read-only role is selected","CreateUserForm","Sat Mar 07 20:39:46 UTC 2026","passed","Sat Mar 07 20:39:46 UTC 2026","","","",""
"Test cases for TestResources_DeleteAssetGroup","0","TestResources_DeleteAssetGroup","","Sat Mar 07 20:38:45 UTC 2026","passed","Sat Mar 07 20:38:45 UTC 2026","","Go Test","github.com/specterops/bloodhound/cmd/api/src/api/v2/TestResources_DeleteAssetGroup","TestResources_DeleteAssetGroup"
"","407","renders headers","CommonSearches","Sat Mar 07 20:40:04 UTC 2026","passed","Sat Mar 07 20:40:04 UTC 2026","","","",""
"Test cases for TestIntValueOrZero","0","TestIntValueOrZero","","Sat Mar 07 20:38:52 UTC 2026","passed","Sat Mar 07 20:38:52 UTC 2026","","Go Test","github.com/specterops/bloodhound/cmd/api/src/database/types/null/TestIntValueOrZero","TestIntValueOrZero"
"Test cases for TestParseOptionalBool","0","TestParseOptionalBool","","Sat Mar 07 20:38:32 UTC 2026","passed","Sat Mar 07 20:38:32 UTC 2026","","Go Test","github.com/specterops/bloodhound/cmd/api/src/api/TestParseOptionalBool","TestParseOptionalBool"
"Test cases for TestManagementResource_SSOLoginHandler","17","TestManagementResource_SSOLoginHandler","","Sat Mar 07 20:39:18 UTC 2026","passed","Sat Mar 07 20:39:18 UTC 2026","","Go Test","github.com/specterops/bloodhound/cmd/api/src/api/v2/auth/TestManagementResource_SSOLoginHandler","TestManagementResource_SSOLoginHandler"
"Test cases for TestGetOrderForNeo4jQuery","0","TestGetOrderForNeo4jQuery","","Sat Mar 07 20:39:09 UTC 2026","passed","Sat Mar 07 20:39:09 UTC 2026","","Go Test","github.com/specterops/bloodhound/cmd/api/src/utils/TestGetOrderForNeo4jQuery","TestGetOrderForNeo4jQuery"
"","19","returns early if there are no 'collected' environments","useInitialEnvironment","Sat Mar 07 20:42:07 UTC 2026","passed","Sat Mar 07 20:42:07 UTC 2026","","","",""
"","609","calls onSave when valid form inputs are provided","PasswordDialog","Sat Mar 07 20:39:39 UTC 2026","passed","Sat Mar 07 20:39:40 UTC 2026","","","",""
"","43","applies accent styling to headers when accent is true","<DetailsAccordion />","Sat Mar 07 20:40:01 UTC 2026","passed","Sat Mar 07 20:40:01 UTC 2026","","","",""
"Test cases for TestManagementResource_GetUser","16368","TestManagementResource_GetUser","","Sat Mar 07 20:39:01 UTC 2026","passed","Sat Mar 07 20:39:18 UTC 2026","","Go Test","github.com/specterops/bloodhound/cmd/api/src/api/v2/auth/TestManagementResource_GetUser","TestManagementResource_GetUser"
"","0","handles environment with impactValue of 0","filterAndSearchEnvironments","Sat Mar 07 20:39:25 UTC 2026","passed","Sat Mar 07 20:39:25 UTC 2026","","edge cases","",""
"Test cases for TestResources_ExportSavedQueries","15","TestResources_ExportSavedQueries","","Sat Mar 07 20:38:45 UTC 2026","passed","Sat Mar 07 20:38:45 UTC 2026","","Go Test","github.com/specterops/bloodhound/cmd/api/src/api/v2/TestResources_ExportSavedQueries","TestResources_ExportSavedQueries"
"Test cases for TestResources_ListUsersMinimal","17","TestResources_ListUsersMinimal","","Sat Mar 07 20:39:18 UTC 2026","passed","Sat Mar 07 20:39:18 UTC 2026","","Go Test","github.com/specterops/bloodhound/cmd/api/src/api/v2/auth/TestResources_ListUsersMinimal","TestResources_ListUsersMinimal"
"","40","calls openSAMLProviderDialog when create provider button is clicked","CreateMenu","Sat Mar 07 20:40:11 UTC 2026","passed","Sat Mar 07 20:40:11 UTC 2026","","oidc_support feature flag disabled","",""
"Test cases for TestDetectBOMEncoding","0","TestDetectBOMEncoding","","Sat Mar 07 20:39:14 UTC 2026","passed","Sat Mar 07 20:39:14 UTC 2026","","Go Test","github.com/specterops/bloodhound/packages/go/bomenc/TestDetectBOMEncoding","TestDetectBOMEncoding"
"","0","returns default error message for unknown API messages","getErrorMessage","Sat Mar 07 20:39:53 UTC 2026","passed","Sat Mar 07 20:39:53 UTC 2026","","","",""
"","279","should display correctly","ConfirmationDialog","Sat Mar 07 20:42:57 UTC 2026","passed","Sat Mar 07 20:42:58 UTC 2026","","","",""
"Test cases for TestWriteResponseWrapperWithPagination","0","TestWriteResponseWrapperWithPagination","","Sat Mar 07 20:38:32 UTC 2026","passed","Sat Mar 07 20:38:32 UTC 2026","","Go Test","github.com/specterops/bloodhound/cmd/api/src/api/TestWriteResponseWrapperWithPagination","TestWriteResponseWrapperWithPagination"
"","242","opens the dialog when the button is clicked","SchemaUploadDialog","Sat Mar 07 20:41:11 UTC 2026","passed","Sat Mar 07 20:41:11 UTC 2026","","","",""
"Test cases for TestGenerateRandomBase64String","0","TestGenerateRandomBase64String","","Sat Mar 07 20:38:48 UTC 2026","passed","Sat Mar 07 20:38:48 UTC 2026","","Go Test","github.com/specterops/bloodhound/cmd/api/src/config/TestGenerateRandomBase64String","TestGenerateRandomBase64String"
"Test cases for TestManagementResource_ListAuthTokens_DBError","0","TestManagementResource_ListAuthTokens_DBError","","Sat Mar 07 20:39:06 UTC 2026","passed","Sat Mar 07 20:39:06 UTC 2026","","Go Test","github.com/specterops/bloodhound/cmd/api/src/api/v2/auth/TestManagementResource_ListAuthTokens_DBError","TestManagementResource_ListAuthTokens_DBError"
"","56","button is disabled when note is falsy","NoteCell component","Sat Mar 07 20:41:59 UTC 2026","passed","Sat Mar 07 20:41:59 UTC 2026","","","",""
"Test cases for TestManagementResource_CreateOIDCProvider","0","TestManagementResource_CreateOIDCProvider","","Sat Mar 07 20:39:18 UTC 2026","passed","Sat Mar 07 20:39:18 UTC 2026","","Go Test","github.com/specterops/bloodhound/cmd/api/src/api/v2/auth/TestManagementResource_CreateOIDCProvider","TestManagementResource_CreateOIDCProvider"
"","17","renders custom icon correctly","NodeIcon","Sat Mar 07 20:42:36 UTC 2026","passed","Sat Mar 07 20:42:36 UTC 2026","","","",""
"Test cases for TestResources_PreviewSelectors","2","TestResources_PreviewSelectors","","Sat Mar 07 20:38:45 UTC 2026","passed","Sat Mar 07 20:38:45 UTC 2026","","Go Test","github.com/specterops/bloodhound/cmd/api/src/api/v2/TestResources_PreviewSelectors","TestResources_PreviewSelectors"
"","28","renders details for a selected rule and is of type ""Object""","DynamicDetails","Sat Mar 07 20:40:28 UTC 2026","passed","Sat Mar 07 20:40:28 UTC 2026","","","",""
"","40","should render a navigation list item","MainNav","Sat Mar 07 20:39:50 UTC 2026","passed","Sat Mar 07 20:39:50 UTC 2026","","","",""
"","66","displays ! icon when one of the Affected Object calls fail","EntityInfoDataTable","Sat Mar 07 20:40:20 UTC 2026","passed","Sat Mar 07 20:40:20 UTC 2026","","Node count for nested table that counts all sections","",""
"","971","when user performs a single node search, the selected node carries over to the `start node` input field on the pathfinding tab","ExploreSearch interaction","Sat Mar 07 20:43:37 UTC 2026","passed","Sat Mar 07 20:43:38 UTC 2026","","","",""
"","0","should compute the midpoint of a line segment","bezier","Sat Mar 07 20:43:55 UTC 2026","passed","Sat Mar 07 20:43:55 UTC 2026","","","",""
"","2","returns true when WebGL is available in the current browser context","WebGL compatibility check","Sat Mar 07 20:43:14 UTC 2026","passed","Sat Mar 07 20:43:14 UTC 2026","","","",""
"Test cases for TestNewNodeNamePrefix","0","TestNewNodeNamePrefix","","Sat Mar 07 20:39:12 UTC 2026","passed","Sat Mar 07 20:39:12 UTC 2026","","Go Test","github.com/specterops/bloodhound/packages/go/analysis/ad/wellknown/TestNewNodeNamePrefix","TestNewNodeNamePrefix"
"","123","requests finished jobs","useFinishedJobs","Sat Mar 07 20:40:52 UTC 2026","passed","Sat Mar 07 20:40:52 UTC 2026","","","",""
"","79","returns an object with values for assetGroupTagId, params, and setPZQueryParams","usePZQueryParams","Sat Mar 07 20:41:34 UTC 2026","passed","Sat Mar 07 20:41:34 UTC 2026","","","",""
"","187","filters extensions based on search input","ActiveExtensionsCard","Sat Mar 07 20:39:30 UTC 2026","passed","Sat Mar 07 20:39:30 UTC 2026","","","",""
"Test cases for TestManagementResource_DeleteUser_GetUserError","1","TestManagementResource_DeleteUser_GetUserError","","Sat Mar 07 20:39:02 UTC 2026","passed","Sat Mar 07 20:39:02 UTC 2026","","Go Test","github.com/specterops/bloodhound/cmd/api/src/api/v2/auth/TestManagementResource_DeleteUser_GetUserError","TestManagementResource_DeleteUser_GetUserError"
"","10","shows date placeholder if no hint is given","ManagedDatePicker - placeholders","Sat Mar 07 20:41:08 UTC 2026","passed","Sat Mar 07 20:41:08 UTC 2026","","","",""
"Test cases for TestMarshalTime","1","TestMarshalTime","","Sat Mar 07 20:38:52 UTC 2026","passed","Sat Mar 07 20:38:52 UTC 2026","","Go Test","github.com/specterops/bloodhound/cmd/api/src/database/types/null/TestMarshalTime","TestMarshalTime"
"","716","should not allow the input to exceed the allowed length","UpdateUserForm","Sat Mar 07 20:39:19 UTC 2026","passed","Sat Mar 07 20:39:20 UTC 2026","","","",""
"","668","renders a button and a menu","CreateMenu","Sat Mar 07 20:40:10 UTC 2026","passed","Sat Mar 07 20:40:11 UTC 2026","","oidc_support feature flag enabled","",""
"","551","adds node to asset group tag with confirmation","AssetGroupMenuItem","Sat Mar 07 20:40:06 UTC 2026","passed","Sat Mar 07 20:40:06 UTC 2026","","","",""
"Test cases for TestManagementResource_UpdateSAMLProviderRequest","25","TestManagementResource_UpdateSAMLProviderRequest","","Sat Mar 07 20:39:18 UTC 2026","passed","Sat Mar 07 20:39:18 UTC 2026","","Go Test","github.com/specterops/bloodhound/cmd/api/src/api/v2/auth/TestManagementResource_UpdateSAMLProviderRequest","TestManagementResource_UpdateSAMLProviderRequest"
"","38","calculates the running time of a job and converts to a human readable format","getSimpleDuration","Sat Mar 07 20:42:31 UTC 2026","passed","Sat Mar 07 20:42:31 UTC 2026","","","",""
"Test cases for TestResources_ListADComputerSQLAdmins","0","TestResources_ListADComputerSQLAdmins","","Sat Mar 07 20:38:45 UTC 2026","passed","Sat Mar 07 20:38:45 UTC 2026","","Go Test","github.com/specterops/bloodhound/cmd/api/src/api/v2/TestResources_ListADComputerSQLAdmins","TestResources_ListADComputerSQLAdmins"
"","2168","when user performs a pathfinding search, the swap button is disabled until both the start and destination nodes are provided","Pathfinding: interaction","Sat Mar 07 20:40:40 UTC 2026","passed","Sat Mar 07 20:40:42 UTC 2026","","","",""
"","248","toggles sort order when clicking sortable header","RulesAccordion","Sat Mar 07 20:41:26 UTC 2026","passed","Sat Mar 07 20:41:26 UTC 2026","","","",""
"Test cases for Test_HarnessTeardown","0","Test_HarnessTeardown","","Sat Mar 07 20:39:16 UTC 2026","passed","Sat Mar 07 20:39:16 UTC 2026","","Go Test","github.com/specterops/bloodhound/packages/go/lab/Test_HarnessTeardown","Test_HarnessTeardown"
"","41","does not render when ruleId is empty","Delete Selector Button rendering","Sat Mar 07 20:42:52 UTC 2026","passed","Sat Mar 07 20:42:52 UTC 2026","","","",""
"Test cases for TestGetLatestQueryParameter_LatestMalformed","0","TestGetLatestQueryParameter_LatestMalformed","","Sat Mar 07 20:38:45 UTC 2026","passed","Sat Mar 07 20:38:45 UTC 2026","","Go Test","github.com/specterops/bloodhound/cmd/api/src/api/v2/TestGetLatestQueryParameter_LatestMalformed","TestGetLatestQueryParameter_LatestMalformed"
"","0","should compute the length of a line segment","bezier","Sat Mar 07 20:43:55 UTC 2026","passed","Sat Mar 07 20:43:55 UTC 2026","","","",""
"Test cases for TestResources_ListADGPOAffectedUsers","0","TestResources_ListADGPOAffectedUsers","","Sat Mar 07 20:38:45 UTC 2026","passed","Sat Mar 07 20:38:45 UTC 2026","","Go Test","github.com/specterops/bloodhound/cmd/api/src/api/v2/TestResources_ListADGPOAffectedUsers","TestResources_ListADGPOAffectedUsers"
"","56","enables filtering out for tags that are treated as Labels (including Owned)","the useAssetGroupTags utilities","Sat Mar 07 20:39:59 UTC 2026","passed","Sat Mar 07 20:39:59 UTC 2026","","","",""
"","24","renders GraphButton with correct text","GraphControls","Sat Mar 07 20:39:50 UTC 2026","passed","Sat Mar 07 20:39:50 UTC 2026","","Searching current results","",""
"","14","allows you to cancel filter updates before applying them to the url and reset to the default filter state","usePathfindingFilters","Sat Mar 07 20:42:39 UTC 2026","passed","Sat Mar 07 20:42:39 UTC 2026","","","",""
"","408","displays default text for domain selector when globalDomain is null","GroupManagement","Sat Mar 07 20:43:51 UTC 2026","passed","Sat Mar 07 20:43:51 UTC 2026","","","",""
"Test cases for Test_HarnessSetup","0","Test_HarnessSetup","","Sat Mar 07 20:39:16 UTC 2026","passed","Sat Mar 07 20:39:16 UTC 2026","","Go Test","github.com/specterops/bloodhound/packages/go/lab/Test_HarnessSetup","Test_HarnessSetup"
"Test cases for TestResources_CreateSavedQuery_NotAUserAuth","2","TestResources_CreateSavedQuery_NotAUserAuth","","Sat Mar 07 20:38:45 UTC 2026","passed","Sat Mar 07 20:38:45 UTC 2026","","Go Test","github.com/specterops/bloodhound/cmd/api/src/api/v2/TestResources_CreateSavedQuery_NotAUserAuth","TestResources_CreateSavedQuery_NotAUserAuth"
"","587","dispatches an action to add the associated node","Rule Object Select","Sat Mar 07 20:42:03 UTC 2026","passed","Sat Mar 07 20:42:03 UTC 2026","","","",""
"","236","should display filter dropwdowns","CommonSearches","Sat Mar 07 20:40:04 UTC 2026","passed","Sat Mar 07 20:40:04 UTC 2026","","","",""
"Test cases for TestUnmarshalBool","0","TestUnmarshalBool","","Sat Mar 07 20:38:52 UTC 2026","passed","Sat Mar 07 20:38:52 UTC 2026","","Go Test","github.com/specterops/bloodhound/cmd/api/src/database/types/null/TestUnmarshalBool","TestUnmarshalBool"
"","0","should hide/expand search widget when user clicks minus/plus button","ExploreSearch rendering per tab","Sat Mar 07 20:44:16 UTC 2026","unknown","Sat Mar 07 20:44:16 UTC 2026","","","",""
"","392","should not allow leading or trailing empty spaces","UpdateUserForm","Sat Mar 07 20:39:20 UTC 2026","passed","Sat Mar 07 20:39:21 UTC 2026","","","",""
"Test cases for Test_UseFixture","0","Test_UseFixture","","Sat Mar 07 20:39:16 UTC 2026","passed","Sat Mar 07 20:39:16 UTC 2026","","Go Test","github.com/specterops/bloodhound/packages/go/lab/Test_UseFixture","Test_UseFixture"
"Test cases for TestOverwriteQueryParamIfHeaderAndParamExist","1","TestOverwriteQueryParamIfHeaderAndParamExist","","Sat Mar 07 20:39:10 UTC 2026","passed","Sat Mar 07 20:39:10 UTC 2026","","Go Test","github.com/specterops/bloodhound/cmd/api/src/utils/test/TestOverwriteQueryParamIfHeaderAndParamExist","TestOverwriteQueryParamIfHeaderAndParamExist"
"","0","does not change the day, month, or year value of the DateTime object","floorToNearestMinute","Sat Mar 07 20:42:31 UTC 2026","passed","Sat Mar 07 20:42:31 UTC 2026","","","",""
"","2","returns null if paramValue is +0","useEnvironmentParams","Sat Mar 07 20:43:06 UTC 2026","passed","Sat Mar 07 20:43:06 UTC 2026","","parseEnvironmentAggregation","",""
"","90","should display the logged in user's full name","UserProfile","Sat Mar 07 20:40:21 UTC 2026","passed","Sat Mar 07 20:40:21 UTC 2026","","","",""
"Test cases for TestStringFrom","0","TestStringFrom","","Sat Mar 07 20:38:52 UTC 2026","passed","Sat Mar 07 20:38:52 UTC 2026","","Go Test","github.com/specterops/bloodhound/cmd/api/src/database/types/null/TestStringFrom","TestStringFrom"
"","64","includes all traversable OpenGraph edges in their own category when they are available via the API","useEdgeCategories","Sat Mar 07 20:40:16 UTC 2026","passed","Sat Mar 07 20:40:16 UTC 2026","","","",""
"","725","should call onSubmit with email address and password when login button clicked","LoginForm","Sat Mar 07 20:42:34 UTC 2026","passed","Sat Mar 07 20:42:35 UTC 2026","","","",""
"","0","Input does not contain a type","Parsing the debounced input for type and keyword values","Sat Mar 07 20:41:23 UTC 2026","passed","Sat Mar 07 20:41:23 UTC 2026","","","",""
"","0","returns false for arrays with different object references","areArraysSimilar","Sat Mar 07 20:42:50 UTC 2026","passed","Sat Mar 07 20:42:50 UTC 2026","","","",""
"","0","returns paramValue as EnvironmentAggregation if paramValue is all","useEnvironmentParams","Sat Mar 07 20:43:06 UTC 2026","passed","Sat Mar 07 20:43:06 UTC 2026","","parseEnvironmentAggregation","",""
"","66","should render oidc info provider","SSOProviderTable","Sat Mar 07 20:41:50 UTC 2026","passed","Sat Mar 07 20:41:50 UTC 2026","","","",""
"","1686","should add an option and display the changelog when it is clicked","AssetGroupEdit","Sat Mar 07 20:41:43 UTC 2026","passed","Sat Mar 07 20:41:44 UTC 2026","","","",""
"Test cases for TestDomainSelectors_GetFilterableColumns","0","TestDomainSelectors_GetFilterableColumns","","Sat Mar 07 20:38:54 UTC 2026","passed","Sat Mar 07 20:38:54 UTC 2026","","Go Test","github.com/specterops/bloodhound/cmd/api/src/model/TestDomainSelectors_GetFilterableColumns","TestDomainSelectors_GetFilterableColumns"
"Test cases for TestResources_SearchHandler_ETAC","0","TestResources_SearchHandler_ETAC","","Sat Mar 07 20:38:45 UTC 2026","passed","Sat Mar 07 20:38:45 UTC 2026","","Go Test","github.com/specterops/bloodhound/cmd/api/src/api/v2/TestResources_SearchHandler_ETAC","TestResources_SearchHandler_ETAC"
"","0","The node radius is adjusted for nodes that have their ""highlighted"" property set to true since the highlight adds some padding","getNodeRadius","Sat Mar 07 20:44:03 UTC 2026","passed","Sat Mar 07 20:44:03 UTC 2026","","","",""
"Test cases for TestResources_ListAuditLogs_InvalidSkip","0","TestResources_ListAuditLogs_InvalidSkip","","Sat Mar 07 20:38:45 UTC 2026","passed","Sat Mar 07 20:38:45 UTC 2026","","Go Test","github.com/specterops/bloodhound/cmd/api/src/api/v2/TestResources_ListAuditLogs_InvalidSkip","TestResources_ListAuditLogs_InvalidSkip"
"","373","renders no asset group edit options without graph write permissions","ContextMenu","Sat Mar 07 20:43:42 UTC 2026","passed","Sat Mar 07 20:43:43 UTC 2026","","","",""
"","847","should hide Environmental Targeted Access Control panel when showEnvironmentAccessControls prop is true and power user role is selected","CreateUserForm","Sat Mar 07 20:39:47 UTC 2026","passed","Sat Mar 07 20:39:47 UTC 2026","","","",""
"","18","the ID value reflects the URL when it is available","usePZQueryParams","Sat Mar 07 20:41:34 UTC 2026","passed","Sat Mar 07 20:41:34 UTC 2026","","","",""
"","352","renders icons as expected","DropdownSelector","Sat Mar 07 20:42:07 UTC 2026","passed","Sat Mar 07 20:42:08 UTC 2026","","","",""
"","0","returns empty array when combined filters match nothing","filterAndSearchEnvironments","Sat Mar 07 20:39:25 UTC 2026","passed","Sat Mar 07 20:39:25 UTC 2026","","combined filters","",""
"Test cases for TestMarshalIntText","0","TestMarshalIntText","","Sat Mar 07 20:38:52 UTC 2026","passed","Sat Mar 07 20:38:52 UTC 2026","","Go Test","github.com/specterops/bloodhound/cmd/api/src/database/types/null/TestMarshalIntText","TestMarshalIntText"
"Test cases for TestResources_ListAssetGroups","1","TestResources_ListAssetGroups","","Sat Mar 07 20:38:45 UTC 2026","passed","Sat Mar 07 20:38:45 UTC 2026","","Go Test","github.com/specterops/bloodhound/cmd/api/src/api/v2/TestResources_ListAssetGroups","TestResources_ListAssetGroups"
"","59","excludes API edges that are associated with one of our built-in schema types","useEdgeCategories","Sat Mar 07 20:40:16 UTC 2026","passed","Sat Mar 07 20:40:16 UTC 2026","","","",""
"","399","disables the delete button and all checkboxes if the user lacks permission","DatabaseManagement","Sat Mar 07 20:43:42 UTC 2026","passed","Sat Mar 07 20:43:42 UTC 2026","","","",""
"Test cases for TestTextUnmarshalInt","0","TestTextUnmarshalInt","","Sat Mar 07 20:38:52 UTC 2026","passed","Sat Mar 07 20:38:52 UTC 2026","","Go Test","github.com/specterops/bloodhound/cmd/api/src/database/types/null/TestTextUnmarshalInt","TestTextUnmarshalInt"
"","0","returns undefined if paramValue is not an expected value","useExploreParams","Sat Mar 07 20:43:12 UTC 2026","passed","Sat Mar 07 20:43:12 UTC 2026","","parseSearchType","",""
"","184","displays a polite message when there are no user updatable features available","EarlyAccessFeatures","Sat Mar 07 20:43:53 UTC 2026","passed","Sat Mar 07 20:43:53 UTC 2026","","","",""
"","1045","should display all available SSO providers","UpdateUserDialog","Sat Mar 07 20:39:43 UTC 2026","passed","Sat Mar 07 20:39:44 UTC 2026","","","",""
"","622","has status filters","FileIngestFilterDialog","Sat Mar 07 20:39:52 UTC 2026","passed","Sat Mar 07 20:39:52 UTC 2026","","Status Select","",""
"Test cases for TestResources_ListAuditLogs_SortingError","0","TestResources_ListAuditLogs_SortingError","","Sat Mar 07 20:38:45 UTC 2026","passed","Sat Mar 07 20:38:45 UTC 2026","","Go Test","github.com/specterops/bloodhound/cmd/api/src/api/v2/TestResources_ListAuditLogs_SortingError","TestResources_ListAuditLogs_SortingError"
"","187","on clicking switch shows modal and when clicking confirm closes it and switch changes to disabled","CitrixRDPConfiguration","Sat Mar 07 20:40:13 UTC 2026","passed","Sat Mar 07 20:40:13 UTC 2026","","Click on switch to disable","",""
"","152","should show a copy button if the cells text if the cell is not a boolean","ExploreTableDataCell","Sat Mar 07 20:42:32 UTC 2026","passed","Sat Mar 07 20:42:33 UTC 2026","","","",""
"","270","The reset password and two-factor authentication options should not appear in profile page if the user is configured for SAML login","UserProfile with SSO User","Sat Mar 07 20:40:20 UTC 2026","passed","Sat Mar 07 20:40:20 UTC 2026","","","",""
"","87","calls onConfirm when confirm button clicked","EarlyAccessFeaturesWarningDialog","Sat Mar 07 20:44:12 UTC 2026","passed","Sat Mar 07 20:44:12 UTC 2026","","","",""
"Test cases for TestLoginFailure","3","TestLoginFailure","","Sat Mar 07 20:38:45 UTC 2026","passed","Sat Mar 07 20:38:45 UTC 2026","","Go Test","github.com/specterops/bloodhound/cmd/api/src/api/v2/auth/TestLoginFailure","TestLoginFailure"
"Test cases for TestParseLimitQueryParameter_BadFormat","0","TestParseLimitQueryParameter_BadFormat","","Sat Mar 07 20:38:45 UTC 2026","passed","Sat Mar 07 20:38:45 UTC 2026","","Go Test","github.com/specterops/bloodhound/cmd/api/src/api/v2/TestParseLimitQueryParameter_BadFormat","TestParseLimitQueryParameter_BadFormat"
"Test cases for TestManagementResource_ListUsers_PredicateMismatchWithColumn","0","TestManagementResource_ListUsers_PredicateMismatchWithColumn","","Sat Mar 07 20:38:50 UTC 2026","passed","Sat Mar 07 20:38:50 UTC 2026","","Go Test","github.com/specterops/bloodhound/cmd/api/src/api/v2/auth/TestManagementResource_ListUsers_PredicateMismatchWithColumn","TestManagementResource_ListUsers_PredicateMismatchWithColumn"
"","164","renders a preview version","PrivilegeZonesCypherEditor Search component for Zone Management","Sat Mar 07 20:42:11 UTC 2026","passed","Sat Mar 07 20:42:11 UTC 2026","","","",""
"","0","combines platform and collected filters","filterAndSearchEnvironments","Sat Mar 07 20:39:25 UTC 2026","passed","Sat Mar 07 20:39:25 UTC 2026","","combined filters","",""
"","4","does not render when selector is default","Delete Selector Button rendering","Sat Mar 07 20:42:52 UTC 2026","passed","Sat Mar 07 20:42:52 UTC 2026","","","",""
"","53","renders the Cypher Rules Panel when clicking the Rule Tab","Selected Details Tab Content","Sat Mar 07 20:42:26 UTC 2026","passed","Sat Mar 07 20:42:26 UTC 2026","","","",""
"TestMigrator_GenerateManifest tests the full integrity of a Manifest generatedfrom 3 different Source's:1) Correct number of total migrations detected.2) Correct number of versions detected.3) The VersionTable has all versions, in order.4) All versions have the correct number of migrations.5) Schema files generate v0.0.0 migrations.6) Migrations are ordered within each version, in the order the Source was defined.","0","TestMigrator_GenerateManifest","","Sat Mar 07 20:38:52 UTC 2026","passed","Sat Mar 07 20:38:52 UTC 2026","","Go Test","github.com/specterops/bloodhound/cmd/api/src/database/migration/TestMigrator_GenerateManifest","TestMigrator_GenerateManifest"
"Test cases for TestWriteResultJson","0","TestWriteResultJson","","Sat Mar 07 20:39:09 UTC 2026","passed","Sat Mar 07 20:39:09 UTC 2026","","Go Test","github.com/specterops/bloodhound/cmd/api/src/utils/TestWriteResultJson","TestWriteResultJson"
"","1","returns a function that can set arrays query params removes previous values set to that array query param","searchParams","Sat Mar 07 20:41:48 UTC 2026","passed","Sat Mar 07 20:41:48 UTC 2026","","setSingleParamFactory","",""
"","65","sets autoDisplayTable to true if query returns nodes only, searchType = cypher, and and enabled is true","useExploreTableAutoDisplay","Sat Mar 07 20:42:13 UTC 2026","passed","Sat Mar 07 20:42:13 UTC 2026","","","",""
"Test cases for Test_SetNodeProperties","1","Test_SetNodeProperties","","Sat Mar 07 20:38:45 UTC 2026","passed","Sat Mar 07 20:38:45 UTC 2026","","Go Test","github.com/specterops/bloodhound/cmd/api/src/api/v2/Test_SetNodeProperties","Test_SetNodeProperties"
"","0","returns the distance between two coordinates","getDistanceBetween","Sat Mar 07 20:44:09 UTC 2026","passed","Sat Mar 07 20:44:09 UTC 2026","","","",""
"Test cases for TestResources_GetAssetGroupTagMemberInfo","2","TestResources_GetAssetGroupTagMemberInfo","","Sat Mar 07 20:38:45 UTC 2026","passed","Sat Mar 07 20:38:45 UTC 2026","","Go Test","github.com/specterops/bloodhound/cmd/api/src/api/v2/TestResources_GetAssetGroupTagMemberInfo","TestResources_GetAssetGroupTagMemberInfo"
"Test cases for Test_convertGraphExtensionPayloadToGraphExtension","0","Test_convertGraphExtensionPayloadToGraphExtension","","Sat Mar 07 20:38:45 UTC 2026","passed","Sat Mar 07 20:38:45 UTC 2026","","Go Test","github.com/specterops/bloodhound/cmd/api/src/api/v2/Test_convertGraphExtensionPayloadToGraphExtension","Test_convertGraphExtensionPayloadToGraphExtension"
"","64","applies the given filters","useFinishedJobs","Sat Mar 07 20:40:52 UTC 2026","passed","Sat Mar 07 20:40:52 UTC 2026","","","",""
"","50","links to the specified route with global params intact when triggered by a splat route","AppLink","Sat Mar 07 20:41:37 UTC 2026","passed","Sat Mar 07 20:41:37 UTC 2026","","","",""
"","82","disables the JSON button if the JSON is empty","GraphControls","Sat Mar 07 20:39:50 UTC 2026","passed","Sat Mar 07 20:39:50 UTC 2026","","Exporting json","",""
"Test cases for TestFloatPointer","0","TestFloatPointer","","Sat Mar 07 20:38:52 UTC 2026","passed","Sat Mar 07 20:38:52 UTC 2026","","Go Test","github.com/specterops/bloodhound/cmd/api/src/database/types/null/TestFloatPointer","TestFloatPointer"
"Test cases for Test_NewRequestSignature","3","Test_NewRequestSignature","","Sat Mar 07 20:38:32 UTC 2026","passed","Sat Mar 07 20:38:32 UTC 2026","","Go Test","github.com/specterops/bloodhound/cmd/api/src/api/Test_NewRequestSignature","Test_NewRequestSignature"
"","7","does not return when label limit is not reached","useTagLimits","Sat Mar 07 20:39:37 UTC 2026","passed","Sat Mar 07 20:39:37 UTC 2026","","","",""
"Test cases for TestManagementResource_SSOCallbackHandler","17","TestManagementResource_SSOCallbackHandler","","Sat Mar 07 20:39:18 UTC 2026","passed","Sat Mar 07 20:39:18 UTC 2026","","Go Test","github.com/specterops/bloodhound/cmd/api/src/api/v2/auth/TestManagementResource_SSOCallbackHandler","TestManagementResource_SSOCallbackHandler"
"Test cases for TestResources_ListADComputerDCOMUsers","0","TestResources_ListADComputerDCOMUsers","","Sat Mar 07 20:38:45 UTC 2026","passed","Sat Mar 07 20:38:45 UTC 2026","","Go Test","github.com/specterops/bloodhound/cmd/api/src/api/v2/TestResources_ListADComputerDCOMUsers","TestResources_ListADComputerDCOMUsers"
"Test cases for TestResources_UpdateAssetGroupSelectors_PayloadError","0","TestResources_UpdateAssetGroupSelectors_PayloadError","","Sat Mar 07 20:38:45 UTC 2026","passed","Sat Mar 07 20:38:45 UTC 2026","","Go Test","github.com/specterops/bloodhound/cmd/api/src/api/v2/TestResources_UpdateAssetGroupSelectors_PayloadError","TestResources_UpdateAssetGroupSelectors_PayloadError"
"","2","prevents Sigma defaults events","preventAllDefaults","Sat Mar 07 20:44:13 UTC 2026","passed","Sat Mar 07 20:44:13 UTC 2026","","","",""
"","538","open and closes dialog with confirm button after user inputs required text","Tag Form","Sat Mar 07 20:39:16 UTC 2026","passed","Sat Mar 07 20:39:17 UTC 2026","","","",""
"","1958","should close the edge filtering dialog when user clicks apply button","EdgeFilter","Sat Mar 07 20:41:07 UTC 2026","passed","Sat Mar 07 20:41:09 UTC 2026","","","",""
"Test cases for TestResources_StartIngestJob","105","TestResources_StartIngestJob","","Sat Mar 07 20:38:45 UTC 2026","passed","Sat Mar 07 20:38:45 UTC 2026","","Go Test","github.com/specterops/bloodhound/cmd/api/src/api/v2/TestResources_StartIngestJob","TestResources_StartIngestJob"
"","8","displays lastlogon cell as NEVER when the value is -1","ExploreTableDataCell","Sat Mar 07 20:42:33 UTC 2026","passed","Sat Mar 07 20:42:33 UTC 2026","","","",""
"","6","safely handles removing nonexistent key","useObjectState","Sat Mar 07 20:42:30 UTC 2026","passed","Sat Mar 07 20:42:30 UTC 2026","","","",""
"","139","should display","GenericErrorBoundaryFallback","Sat Mar 07 20:43:11 UTC 2026","passed","Sat Mar 07 20:43:11 UTC 2026","","","",""
"","893","should display a dropdown when a user types a partial query that can be autocompleted","CypherSearch","Sat Mar 07 20:41:16 UTC 2026","passed","Sat Mar 07 20:41:17 UTC 2026","","","",""
"Test cases for TestSavedQueries_GetValidFilterPredicatesAsStrings","0","TestSavedQueries_GetValidFilterPredicatesAsStrings","","Sat Mar 07 20:38:54 UTC 2026","passed","Sat Mar 07 20:38:54 UTC 2026","","Go Test","github.com/specterops/bloodhound/cmd/api/src/model/TestSavedQueries_GetValidFilterPredicatesAsStrings","TestSavedQueries_GetValidFilterPredicatesAsStrings"
"Test cases for TestSortJSONArrayElements","1","TestSortJSONArrayElements","","Sat Mar 07 20:39:10 UTC 2026","passed","Sat Mar 07 20:39:10 UTC 2026","","Go Test","github.com/specterops/bloodhound/cmd/api/src/utils/test/TestSortJSONArrayElements","TestSortJSONArrayElements"
"Test cases for TestRoleMembers","4","TestRoleMembers","","Sat Mar 07 20:39:13 UTC 2026","passed","Sat Mar 07 20:39:13 UTC 2026","","Go Test","github.com/specterops/bloodhound/packages/go/analysis/azure/TestRoleMembers","TestRoleMembers"
"Test cases for TestResources_ListADEntityConstrainedDelegationRights","0","TestResources_ListADEntityConstrainedDelegationRights","","Sat Mar 07 20:38:45 UTC 2026","passed","Sat Mar 07 20:38:45 UTC 2026","","Go Test","github.com/specterops/bloodhound/cmd/api/src/api/v2/TestResources_ListADEntityConstrainedDelegationRights","TestResources_ListADEntityConstrainedDelegationRights"
"","137","returns false when no nodes are available","useGraphHasData","Sat Mar 07 20:42:39 UTC 2026","passed","Sat Mar 07 20:42:39 UTC 2026","","","",""
"Test cases for TestResources_ListADDomainForeignAdmins","0","TestResources_ListADDomainForeignAdmins","","Sat Mar 07 20:38:45 UTC 2026","passed","Sat Mar 07 20:38:45 UTC 2026","","Go Test","github.com/specterops/bloodhound/cmd/api/src/api/v2/TestResources_ListADDomainForeignAdmins","TestResources_ListADDomainForeignAdmins"
"","233","prevents a user from proceeding if the file is not valid","ImportQueryDialog","Sat Mar 07 20:43:00 UTC 2026","passed","Sat Mar 07 20:43:01 UTC 2026","","","",""
"","238","should not render list items for domains that are not collected","Context Selector","Sat Mar 07 20:40:25 UTC 2026","passed","Sat Mar 07 20:40:26 UTC 2026","","","",""
"","79","prevents a user from proceeding if the file is not valid","File Upload","Sat Mar 07 20:40:56 UTC 2026","passed","Sat Mar 07 20:40:56 UTC 2026","","","",""
"","221","passes item props to Header and Content","<DetailsAccordion />","Sat Mar 07 20:40:01 UTC 2026","passed","Sat Mar 07 20:40:01 UTC 2026","","","",""
"Test cases for TestResources_ListADOUContainedGroups","3","TestResources_ListADOUContainedGroups","","Sat Mar 07 20:38:45 UTC 2026","passed","Sat Mar 07 20:38:45 UTC 2026","","Go Test","github.com/specterops/bloodhound/cmd/api/src/api/v2/TestResources_ListADOUContainedGroups","TestResources_ListADOUContainedGroups"
"","174","renders","EarlyAccessFeatureToggle","Sat Mar 07 20:44:06 UTC 2026","passed","Sat Mar 07 20:44:06 UTC 2026","","","",""
"","137","respects openIndex (default opened panel)","<DetailsAccordion />","Sat Mar 07 20:40:01 UTC 2026","passed","Sat Mar 07 20:40:01 UTC 2026","","","",""
"Test cases for TestResources_ListAuditLogs_Filtered","0","TestResources_ListAuditLogs_Filtered","","Sat Mar 07 20:38:45 UTC 2026","passed","Sat Mar 07 20:38:45 UTC 2026","","Go Test","github.com/specterops/bloodhound/cmd/api/src/api/v2/TestResources_ListAuditLogs_Filtered","TestResources_ListAuditLogs_Filtered"
"Test cases for TestResources_GetEdgeACLInheritancePath","118","TestResources_GetEdgeACLInheritancePath","","Sat Mar 07 20:38:45 UTC 2026","passed","Sat Mar 07 20:38:45 UTC 2026","","Go Test","github.com/specterops/bloodhound/cmd/api/src/api/v2/TestResources_GetEdgeACLInheritancePath","TestResources_GetEdgeACLInheritancePath"
"Test cases for TestMarshalInt64Text","0","TestMarshalInt64Text","","Sat Mar 07 20:38:52 UTC 2026","passed","Sat Mar 07 20:38:52 UTC 2026","","Go Test","github.com/specterops/bloodhound/cmd/api/src/database/types/null/TestMarshalInt64Text","TestMarshalInt64Text"
"","51","shows the direct object empty and expanded object list empty, when no results in both","Seed Selection Results","Sat Mar 07 20:39:58 UTC 2026","passed","Sat Mar 07 20:39:58 UTC 2026","","","",""
"Test cases for TestSignRequestValuesUnsupportedHMACMethod","0","TestSignRequestValuesUnsupportedHMACMethod","","Sat Mar 07 20:38:32 UTC 2026","passed","Sat Mar 07 20:38:32 UTC 2026","","Go Test","github.com/specterops/bloodhound/cmd/api/src/api/TestSignRequestValuesUnsupportedHMACMethod","TestSignRequestValuesUnsupportedHMACMethod"
"","160","renders error message on error","ObjectCountPanel","Sat Mar 07 20:42:40 UTC 2026","passed","Sat Mar 07 20:42:40 UTC 2026","","","",""
"Test cases for TestResources_GetAnalysisRequest","0","TestResources_GetAnalysisRequest","","Sat Mar 07 20:38:45 UTC 2026","passed","Sat Mar 07 20:38:45 UTC 2026","","Go Test","github.com/specterops/bloodhound/cmd/api/src/api/v2/TestResources_GetAnalysisRequest","TestResources_GetAnalysisRequest"
"","415","should display Environmental Targeted Access Control panel when showEnvironmentAccessControls prop is true and user role is selected","CreateUserForm","Sat Mar 07 20:39:46 UTC 2026","passed","Sat Mar 07 20:39:47 UTC 2026","","","",""
"","3074","The password reset dialog is opened when switching a user from SAML based authentication to username/password based authentication","Users","Sat Mar 07 20:40:33 UTC 2026","passed","Sat Mar 07 20:40:36 UTC 2026","","","",""
"Test cases for TestHasSequence","1","TestHasSequence","","Sat Mar 07 20:39:14 UTC 2026","passed","Sat Mar 07 20:39:14 UTC 2026","","Go Test","github.com/specterops/bloodhound/packages/go/bomenc/TestHasSequence","TestHasSequence"
"Test cases for TestQueries_GetEntityObjectIDFromRequestPath","0","TestQueries_GetEntityObjectIDFromRequestPath","","Sat Mar 07 20:38:56 UTC 2026","passed","Sat Mar 07 20:38:56 UTC 2026","","Go Test","github.com/specterops/bloodhound/cmd/api/src/queries/TestQueries_GetEntityObjectIDFromRequestPath","TestQueries_GetEntityObjectIDFromRequestPath"
"","164","renders an error message without throwing a TypeError","EntityInfoCollapsibleSection","Sat Mar 07 20:42:43 UTC 2026","passed","Sat Mar 07 20:42:43 UTC 2026","","","",""
"Test cases for TestParseGPOData","1","TestParseGPOData","","Sat Mar 07 20:39:15 UTC 2026","passed","Sat Mar 07 20:39:15 UTC 2026","","Go Test","github.com/specterops/bloodhound/packages/go/ein/TestParseGPOData","TestParseGPOData"
"Test cases for TestSetValue","1","TestSetValue","","Sat Mar 07 20:38:48 UTC 2026","passed","Sat Mar 07 20:38:48 UTC 2026","","Go Test","github.com/specterops/bloodhound/cmd/api/src/config/TestSetValue","TestSetValue"
"","345","renders no asset group edit options without graph write permissions","ContextMenu","Sat Mar 07 20:39:57 UTC 2026","passed","Sat Mar 07 20:39:57 UTC 2026","","","",""
"","0","returns false if value is 'array'","searchParams","Sat Mar 07 20:41:48 UTC 2026","passed","Sat Mar 07 20:41:48 UTC 2026","","isEmptyParam","",""
"","0","returns all environments when both ""yes"" and ""no"" filters are active","filterAndSearchEnvironments","Sat Mar 07 20:39:25 UTC 2026","passed","Sat Mar 07 20:39:25 UTC 2026","","collected filters","",""
"Test cases for TestResources_ListCAPKIHierarchy","3","TestResources_ListCAPKIHierarchy","","Sat Mar 07 20:38:45 UTC 2026","passed","Sat Mar 07 20:38:45 UTC 2026","","Go Test","github.com/specterops/bloodhound/cmd/api/src/api/v2/TestResources_ListCAPKIHierarchy","TestResources_ListCAPKIHierarchy"
"","240","should call the checkbox filter function when clicking on a checkbox input","Checkbox group","Sat Mar 07 20:42:55 UTC 2026","passed","Sat Mar 07 20:42:56 UTC 2026","","","",""
"","1","returns query config when searchType is composition and all required params are passed","useExploreGraph","Sat Mar 07 20:40:49 UTC 2026","passed","Sat Mar 07 20:40:49 UTC 2026","composition search queries","exploreGraphQueryFactory","",""
"Test cases for TestResources_CreateCustomNodeKindsTest","125","TestResources_CreateCustomNodeKindsTest","","Sat Mar 07 20:38:45 UTC 2026","passed","Sat Mar 07 20:38:45 UTC 2026","","Go Test","github.com/specterops/bloodhound/cmd/api/src/api/v2/TestResources_CreateCustomNodeKindsTest","TestResources_CreateCustomNodeKindsTest"
"","2","returns all environments when no filters are active","filterAndSearchEnvironments","Sat Mar 07 20:39:25 UTC 2026","passed","Sat Mar 07 20:39:25 UTC 2026","","with no filters applied","",""
"Test cases for TestOpenGraphSchemaService_DeleteExtension","0","TestOpenGraphSchemaService_DeleteExtension","","Sat Mar 07 20:38:58 UTC 2026","passed","Sat Mar 07 20:38:58 UTC 2026","","Go Test","github.com/specterops/bloodhound/cmd/api/src/services/opengraphschema/TestOpenGraphSchemaService_DeleteExtension","TestOpenGraphSchemaService_DeleteExtension"
"","1574","does not show the ""Disable MFA"" context menu option for users without MFA enabled","Users","Sat Mar 07 20:40:36 UTC 2026","passed","Sat Mar 07 20:40:37 UTC 2026","","","",""
"","39","sets autoDisplayTable to false if query returns edges","useExploreTableAutoDisplay","Sat Mar 07 20:42:13 UTC 2026","passed","Sat Mar 07 20:42:13 UTC 2026","","","",""
"","146","calls onClose when user clicks cancel","PasswordDialog","Sat Mar 07 20:39:36 UTC 2026","passed","Sat Mar 07 20:39:36 UTC 2026","","","",""
"Test cases for TestParsePreferHeaderWait","0","TestParsePreferHeaderWait","","Sat Mar 07 20:38:37 UTC 2026","passed","Sat Mar 07 20:38:37 UTC 2026","","Go Test","github.com/specterops/bloodhound/cmd/api/src/api/middleware/TestParsePreferHeaderWait","TestParsePreferHeaderWait"
"","137","renders the glyph form input when the editing a zone that is not the highest privileged","Tag Form","Sat Mar 07 20:39:14 UTC 2026","passed","Sat Mar 07 20:39:14 UTC 2026","","","",""
"","8","should handle special characters","HighlightedText","Sat Mar 07 20:42:29 UTC 2026","passed","Sat Mar 07 20:42:29 UTC 2026","","","",""
"","428","displays current password error messages when current password is empty","PasswordDialog","Sat Mar 07 20:39:38 UTC 2026","passed","Sat Mar 07 20:39:38 UTC 2026","","","",""
"","224","should render with the correct content","ConfirmUpdateQueryDialog","Sat Mar 07 20:42:48 UTC 2026","passed","Sat Mar 07 20:42:48 UTC 2026","","","",""
"Test cases for TestResources_UpdateSavedQuery_InvalidBody","0","TestResources_UpdateSavedQuery_InvalidBody","","Sat Mar 07 20:38:45 UTC 2026","passed","Sat Mar 07 20:38:45 UTC 2026","","Go Test","github.com/specterops/bloodhound/cmd/api/src/api/v2/TestResources_UpdateSavedQuery_InvalidBody","TestResources_UpdateSavedQuery_InvalidBody"
"Test cases for Test_GetAssetGroupMembersBySelector","2","Test_GetAssetGroupMembersBySelector","","Sat Mar 07 20:38:45 UTC 2026","passed","Sat Mar 07 20:38:45 UTC 2026","","Go Test","github.com/specterops/bloodhound/cmd/api/src/api/v2/Test_GetAssetGroupMembersBySelector","Test_GetAssetGroupMembersBySelector"
"","129","calls exportToJson util when valid non a empty object is passed as the jsonData prop","GraphControls","Sat Mar 07 20:39:50 UTC 2026","passed","Sat Mar 07 20:39:50 UTC 2026","","Exporting json","",""
"Test cases for Test_filterNodesToSearchResult_filterEnvironments_tenantIDFail","0","Test_filterNodesToSearchResult_filterEnvironments_tenantIDFail","","Sat Mar 07 20:38:55 UTC 2026","passed","Sat Mar 07 20:38:55 UTC 2026","","Go Test","github.com/specterops/bloodhound/cmd/api/src/queries/Test_filterNodesToSearchResult_filterEnvironments_tenantIDFail","Test_filterNodesToSearchResult_filterEnvironments_tenantIDFail"
"","1242","should disable save button while input is empty","SaveQueryDialog","Sat Mar 07 20:39:13 UTC 2026","passed","Sat Mar 07 20:39:14 UTC 2026","","","",""
"","139","calls handleInitialEnvironment with the highest impactValue as the initial environment","useInitialEnvironment","Sat Mar 07 20:42:07 UTC 2026","passed","Sat Mar 07 20:42:07 UTC 2026","","","",""
"","327","renders a non-primary button as expected","DropdownSelector","Sat Mar 07 20:42:08 UTC 2026","passed","Sat Mar 07 20:42:08 UTC 2026","","","",""
"Test cases for TestWriteBinaryResponse","0","TestWriteBinaryResponse","","Sat Mar 07 20:38:32 UTC 2026","passed","Sat Mar 07 20:38:32 UTC 2026","","Go Test","github.com/specterops/bloodhound/cmd/api/src/api/TestWriteBinaryResponse","TestWriteBinaryResponse"
"","223","should handle click events on apply and cancel","ConfirmUpdateQueryDialog","Sat Mar 07 20:42:48 UTC 2026","passed","Sat Mar 07 20:42:49 UTC 2026","","","",""
"","1","returns the same nodes from the graphData","getExploreTableData","Sat Mar 07 20:41:20 UTC 2026","passed","Sat Mar 07 20:41:20 UTC 2026","","","",""
"","827","Explore URL Accounts for irregular characters in cypher query","Rule Form","Sat Mar 07 20:39:33 UTC 2026","passed","Sat Mar 07 20:39:34 UTC 2026","","","",""
"","0","fails for password without lowercase letters","testPassword","Sat Mar 07 20:43:07 UTC 2026","passed","Sat Mar 07 20:43:07 UTC 2026","","","",""
"Test cases for TestManagementResource_ListAuthTokens_SortingError","0","TestManagementResource_ListAuthTokens_SortingError","","Sat Mar 07 20:39:06 UTC 2026","passed","Sat Mar 07 20:39:06 UTC 2026","","Go Test","github.com/specterops/bloodhound/cmd/api/src/api/v2/auth/TestManagementResource_ListAuthTokens_SortingError","TestManagementResource_ListAuthTokens_SortingError"
"Test cases for TestManagementResource_ListUsers_SortingError","0","TestManagementResource_ListUsers_SortingError","","Sat Mar 07 20:38:50 UTC 2026","passed","Sat Mar 07 20:38:50 UTC 2026","","Go Test","github.com/specterops/bloodhound/cmd/api/src/api/v2/auth/TestManagementResource_ListUsers_SortingError","TestManagementResource_ListUsers_SortingError"
"","0","handles percent values by multiplying by 100, truncating to an integer, and adding a ""%"" to the end","Formatting number properties","Sat Mar 07 20:40:08 UTC 2026","passed","Sat Mar 07 20:40:08 UTC 2026","","","",""
"","80","hides loading state when data is available","SourceKindsCheckboxes","Sat Mar 07 20:40:46 UTC 2026","passed","Sat Mar 07 20:40:46 UTC 2026","","","",""
"","61","should on clicking remove call clearSelectedItem","EntityInfoHeader","Sat Mar 07 20:41:43 UTC 2026","passed","Sat Mar 07 20:41:43 UTC 2026","","","",""
"Test cases for TestResources_GetAssetGroupTagHistory","0","TestResources_GetAssetGroupTagHistory","","Sat Mar 07 20:38:45 UTC 2026","passed","Sat Mar 07 20:38:45 UTC 2026","","Go Test","github.com/specterops/bloodhound/cmd/api/src/api/v2/TestResources_GetAssetGroupTagHistory","TestResources_GetAssetGroupTagHistory"
"","124","should call onLoginViaSAML when login via sso button clicked","LoginForm","Sat Mar 07 20:42:35 UTC 2026","passed","Sat Mar 07 20:42:35 UTC 2026","","","",""
"","1","returns graphData as is if it doesnt match the GraphResponse interface","normalizeGraphDataForSigma","Sat Mar 07 20:44:08 UTC 2026","passed","Sat Mar 07 20:44:08 UTC 2026","","","",""
"","2","returns the node_keys from the graphData with duplicate keys removed and known keys added","getExploreTableData","Sat Mar 07 20:41:20 UTC 2026","passed","Sat Mar 07 20:41:20 UTC 2026","","","",""
"Test cases for TestManagementResource_SAMLCallbackRedirect","24","TestManagementResource_SAMLCallbackRedirect","","Sat Mar 07 20:39:18 UTC 2026","passed","Sat Mar 07 20:39:18 UTC 2026","","Go Test","github.com/specterops/bloodhound/cmd/api/src/api/v2/auth/TestManagementResource_SAMLCallbackRedirect","TestManagementResource_SAMLCallbackRedirect"
"","0","fails for password without special characters","testPassword","Sat Mar 07 20:43:07 UTC 2026","passed","Sat Mar 07 20:43:07 UTC 2026","","","",""
"Test cases for TestResources_UpdateAssetGroupTag","1","TestResources_UpdateAssetGroupTag","","Sat Mar 07 20:38:45 UTC 2026","passed","Sat Mar 07 20:38:45 UTC 2026","","Go Test","github.com/specterops/bloodhound/cmd/api/src/api/v2/TestResources_UpdateAssetGroupTag","TestResources_UpdateAssetGroupTag"
"Test cases for TestResources_DeleteSavedQuery_RecordNotFound","0","TestResources_DeleteSavedQuery_RecordNotFound","","Sat Mar 07 20:38:45 UTC 2026","passed","Sat Mar 07 20:38:45 UTC 2026","","Go Test","github.com/specterops/bloodhound/cmd/api/src/api/v2/TestResources_DeleteSavedQuery_RecordNotFound","TestResources_DeleteSavedQuery_RecordNotFound"
"Test cases for TestRoleAssignments_UsersWithoutRoles","0","TestRoleAssignments_UsersWithoutRoles","","Sat Mar 07 20:39:13 UTC 2026","passed","Sat Mar 07 20:39:13 UTC 2026","","Go Test","github.com/specterops/bloodhound/packages/go/analysis/azure/TestRoleAssignments_UsersWithoutRoles","TestRoleAssignments_UsersWithoutRoles"
"","326","renders the popup content with run, edit/share, and delete when the menu trigger","ListItemActionMenu","Sat Mar 07 20:41:51 UTC 2026","passed","Sat Mar 07 20:41:51 UTC 2026","","","",""
"","183","should render a nav element with logo, two lists, a version number and a powered by","MainNav","Sat Mar 07 20:39:50 UTC 2026","passed","Sat Mar 07 20:39:50 UTC 2026","","","",""
"","0","returns Object ID message when ruleType is SeedTypeObjectId and seeds are required","getErrorMessage","Sat Mar 07 20:39:53 UTC 2026","passed","Sat Mar 07 20:39:53 UTC 2026","","","",""
"Test cases for TestResources_ListADDomainContainedComputers","0","TestResources_ListADDomainContainedComputers","","Sat Mar 07 20:38:45 UTC 2026","passed","Sat Mar 07 20:38:45 UTC 2026","","Go Test","github.com/specterops/bloodhound/cmd/api/src/api/v2/TestResources_ListADDomainContainedComputers","TestResources_ListADDomainContainedComputers"
"Test cases for TestDatabase_GetAssetGroupTag","0","TestDatabase_GetAssetGroupTag","","Sat Mar 07 20:38:45 UTC 2026","passed","Sat Mar 07 20:38:45 UTC 2026","","Go Test","github.com/specterops/bloodhound/cmd/api/src/api/v2/TestDatabase_GetAssetGroupTag","TestDatabase_GetAssetGroupTag"
"","0","returns disabled if relationshipQueryItemId does not have a matching sourceId, edgeType, targetId","useExploreGraph","Sat Mar 07 20:40:49 UTC 2026","passed","Sat Mar 07 20:40:49 UTC 2026","composition search queries","exploreGraphQueryFactory","",""
"Test cases for TestResources_ListADGPOAffectedComputers","1","TestResources_ListADGPOAffectedComputers","","Sat Mar 07 20:38:45 UTC 2026","passed","Sat Mar 07 20:38:45 UTC 2026","","Go Test","github.com/specterops/bloodhound/cmd/api/src/api/v2/TestResources_ListADGPOAffectedComputers","TestResources_ListADGPOAffectedComputers"
"Test cases for TestStringPointer","0","TestStringPointer","","Sat Mar 07 20:38:52 UTC 2026","passed","Sat Mar 07 20:38:52 UTC 2026","","Go Test","github.com/specterops/bloodhound/cmd/api/src/database/types/null/TestStringPointer","TestStringPointer"
"","533","clears input when dialog is closed and reopened","ActiveExtensionsCard","Sat Mar 07 20:39:32 UTC 2026","passed","Sat Mar 07 20:39:32 UTC 2026","","","",""
"","820","opens a submenu when user hovers over `Copy`","ContextMenu","Sat Mar 07 20:39:58 UTC 2026","passed","Sat Mar 07 20:39:59 UTC 2026","","","",""
"Test cases for TestGetAzureDataQualityStats_Success","1","TestGetAzureDataQualityStats_Success","","Sat Mar 07 20:38:45 UTC 2026","passed","Sat Mar 07 20:38:45 UTC 2026","","Go Test","github.com/specterops/bloodhound/cmd/api/src/api/v2/TestGetAzureDataQualityStats_Success","TestGetAzureDataQualityStats_Success"
"Test cases for TestIntScan","0","TestIntScan","","Sat Mar 07 20:38:52 UTC 2026","passed","Sat Mar 07 20:38:52 UTC 2026","","Go Test","github.com/specterops/bloodhound/cmd/api/src/database/types/null/TestIntScan","TestIntScan"
"Test cases for TestResources_DeleteSavedQuery_NotAUserAuth","5","TestResources_DeleteSavedQuery_NotAUserAuth","","Sat Mar 07 20:38:45 UTC 2026","passed","Sat Mar 07 20:38:45 UTC 2026","","Go Test","github.com/specterops/bloodhound/cmd/api/src/api/v2/TestResources_DeleteSavedQuery_NotAUserAuth","TestResources_DeleteSavedQuery_NotAUserAuth"
"","7","does not render highlight for non-active tag","SelectedHighlight","Sat Mar 07 20:42:21 UTC 2026","passed","Sat Mar 07 20:42:21 UTC 2026","","","",""
"","699","disables the confirm button until user types required text","Tag Form","Sat Mar 07 20:39:15 UTC 2026","passed","Sat Mar 07 20:39:16 UTC 2026","","","",""
"","200","displays expected results when searching by objectid","SearchCurrentNodes","Sat Mar 07 20:41:30 UTC 2026","passed","Sat Mar 07 20:41:31 UTC 2026","","","",""
"Test cases for TestManagementResource_DeleteOIDCProvider","0","TestManagementResource_DeleteOIDCProvider","","Sat Mar 07 20:39:18 UTC 2026","passed","Sat Mar 07 20:39:18 UTC 2026","","Go Test","github.com/specterops/bloodhound/cmd/api/src/api/v2/auth/TestManagementResource_DeleteOIDCProvider","TestManagementResource_DeleteOIDCProvider"
"","12","sets autoDisplayTable to false if query type is relationship","useExploreTableAutoDisplay","Sat Mar 07 20:42:13 UTC 2026","passed","Sat Mar 07 20:42:13 UTC 2026","","","",""
"","232","handles chevron click event","CommonSearches","Sat Mar 07 20:40:06 UTC 2026","passed","Sat Mar 07 20:40:07 UTC 2026","","","",""
"Test cases for TestResources_ListAuditLogs","0","TestResources_ListAuditLogs","","Sat Mar 07 20:38:45 UTC 2026","passed","Sat Mar 07 20:38:45 UTC 2026","","Go Test","github.com/specterops/bloodhound/cmd/api/src/api/v2/TestResources_ListAuditLogs","TestResources_ListAuditLogs"
"","79","indicates the code container is scrollable when the code is unwrapped","CodeController","Sat Mar 07 20:42:55 UTC 2026","passed","Sat Mar 07 20:42:55 UTC 2026","","","",""
"Test cases for TestBoolScan","0","TestBoolScan","","Sat Mar 07 20:38:52 UTC 2026","passed","Sat Mar 07 20:38:52 UTC 2026","","Go Test","github.com/specterops/bloodhound/cmd/api/src/database/types/null/TestBoolScan","TestBoolScan"
"Test cases for TestJSONFloat_UnmarshalJSON","0","TestJSONFloat_UnmarshalJSON","","Sat Mar 07 20:38:52 UTC 2026","passed","Sat Mar 07 20:38:52 UTC 2026","","Go Test","github.com/specterops/bloodhound/cmd/api/src/database/types/nan/TestJSONFloat_UnmarshalJSON","TestJSONFloat_UnmarshalJSON"
"Test cases for TestQueries_BuildEntityQueryParams_MissingObjectID","0","TestQueries_BuildEntityQueryParams_MissingObjectID","","Sat Mar 07 20:38:56 UTC 2026","passed","Sat Mar 07 20:38:56 UTC 2026","","Go Test","github.com/specterops/bloodhound/cmd/api/src/queries/TestQueries_BuildEntityQueryParams_MissingObjectID","TestQueries_BuildEntityQueryParams_MissingObjectID"
"","231","fires delete when edit is clicked","ListItemActionMenu","Sat Mar 07 20:41:51 UTC 2026","passed","Sat Mar 07 20:41:51 UTC 2026","","","",""
"Test cases for TestStringIsZero","0","TestStringIsZero","","Sat Mar 07 20:38:52 UTC 2026","passed","Sat Mar 07 20:38:52 UTC 2026","","Go Test","github.com/specterops/bloodhound/cmd/api/src/database/types/null/TestStringIsZero","TestStringIsZero"
"","2","A warning is printed when node positions are not available to apply from","applyNodePositionsFromGraphlibGraph","Sat Mar 07 20:44:02 UTC 2026","passed","Sat Mar 07 20:44:02 UTC 2026","","","",""
"Test cases for TestUnmarshalInt64Overflow","0","TestUnmarshalInt64Overflow","","Sat Mar 07 20:38:52 UTC 2026","passed","Sat Mar 07 20:38:52 UTC 2026","","Go Test","github.com/specterops/bloodhound/cmd/api/src/database/types/null/TestUnmarshalInt64Overflow","TestUnmarshalInt64Overflow"
"","416","should render","PasswordResetForm","Sat Mar 07 20:40:58 UTC 2026","passed","Sat Mar 07 20:40:59 UTC 2026","","","",""
"","62","should on clicking remove call clearSelectedItem","EdgeInfoHeader","Sat Mar 07 20:41:59 UTC 2026","passed","Sat Mar 07 20:41:59 UTC 2026","","","",""
"","0","returns false if arrays have different elements","areArraysSimilar","Sat Mar 07 20:42:50 UTC 2026","passed","Sat Mar 07 20:42:50 UTC 2026","","","",""
"Test cases for TestResources_UpdateSavedQuery_GetSavedQueryError","0","TestResources_UpdateSavedQuery_GetSavedQueryError","","Sat Mar 07 20:38:45 UTC 2026","passed","Sat Mar 07 20:38:45 UTC 2026","","Go Test","github.com/specterops/bloodhound/cmd/api/src/api/v2/TestResources_UpdateSavedQuery_GetSavedQueryError","TestResources_UpdateSavedQuery_GetSavedQueryError"
"","13","keeps callbacks stable across renders","useObjectState","Sat Mar 07 20:42:30 UTC 2026","passed","Sat Mar 07 20:42:30 UTC 2026","","","",""
"Test cases for TestAssetGroupMembers_SortBy","0","TestAssetGroupMembers_SortBy","","Sat Mar 07 20:38:32 UTC 2026","passed","Sat Mar 07 20:38:32 UTC 2026","","Go Test","github.com/specterops/bloodhound/cmd/api/src/api/TestAssetGroupMembers_SortBy","TestAssetGroupMembers_SortBy"
"Test cases for TestNewDefaultConfig","0","TestNewDefaultConfig","","Sat Mar 07 20:38:48 UTC 2026","passed","Sat Mar 07 20:38:48 UTC 2026","","Go Test","github.com/specterops/bloodhound/cmd/api/src/config/TestNewDefaultConfig","TestNewDefaultConfig"
"","500","renders the form for creating a new rule","Rule Form","Sat Mar 07 20:39:26 UTC 2026","passed","Sat Mar 07 20:39:27 UTC 2026","","","",""
"","101","renders the total count and object counts on success","ObjectCountPanel","Sat Mar 07 20:42:40 UTC 2026","passed","Sat Mar 07 20:42:40 UTC 2026","","","",""
"Test cases for TestManagementResource_DeleteAuthToken","22","TestManagementResource_DeleteAuthToken","","Sat Mar 07 20:39:18 UTC 2026","passed","Sat Mar 07 20:39:18 UTC 2026","","Go Test","github.com/specterops/bloodhound/cmd/api/src/api/v2/auth/TestManagementResource_DeleteAuthToken","TestManagementResource_DeleteAuthToken"
"","8","should render a Field when the provided value is -0","Field","Sat Mar 07 20:42:42 UTC 2026","passed","Sat Mar 07 20:42:42 UTC 2026","","","",""
"","140","calls onSort when clicked with a tooltip","ColumnHeaders","Sat Mar 07 20:41:17 UTC 2026","passed","Sat Mar 07 20:41:17 UTC 2026","","SortableHeader with Tooltip","",""
"","77","should display a total count of asset group members","AssetGroupEdit","Sat Mar 07 20:41:41 UTC 2026","passed","Sat Mar 07 20:41:41 UTC 2026","","","",""
"Test cases for TestFetchTenants","0","TestFetchTenants","","Sat Mar 07 20:39:13 UTC 2026","passed","Sat Mar 07 20:39:13 UTC 2026","","Go Test","github.com/specterops/bloodhound/packages/go/analysis/azure/TestFetchTenants","TestFetchTenants"
"Test cases for Test_ParseGraphSortParameters_InvalidSortColumn","0","Test_ParseGraphSortParameters_InvalidSortColumn","","Sat Mar 07 20:38:32 UTC 2026","passed","Sat Mar 07 20:38:32 UTC 2026","","Go Test","github.com/specterops/bloodhound/cmd/api/src/api/Test_ParseGraphSortParameters_InvalidSortColumn","Test_ParseGraphSortParameters_InvalidSortColumn"
"Test cases for TestUnmarshalInt64OverflowToInt64","0","TestUnmarshalInt64OverflowToInt64","","Sat Mar 07 20:38:52 UTC 2026","passed","Sat Mar 07 20:38:52 UTC 2026","","Go Test","github.com/specterops/bloodhound/cmd/api/src/database/types/null/TestUnmarshalInt64OverflowToInt64","TestUnmarshalInt64OverflowToInt64"
"","339","should render the pathfinding search controls when searchType is pathfinding","ExploreSearch rendering per tab","Sat Mar 07 20:43:34 UTC 2026","passed","Sat Mar 07 20:43:34 UTC 2026","","","",""
"","48","renders three animated dots","ProcessingIndicator","Sat Mar 07 20:43:09 UTC 2026","passed","Sat Mar 07 20:43:09 UTC 2026","","","",""
"Test cases for TestResources_OpenGraphSchemaIngest","1","TestResources_OpenGraphSchemaIngest","","Sat Mar 07 20:38:45 UTC 2026","passed","Sat Mar 07 20:38:45 UTC 2026","","Go Test","github.com/specterops/bloodhound/cmd/api/src/api/v2/TestResources_OpenGraphSchemaIngest","TestResources_OpenGraphSchemaIngest"
"","740","should render many sections with many navigation items","SubNav","Sat Mar 07 20:42:11 UTC 2026","passed","Sat Mar 07 20:42:12 UTC 2026","","","",""
"Test cases for TestExpireUserAuthSecret_Failure","0","TestExpireUserAuthSecret_Failure","","Sat Mar 07 20:38:50 UTC 2026","passed","Sat Mar 07 20:38:50 UTC 2026","","Go Test","github.com/specterops/bloodhound/cmd/api/src/api/v2/auth/TestExpireUserAuthSecret_Failure","TestExpireUserAuthSecret_Failure"
"","96","buttons are disabled while loading","OneTimePasscodeForm","Sat Mar 07 20:42:27 UTC 2026","passed","Sat Mar 07 20:42:27 UTC 2026","","","",""
"","244","eventually displays a list of early access features when warning dialog is accepted","EarlyAccessFeatures","Sat Mar 07 20:43:53 UTC 2026","passed","Sat Mar 07 20:43:53 UTC 2026","","","",""
"Test cases for TestManagementResource_CreateAuthToken","11631","TestManagementResource_CreateAuthToken","","Sat Mar 07 20:39:06 UTC 2026","passed","Sat Mar 07 20:39:18 UTC 2026","","Go Test","github.com/specterops/bloodhound/cmd/api/src/api/v2/auth/TestManagementResource_CreateAuthToken","TestManagementResource_CreateAuthToken"
"Test cases for TestRandomDurationBetween","19","TestRandomDurationBetween","","Sat Mar 07 20:38:50 UTC 2026","passed","Sat Mar 07 20:38:50 UTC 2026","","Go Test","github.com/specterops/bloodhound/cmd/api/src/daemons/datapipe/TestRandomDurationBetween","TestRandomDurationBetween"
"","0","should return false when there is no match","OperationsFilterPlugin","Sat Mar 07 20:43:11 UTC 2026","passed","Sat Mar 07 20:43:11 UTC 2026","","","",""
"","235","a name value is required to submit the form","Rule Form","Sat Mar 07 20:39:30 UTC 2026","passed","Sat Mar 07 20:39:30 UTC 2026","","","",""
"","0","returns Cypher message when ruleType is SeedTypeCypher and seeds are required","getErrorMessage","Sat Mar 07 20:39:53 UTC 2026","passed","Sat Mar 07 20:39:53 UTC 2026","","","",""
"","181","will request feature-flags when the user is fully authenticated","app","Sat Mar 07 20:44:01 UTC 2026","passed","Sat Mar 07 20:44:01 UTC 2026","","<Inner />","",""
"","61","updates value when an invalid date typed","ManagedDatePicker - value","Sat Mar 07 20:41:09 UTC 2026","passed","Sat Mar 07 20:41:09 UTC 2026","","","",""
"Test cases for TestResources_GetSearchResult_ETAC","39","TestResources_GetSearchResult_ETAC","","Sat Mar 07 20:38:45 UTC 2026","passed","Sat Mar 07 20:38:45 UTC 2026","","Go Test","github.com/specterops/bloodhound/cmd/api/src/api/v2/TestResources_GetSearchResult_ETAC","TestResources_GetSearchResult_ETAC"
"","95","displays an error message","GraphView","Sat Mar 07 20:43:50 UTC 2026","passed","Sat Mar 07 20:43:50 UTC 2026","","","",""
"Test cases for TestParseSkipQueryParameter","0","TestParseSkipQueryParameter","","Sat Mar 07 20:38:45 UTC 2026","passed","Sat Mar 07 20:38:45 UTC 2026","","Go Test","github.com/specterops/bloodhound/cmd/api/src/api/v2/TestParseSkipQueryParameter","TestParseSkipQueryParameter"
"Test cases for TestResources_UpdateAssetGroupSelectors_SuccessOwned","0","TestResources_UpdateAssetGroupSelectors_SuccessOwned","","Sat Mar 07 20:38:45 UTC 2026","passed","Sat Mar 07 20:38:45 UTC 2026","","Go Test","github.com/specterops/bloodhound/cmd/api/src/api/v2/TestResources_UpdateAssetGroupSelectors_SuccessOwned","TestResources_UpdateAssetGroupSelectors_SuccessOwned"
"Test cases for TestResources_ListADEntityDCOMRights","3","TestResources_ListADEntityDCOMRights","","Sat Mar 07 20:38:45 UTC 2026","passed","Sat Mar 07 20:38:45 UTC 2026","","Go Test","github.com/specterops/bloodhound/cmd/api/src/api/v2/TestResources_ListADEntityDCOMRights","TestResources_ListADEntityDCOMRights"
"Test cases for TestManagementResource_SanitizeAndGetRoles","0","TestManagementResource_SanitizeAndGetRoles","","Sat Mar 07 20:39:18 UTC 2026","passed","Sat Mar 07 20:39:18 UTC 2026","","Go Test","github.com/specterops/bloodhound/cmd/api/src/api/v2/auth/TestManagementResource_SanitizeAndGetRoles","TestManagementResource_SanitizeAndGetRoles"
"Test cases for TestFloatSetValid","0","TestFloatSetValid","","Sat Mar 07 20:38:52 UTC 2026","passed","Sat Mar 07 20:38:52 UTC 2026","","Go Test","github.com/specterops/bloodhound/cmd/api/src/database/types/null/TestFloatSetValid","TestFloatSetValid"
"","398","calls handleFilterChange when a node type is selected","AssetGroupEdit","Sat Mar 07 20:40:12 UTC 2026","passed","Sat Mar 07 20:40:12 UTC 2026","","Node Type dropdown filter","",""
"","97","button displays ""Enabled"" when flag is enabled","EarlyAccessFeatureToggle","Sat Mar 07 20:44:06 UTC 2026","passed","Sat Mar 07 20:44:06 UTC 2026","","","",""
"","805","renders a filter search and platform dropdown menu","CommonSearches","Sat Mar 07 20:40:04 UTC 2026","passed","Sat Mar 07 20:40:05 UTC 2026","","","",""
"Test cases for TestResources_GetGPOEntityInfo","1","TestResources_GetGPOEntityInfo","","Sat Mar 07 20:38:45 UTC 2026","passed","Sat Mar 07 20:38:45 UTC 2026","","Go Test","github.com/specterops/bloodhound/cmd/api/src/api/v2/TestResources_GetGPOEntityInfo","TestResources_GetGPOEntityInfo"
"","0","returns undefined if graphData is {} or not a GraphResponse","getExploreTableData","Sat Mar 07 20:41:20 UTC 2026","passed","Sat Mar 07 20:41:20 UTC 2026","","","",""
"","0","returns disabled config when any required param is falsey","useExploreGraph","Sat Mar 07 20:40:49 UTC 2026","passed","Sat Mar 07 20:40:49 UTC 2026","composition search queries","exploreGraphQueryFactory","",""
"Test cases for TestParseAGMembersFromNodes_MissingNodeProperties","0","TestParseAGMembersFromNodes_MissingNodeProperties","","Sat Mar 07 20:38:45 UTC 2026","passed","Sat Mar 07 20:38:45 UTC 2026","","Go Test","github.com/specterops/bloodhound/cmd/api/src/api/v2/TestParseAGMembersFromNodes_MissingNodeProperties","TestParseAGMembersFromNodes_MissingNodeProperties"
"Test cases for TestTypes_Value","0","TestTypes_Value","","Sat Mar 07 20:38:52 UTC 2026","passed","Sat Mar 07 20:38:52 UTC 2026","","Go Test","github.com/specterops/bloodhound/cmd/api/src/database/types/TestTypes_Value","TestTypes_Value"
"Test cases for TestResources_GetIssuancePolicyEntityInfo","231","TestResources_GetIssuancePolicyEntityInfo","","Sat Mar 07 20:38:45 UTC 2026","passed","Sat Mar 07 20:38:45 UTC 2026","","Go Test","github.com/specterops/bloodhound/cmd/api/src/api/v2/TestResources_GetIssuancePolicyEntityInfo","TestResources_GetIssuancePolicyEntityInfo"
"","216","should render a single section with a single navigation item","SubNav","Sat Mar 07 20:42:11 UTC 2026","passed","Sat Mar 07 20:42:11 UTC 2026","","","",""
"","190","toggles parent from some to all","SourceKindsCheckboxes","Sat Mar 07 20:40:47 UTC 2026","passed","Sat Mar 07 20:40:48 UTC 2026","","","",""
"","93","initializes the categories with just the built-in defaults when edge endpoint returns nothing","useEdgeCategories","Sat Mar 07 20:40:16 UTC 2026","passed","Sat Mar 07 20:40:16 UTC 2026","","","",""
"","66","renders the title","ProcessingIndicator","Sat Mar 07 20:43:09 UTC 2026","passed","Sat Mar 07 20:43:09 UTC 2026","","","",""
"","112","calls onClick when toggle button clicked","EarlyAccessFeatureToggle","Sat Mar 07 20:44:06 UTC 2026","passed","Sat Mar 07 20:44:06 UTC 2026","","","",""
"Test cases for TestOrphanFileSweeper_Clear","3","TestOrphanFileSweeper_Clear","","Sat Mar 07 20:38:50 UTC 2026","passed","Sat Mar 07 20:38:50 UTC 2026","","Go Test","github.com/specterops/bloodhound/cmd/api/src/daemons/datapipe/TestOrphanFileSweeper_Clear","TestOrphanFileSweeper_Clear"
"","4","returns a function that takes a key found in updatedParams and updates the searchParams with that matching value from updatedParams","searchParams","Sat Mar 07 20:41:48 UTC 2026","passed","Sat Mar 07 20:41:48 UTC 2026","","setSingleParamFactory","",""
"Test cases for TestCreateAssetGroupRequest_AuditData","0","TestCreateAssetGroupRequest_AuditData","","Sat Mar 07 20:38:45 UTC 2026","passed","Sat Mar 07 20:38:45 UTC 2026","","Go Test","github.com/specterops/bloodhound/cmd/api/src/api/v2/TestCreateAssetGroupRequest_AuditData","TestCreateAssetGroupRequest_AuditData"
"Test cases for TestPasswordValidator","1","TestPasswordValidator","","Sat Mar 07 20:39:10 UTC 2026","passed","Sat Mar 07 20:39:10 UTC 2026","","Go Test","github.com/specterops/bloodhound/cmd/api/src/utils/validation/TestPasswordValidator","TestPasswordValidator"
"","169","calls onCancel when cancel button clicked","EarlyAccessFeaturesWarningDialog","Sat Mar 07 20:44:12 UTC 2026","passed","Sat Mar 07 20:44:12 UTC 2026","","","",""
"","19","upon performing a search, updates the url params with the base64-encoded current query and sets searchType to 'cypher'","useCypherSearch","Sat Mar 07 20:42:46 UTC 2026","passed","Sat Mar 07 20:42:46 UTC 2026","","","",""
"Test cases for TestReadDomainIDandNameAsString","0","TestReadDomainIDandNameAsString","","Sat Mar 07 20:39:12 UTC 2026","passed","Sat Mar 07 20:39:12 UTC 2026","","Go Test","github.com/specterops/bloodhound/packages/go/analysis/ad/internal/nodeprops/TestReadDomainIDandNameAsString","TestReadDomainIDandNameAsString"
"Test cases for TestStringScan","0","TestStringScan","","Sat Mar 07 20:38:52 UTC 2026","passed","Sat Mar 07 20:38:52 UTC 2026","","Go Test","github.com/specterops/bloodhound/cmd/api/src/database/types/null/TestStringScan","TestStringScan"
"","286","should display correctly","DeleteConfirmationDialog","Sat Mar 07 20:42:42 UTC 2026","passed","Sat Mar 07 20:42:42 UTC 2026","","","",""
"","8","adds expected text alignment class depending on the textAlign prop","ColumnHeaders","Sat Mar 07 20:41:16 UTC 2026","passed","Sat Mar 07 20:41:16 UTC 2026","","BaseColumnHeader","",""
"Test cases for TestMaybeSubmitRelationshipUpdate","0","TestMaybeSubmitRelationshipUpdate","","Sat Mar 07 20:38:57 UTC 2026","passed","Sat Mar 07 20:38:57 UTC 2026","","Go Test","github.com/specterops/bloodhound/cmd/api/src/services/graphify/TestMaybeSubmitRelationshipUpdate","TestMaybeSubmitRelationshipUpdate"
"","24","returns bounds for text rendered to canvas","getLabelBoundsFromContext","Sat Mar 07 20:44:03 UTC 2026","passed","Sat Mar 07 20:44:03 UTC 2026","","","",""
"","163","should call the onClick function when clicked","GraphButton","Sat Mar 07 20:43:10 UTC 2026","passed","Sat Mar 07 20:43:10 UTC 2026","","","",""
"Test cases for TestSeekToKey","1","TestSeekToKey","","Sat Mar 07 20:38:57 UTC 2026","passed","Sat Mar 07 20:38:57 UTC 2026","","Go Test","github.com/specterops/bloodhound/cmd/api/src/services/graphify/TestSeekToKey","TestSeekToKey"
"Test cases for TestGetVersion","0","TestGetVersion","","Sat Mar 07 20:38:45 UTC 2026","passed","Sat Mar 07 20:38:45 UTC 2026","","Go Test","github.com/specterops/bloodhound/cmd/api/src/api/v2/TestGetVersion","TestGetVersion"
"","664","should call onSave when Save button is clicked and form input is valid","UpdateUserDialog","Sat Mar 07 20:39:41 UTC 2026","passed","Sat Mar 07 20:39:42 UTC 2026","","","",""
"Test cases for TestHeaderMatches","0","TestHeaderMatches","","Sat Mar 07 20:39:09 UTC 2026","passed","Sat Mar 07 20:39:09 UTC 2026","","Go Test","github.com/specterops/bloodhound/cmd/api/src/utils/TestHeaderMatches","TestHeaderMatches"
"","103","should should reflect the checked state for public query","SavedQueryPermissions","Sat Mar 07 20:41:42 UTC 2026","passed","Sat Mar 07 20:41:42 UTC 2026","","","",""
"Test cases for TestResources_ListADEntityRDPRights","1","TestResources_ListADEntityRDPRights","","Sat Mar 07 20:38:45 UTC 2026","passed","Sat Mar 07 20:38:45 UTC 2026","","Go Test","github.com/specterops/bloodhound/cmd/api/src/api/v2/TestResources_ListADEntityRDPRights","TestResources_ListADEntityRDPRights"
"Test cases for TestResources_ListADComputerSessions","1","TestResources_ListADComputerSessions","","Sat Mar 07 20:38:45 UTC 2026","passed","Sat Mar 07 20:38:45 UTC 2026","","Go Test","github.com/specterops/bloodhound/cmd/api/src/api/v2/TestResources_ListADComputerSessions","TestResources_ListADComputerSessions"
"Test cases for TestResources_ListAuditLogs_SkipAndOffset","0","TestResources_ListAuditLogs_SkipAndOffset","","Sat Mar 07 20:38:45 UTC 2026","passed","Sat Mar 07 20:38:45 UTC 2026","","Go Test","github.com/specterops/bloodhound/cmd/api/src/api/v2/TestResources_ListAuditLogs_SkipAndOffset","TestResources_ListAuditLogs_SkipAndOffset"
"Test cases for TestBuildErrorResponseBadRequest","0","TestBuildErrorResponseBadRequest","","Sat Mar 07 20:38:32 UTC 2026","passed","Sat Mar 07 20:38:32 UTC 2026","","Go Test","github.com/specterops/bloodhound/cmd/api/src/api/TestBuildErrorResponseBadRequest","TestBuildErrorResponseBadRequest"
"","878","does not show a warning for using labels associated with tags in label forms (also shows correct View in Explore link)","Rule Form","Sat Mar 07 20:39:32 UTC 2026","passed","Sat Mar 07 20:39:33 UTC 2026","","","",""
"Test cases for TestResources_ListAuditLogs_OnlySkip","0","TestResources_ListAuditLogs_OnlySkip","","Sat Mar 07 20:38:45 UTC 2026","passed","Sat Mar 07 20:38:45 UTC 2026","","Go Test","github.com/specterops/bloodhound/cmd/api/src/api/v2/TestResources_ListAuditLogs_OnlySkip","TestResources_ListAuditLogs_OnlySkip"
"","15","selector members refetches on sort change","the useAssetGroupTags utilities","Sat Mar 07 20:39:59 UTC 2026","passed","Sat Mar 07 20:39:59 UTC 2026","","","",""
"Test cases for TestResources_DeleteSavedQuery_IsPublicSavedQueryDBError","0","TestResources_DeleteSavedQuery_IsPublicSavedQueryDBError","","Sat Mar 07 20:38:45 UTC 2026","passed","Sat Mar 07 20:38:45 UTC 2026","","Go Test","github.com/specterops/bloodhound/cmd/api/src/api/v2/TestResources_DeleteSavedQuery_IsPublicSavedQueryDBError","TestResources_DeleteSavedQuery_IsPublicSavedQueryDBError"
"Test cases for Test_ParseGraphSortParameters_Success","0","Test_ParseGraphSortParameters_Success","","Sat Mar 07 20:38:32 UTC 2026","passed","Sat Mar 07 20:38:32 UTC 2026","","Go Test","github.com/specterops/bloodhound/cmd/api/src/api/Test_ParseGraphSortParameters_Success","Test_ParseGraphSortParameters_Success"
"","2","The data is loading","Getting the text for the disabled item display for a search when there are no results","Sat Mar 07 20:41:23 UTC 2026","passed","Sat Mar 07 20:41:23 UTC 2026","","Loading states","",""
"","105","temporarily displays the checkmark icon after clicking copy","ExploreTableDataCell","Sat Mar 07 20:42:33 UTC 2026","passed","Sat Mar 07 20:42:33 UTC 2026","","","",""
"","239","shows some checked boxes","SourceKindsCheckboxes","Sat Mar 07 20:40:47 UTC 2026","passed","Sat Mar 07 20:40:47 UTC 2026","","","",""
"","489","clears the applied filter","FileIngestFilterDialog","Sat Mar 07 20:39:53 UTC 2026","passed","Sat Mar 07 20:39:53 UTC 2026","","Status Select","",""
"","472","filters by the selected status","FileIngestFilterDialog","Sat Mar 07 20:39:52 UTC 2026","passed","Sat Mar 07 20:39:53 UTC 2026","","Status Select","",""
"Test cases for TestResources_GetBaseEntityInfo","205","TestResources_GetBaseEntityInfo","","Sat Mar 07 20:38:45 UTC 2026","passed","Sat Mar 07 20:38:45 UTC 2026","","Go Test","github.com/specterops/bloodhound/cmd/api/src/api/v2/TestResources_GetBaseEntityInfo","TestResources_GetBaseEntityInfo"
"","158","calls onLayoutChange with the selected layout","GraphControls","Sat Mar 07 20:39:49 UTC 2026","passed","Sat Mar 07 20:39:49 UTC 2026","","Selecting a layout","",""
"Test cases for TestResources_DeleteExtension","86","TestResources_DeleteExtension","","Sat Mar 07 20:38:45 UTC 2026","passed","Sat Mar 07 20:38:45 UTC 2026","","Go Test","github.com/specterops/bloodhound/cmd/api/src/api/v2/TestResources_DeleteExtension","TestResources_DeleteExtension"
"Test cases for TestManagementResource_PutUserAuthSecret","5125","TestManagementResource_PutUserAuthSecret","","Sat Mar 07 20:38:45 UTC 2026","passed","Sat Mar 07 20:38:50 UTC 2026","","Go Test","github.com/specterops/bloodhound/cmd/api/src/api/v2/auth/TestManagementResource_PutUserAuthSecret","TestManagementResource_PutUserAuthSecret"
"","0","returns disabled config when any required param is falsey","useExploreGraph","Sat Mar 07 20:40:49 UTC 2026","passed","Sat Mar 07 20:40:49 UTC 2026","relationship search queries","exploreGraphQueryFactory","",""
"","337","Displays a modal after clicking Analyze Now button and run analysis after clicking confirm","AnalyzeNowConfiguration","Sat Mar 07 20:40:30 UTC 2026","passed","Sat Mar 07 20:40:30 UTC 2026","","","",""
"","2","returns true if value is undefined","searchParams","Sat Mar 07 20:41:48 UTC 2026","passed","Sat Mar 07 20:41:48 UTC 2026","","isEmptyParam","",""
"","313","shows an error state","AssetGroupMenuItem","Sat Mar 07 20:40:05 UTC 2026","passed","Sat Mar 07 20:40:06 UTC 2026","","","",""
"","0","A type and keyword were provided but there were no results available","Getting the text for the disabled item display for a search when there are no results","Sat Mar 07 20:41:23 UTC 2026","passed","Sat Mar 07 20:41:23 UTC 2026","","Empty data states","",""
"","0","combines platform and risk filters","filterAndSearchEnvironments","Sat Mar 07 20:39:25 UTC 2026","passed","Sat Mar 07 20:39:25 UTC 2026","","combined filters","",""
"","388","shows error notification when deletion fails","ActiveExtensionsCard","Sat Mar 07 20:39:33 UTC 2026","passed","Sat Mar 07 20:39:33 UTC 2026","","","",""
"Test cases for Test_ParseSortParameters","1","Test_ParseSortParameters","","Sat Mar 07 20:38:32 UTC 2026","passed","Sat Mar 07 20:38:32 UTC 2026","","Go Test","github.com/specterops/bloodhound/cmd/api/src/api/Test_ParseSortParameters","Test_ParseSortParameters"
"","222","renders the component with all info and switch off","CitrixRDPConfiguration","Sat Mar 07 20:40:12 UTC 2026","passed","Sat Mar 07 20:40:12 UTC 2026","","Initial render","",""
"Test cases for TestResources_ListADDomainDCSyncers","0","TestResources_ListADDomainDCSyncers","","Sat Mar 07 20:38:45 UTC 2026","passed","Sat Mar 07 20:38:45 UTC 2026","","Go Test","github.com/specterops/bloodhound/cmd/api/src/api/v2/TestResources_ListADDomainDCSyncers","TestResources_ListADDomainDCSyncers"
"","244","should eventually display list of tokens","UserTokenManagementDialog","Sat Mar 07 20:41:53 UTC 2026","passed","Sat Mar 07 20:41:54 UTC 2026","","","",""
"Test cases for TestMap","0","TestMap","","Sat Mar 07 20:39:27 UTC 2026","passed","Sat Mar 07 20:39:27 UTC 2026","","Go Test","github.com/specterops/bloodhound/packages/go/slicesext/TestMap","TestMap"
"","143","renders a graph view","GraphView","Sat Mar 07 20:43:50 UTC 2026","passed","Sat Mar 07 20:43:50 UTC 2026","","","",""
"","57","passes the check for at least one permission if the user is missing one of many required permissions","usePermissions","Sat Mar 07 20:40:16 UTC 2026","passed","Sat Mar 07 20:40:16 UTC 2026","","","",""
"","5","renders Owned text by default when no Label Selector is available and on a Label page","TagSelector","Sat Mar 07 20:41:36 UTC 2026","passed","Sat Mar 07 20:41:36 UTC 2026","","","",""
"","50","renders Tier Zero text by default when no Zone Selector is available and on a Zone page","TagSelector","Sat Mar 07 20:41:36 UTC 2026","passed","Sat Mar 07 20:41:36 UTC 2026","","","",""
"Test cases for TestGetAzureDataQualityStats_Failure","1","TestGetAzureDataQualityStats_Failure","","Sat Mar 07 20:38:45 UTC 2026","passed","Sat Mar 07 20:38:45 UTC 2026","","Go Test","github.com/specterops/bloodhound/cmd/api/src/api/v2/TestGetAzureDataQualityStats_Failure","TestGetAzureDataQualityStats_Failure"
"Test cases for TestContextMiddleware","1","TestContextMiddleware","","Sat Mar 07 20:38:37 UTC 2026","passed","Sat Mar 07 20:38:37 UTC 2026","","Go Test","github.com/specterops/bloodhound/cmd/api/src/api/middleware/TestContextMiddleware","TestContextMiddleware"
"","527","renders trigger button and dropdown items","TagToZoneLabel","Sat Mar 07 20:39:22 UTC 2026","passed","Sat Mar 07 20:39:22 UTC 2026","","","",""
"Test cases for TestFillAndPopulateDefaultAdminInfo","0","TestFillAndPopulateDefaultAdminInfo","","Sat Mar 07 20:38:47 UTC 2026","passed","Sat Mar 07 20:38:47 UTC 2026","","Go Test","github.com/specterops/bloodhound/cmd/api/src/bootstrap/TestFillAndPopulateDefaultAdminInfo","TestFillAndPopulateDefaultAdminInfo"
"","0","succeeds for valid password with unicode characters","testPassword","Sat Mar 07 20:43:07 UTC 2026","passed","Sat Mar 07 20:43:07 UTC 2026","","","",""
"","1","determines glyphs with the tier_managent_engine feature flag enabled","getNodeGlyphs","Sat Mar 07 20:43:45 UTC 2026","passed","Sat Mar 07 20:43:45 UTC 2026","","","",""
"Test cases for TestResources_ListADDomainContainedOUs","0","TestResources_ListADDomainContainedOUs","","Sat Mar 07 20:38:45 UTC 2026","passed","Sat Mar 07 20:38:45 UTC 2026","","Go Test","github.com/specterops/bloodhound/cmd/api/src/api/v2/TestResources_ListADDomainContainedOUs","TestResources_ListADDomainContainedOUs"
"","1","handles null or empty madeBy","createHistoryParams","Sat Mar 07 20:42:17 UTC 2026","passed","Sat Mar 07 20:42:17 UTC 2026","","","",""
"","37","sets input text to value","ManagedDatePicker - value","Sat Mar 07 20:41:08 UTC 2026","passed","Sat Mar 07 20:41:08 UTC 2026","","","",""
"Test cases for TestResources_SearchHandler","7","TestResources_SearchHandler","","Sat Mar 07 20:38:45 UTC 2026","passed","Sat Mar 07 20:38:45 UTC 2026","","Go Test","github.com/specterops/bloodhound/cmd/api/src/api/v2/TestResources_SearchHandler","TestResources_SearchHandler"
"Test cases for TestParseOptionalBoolMisspelledValue","0","TestParseOptionalBoolMisspelledValue","","Sat Mar 07 20:38:32 UTC 2026","passed","Sat Mar 07 20:38:32 UTC 2026","","Go Test","github.com/specterops/bloodhound/cmd/api/src/api/TestParseOptionalBoolMisspelledValue","TestParseOptionalBoolMisspelledValue"
"Test cases for TestManagementResource_CreateSAMLProviderMultipart","28","TestManagementResource_CreateSAMLProviderMultipart","","Sat Mar 07 20:39:18 UTC 2026","passed","Sat Mar 07 20:39:18 UTC 2026","","Go Test","github.com/specterops/bloodhound/cmd/api/src/api/v2/auth/TestManagementResource_CreateSAMLProviderMultipart","TestManagementResource_CreateSAMLProviderMultipart"
"Test cases for TestRoleAssignments_NodeHasRole","0","TestRoleAssignments_NodeHasRole","","Sat Mar 07 20:39:13 UTC 2026","passed","Sat Mar 07 20:39:13 UTC 2026","","Go Test","github.com/specterops/bloodhound/packages/go/analysis/azure/TestRoleAssignments_NodeHasRole","TestRoleAssignments_NodeHasRole"
"","380","displays 0 when a given sections returns empty, and sums the rest of the sections correctly","EntityInfoDataTableGraphed","Sat Mar 07 20:40:20 UTC 2026","passed","Sat Mar 07 20:40:20 UTC 2026","","Node count for nested table that counts all sections","",""
"","749","shows a warning for using labels associated with tags in zone forms","Rule Form","Sat Mar 07 20:39:31 UTC 2026","passed","Sat Mar 07 20:39:32 UTC 2026","","","",""
"","50","should hide Environmental Targeted Access Control panel when showEnvironmentAccessControls prop is false","UpdateUserForm","Sat Mar 07 20:39:23 UTC 2026","passed","Sat Mar 07 20:39:23 UTC 2026","","","",""
"","1","Will ignore colons after the first and use them as part of the keyword search","Parsing the debounced input for type and keyword values","Sat Mar 07 20:41:23 UTC 2026","passed","Sat Mar 07 20:41:23 UTC 2026","","","",""
"Test cases for TestHandleDatabaseError","0","TestHandleDatabaseError","","Sat Mar 07 20:38:32 UTC 2026","passed","Sat Mar 07 20:38:32 UTC 2026","","Go Test","github.com/specterops/bloodhound/cmd/api/src/api/TestHandleDatabaseError","TestHandleDatabaseError"
"Test cases for TestFormatDatabaseErrorNotFound","0","TestFormatDatabaseErrorNotFound","","Sat Mar 07 20:38:32 UTC 2026","passed","Sat Mar 07 20:38:32 UTC 2026","","Go Test","github.com/specterops/bloodhound/cmd/api/src/api/TestFormatDatabaseErrorNotFound","TestFormatDatabaseErrorNotFound"
"Test cases for TestResources_ListADEntityPSRemoteRights","2","TestResources_ListADEntityPSRemoteRights","","Sat Mar 07 20:38:45 UTC 2026","passed","Sat Mar 07 20:38:45 UTC 2026","","Go Test","github.com/specterops/bloodhound/cmd/api/src/api/v2/TestResources_ListADEntityPSRemoteRights","TestResources_ListADEntityPSRemoteRights"
"","16","should be aligned to right of screen","GenericErrorBoundaryFallback","Sat Mar 07 20:43:11 UTC 2026","passed","Sat Mar 07 20:43:11 UTC 2026","","","",""
"","24","will update the selected filters based on the values stored in query params when the initialize function is called","usePathfindingFilters","Sat Mar 07 20:42:39 UTC 2026","passed","Sat Mar 07 20:42:39 UTC 2026","","","",""
"","278","renders a list of pre-built searches","PrebuiltSearchList","Sat Mar 07 20:41:45 UTC 2026","passed","Sat Mar 07 20:41:45 UTC 2026","","","",""
"Test cases for TestGraphQuery_PrepareCypherQuery","39","TestGraphQuery_PrepareCypherQuery","","Sat Mar 07 20:38:55 UTC 2026","passed","Sat Mar 07 20:38:55 UTC 2026","","Go Test","github.com/specterops/bloodhound/cmd/api/src/queries/TestGraphQuery_PrepareCypherQuery","TestGraphQuery_PrepareCypherQuery"
"","0","The data is fetching","Getting the text for the disabled item display for a search when there are no results","Sat Mar 07 20:41:23 UTC 2026","passed","Sat Mar 07 20:41:23 UTC 2026","","Loading states","",""
"Test cases for TestResources_ListADEntityControllables","0","TestResources_ListADEntityControllables","","Sat Mar 07 20:38:45 UTC 2026","passed","Sat Mar 07 20:38:45 UTC 2026","","Go Test","github.com/specterops/bloodhound/cmd/api/src/api/v2/TestResources_ListADEntityControllables","TestResources_ListADEntityControllables"
"Test cases for TestResources_ListRootCAPKIHierarchy","0","TestResources_ListRootCAPKIHierarchy","","Sat Mar 07 20:38:45 UTC 2026","passed","Sat Mar 07 20:38:45 UTC 2026","","Go Test","github.com/specterops/bloodhound/cmd/api/src/api/v2/TestResources_ListRootCAPKIHierarchy","TestResources_ListRootCAPKIHierarchy"
"","12952","checking a category updates all children and grandchildren","Pathfinding","Sat Mar 07 20:40:27 UTC 2026","passed","Sat Mar 07 20:40:40 UTC 2026","","","",""
"Test cases for TestResources_ListADDomainOutboundTrusts","2","TestResources_ListADDomainOutboundTrusts","","Sat Mar 07 20:38:45 UTC 2026","passed","Sat Mar 07 20:38:45 UTC 2026","","Go Test","github.com/specterops/bloodhound/cmd/api/src/api/v2/TestResources_ListADDomainOutboundTrusts","TestResources_ListADDomainOutboundTrusts"
"Test cases for TestParseVersion","0","TestParseVersion","","Sat Mar 07 20:39:10 UTC 2026","passed","Sat Mar 07 20:39:10 UTC 2026","","Go Test","github.com/specterops/bloodhound/cmd/api/src/version/TestParseVersion","TestParseVersion"
"","136","renders enabled Zone and Rule tabs and disabled Object tab","Selected Details Tabs","Sat Mar 07 20:40:36 UTC 2026","passed","Sat Mar 07 20:40:36 UTC 2026","","Selected Details Tabs - Params present","",""
"","1","Will parse an incorrectly cased type and return/use the correct casing for the data fetching","Parsing the debounced input for type and keyword values","Sat Mar 07 20:41:23 UTC 2026","passed","Sat Mar 07 20:41:23 UTC 2026","","","",""
"","8","sets autoDisplayTable to false if query type is composition","useExploreTableAutoDisplay","Sat Mar 07 20:42:13 UTC 2026","passed","Sat Mar 07 20:42:13 UTC 2026","","","",""
"","8","navigates to the specified route with global params intact when triggered by a splat route","AppNavigate","Sat Mar 07 20:42:04 UTC 2026","passed","Sat Mar 07 20:42:04 UTC 2026","","","",""
"Test cases for TestManagementResource_ListUsers","1","TestManagementResource_ListUsers","","Sat Mar 07 20:38:50 UTC 2026","passed","Sat Mar 07 20:38:50 UTC 2026","","Go Test","github.com/specterops/bloodhound/cmd/api/src/api/v2/auth/TestManagementResource_ListUsers","TestManagementResource_ListUsers"
"","0","returns true if value is ''","searchParams","Sat Mar 07 20:41:48 UTC 2026","passed","Sat Mar 07 20:41:48 UTC 2026","","isEmptyParam","",""
"","170","renders the Zone/Labels Tab content when first tab is chosen","Selected Details Tab Content","Sat Mar 07 20:42:25 UTC 2026","passed","Sat Mar 07 20:42:25 UTC 2026","","","",""
"","985","shows a table with partially completed jobs","FileIngestTable","Sat Mar 07 20:40:59 UTC 2026","passed","Sat Mar 07 20:41:00 UTC 2026","","","",""
"","93","buttons are disabled while loading","PasswordResetForm","Sat Mar 07 20:41:02 UTC 2026","passed","Sat Mar 07 20:41:02 UTC 2026","","","",""
"","443","filters by the selected user","FileIngestFilterDialog","Sat Mar 07 20:39:55 UTC 2026","passed","Sat Mar 07 20:39:55 UTC 2026","","User Select","",""
"Test cases for TestResources_ListAuditLogs_PredicateMismatchWithColumn","0","TestResources_ListAuditLogs_PredicateMismatchWithColumn","","Sat Mar 07 20:38:45 UTC 2026","passed","Sat Mar 07 20:38:45 UTC 2026","","Go Test","github.com/specterops/bloodhound/cmd/api/src/api/v2/TestResources_ListAuditLogs_PredicateMismatchWithColumn","TestResources_ListAuditLogs_PredicateMismatchWithColumn"
"Test cases for TestMatches_FailureStatus","0","TestMatches_FailureStatus","","Sat Mar 07 20:38:54 UTC 2026","passed","Sat Mar 07 20:38:54 UTC 2026","","Go Test","github.com/specterops/bloodhound/cmd/api/src/model/TestMatches_FailureStatus","TestMatches_FailureStatus"
"Test cases for TestDatabaseWipe","2","TestDatabaseWipe","","Sat Mar 07 20:38:45 UTC 2026","passed","Sat Mar 07 20:38:45 UTC 2026","","Go Test","github.com/specterops/bloodhound/cmd/api/src/api/v2/TestDatabaseWipe","TestDatabaseWipe"
"","190","Selecting an edge that meets ACL inheritance criteria shows the ""ACE Inherited From"" dropdown","EdgeInfoContent","Sat Mar 07 20:39:28 UTC 2026","passed","Sat Mar 07 20:39:29 UTC 2026","","","",""
"Test cases for TestBoolValueOrZero","0","TestBoolValueOrZero","","Sat Mar 07 20:38:52 UTC 2026","passed","Sat Mar 07 20:38:52 UTC 2026","","Go Test","github.com/specterops/bloodhound/cmd/api/src/database/types/null/TestBoolValueOrZero","TestBoolValueOrZero"
"","210","should display ""Disable Multi-Factor Authentication?"" title","Enable2FADialog","Sat Mar 07 20:41:57 UTC 2026","passed","Sat Mar 07 20:41:58 UTC 2026","","","",""
"","1","returns false when WebGL is not available in the current browser context","WebGL compatibility check","Sat Mar 07 20:43:14 UTC 2026","passed","Sat Mar 07 20:43:14 UTC 2026","","","",""
"Test cases for TestManagementResource_EnrollMFA","2193","TestManagementResource_EnrollMFA","","Sat Mar 07 20:39:06 UTC 2026","passed","Sat Mar 07 20:39:08 UTC 2026","","Go Test","github.com/specterops/bloodhound/cmd/api/src/api/v2/auth/TestManagementResource_EnrollMFA","TestManagementResource_EnrollMFA"
"Test cases for TestManagementResource_GetRole","27540","TestManagementResource_GetRole","","Sat Mar 07 20:38:50 UTC 2026","passed","Sat Mar 07 20:39:18 UTC 2026","","Go Test","github.com/specterops/bloodhound/cmd/api/src/api/v2/auth/TestManagementResource_GetRole","TestManagementResource_GetRole"
"","580","should render inputs, labels, and action buttons","UpsertSAMLProviderForm","Sat Mar 07 20:42:05 UTC 2026","passed","Sat Mar 07 20:42:06 UTC 2026","","","",""
"","1636","when user performs a pathfinding search, and then clicks the swap button, the start and destination inputs are swapped","Pathfinding: interaction","Sat Mar 07 20:40:42 UTC 2026","passed","Sat Mar 07 20:40:44 UTC 2026","","","",""
"","203","should not call onSubmit when input is invalid and Submit button is clicked","UpsertSAMLProviderForm","Sat Mar 07 20:42:06 UTC 2026","passed","Sat Mar 07 20:42:06 UTC 2026","","","",""
"","89","has styles that hide icon labels when the nav is collapsed and show labels when its expanded","MainNav","Sat Mar 07 20:39:50 UTC 2026","passed","Sat Mar 07 20:39:50 UTC 2026","","","",""
"","126","should display a ""Reset Password"" button","UserProfile","Sat Mar 07 20:40:21 UTC 2026","passed","Sat Mar 07 20:40:21 UTC 2026","","","",""
"Test cases for Test_PrimaryNodeKind","0","Test_PrimaryNodeKind","","Sat Mar 07 20:39:15 UTC 2026","passed","Sat Mar 07 20:39:15 UTC 2026","","Go Test","github.com/specterops/bloodhound/packages/go/graphschema/Test_PrimaryNodeKind","Test_PrimaryNodeKind"
"","257","calls the onReset prop when the crop button is clicked","GraphControls","Sat Mar 07 20:39:47 UTC 2026","passed","Sat Mar 07 20:39:48 UTC 2026","","Resetting graph","",""
"","219","The API key management option should appear in profile page if the user is configured for SAML login","UserProfile with SSO User","Sat Mar 07 20:40:20 UTC 2026","passed","Sat Mar 07 20:40:21 UTC 2026","","","",""
"","619","calls the passed in cancel handler when clicking the Cancel button","Glyph Select Dialog","Sat Mar 07 20:42:48 UTC 2026","passed","Sat Mar 07 20:42:48 UTC 2026","","","",""
"","240","should render","Rule Object Select","Sat Mar 07 20:42:02 UTC 2026","passed","Sat Mar 07 20:42:03 UTC 2026","","","",""
"","10","dismisses a notification","AppNotifications","Sat Mar 07 20:42:02 UTC 2026","passed","Sat Mar 07 20:42:02 UTC 2026","","","",""
"","363","should render","LoginForm","Sat Mar 07 20:42:34 UTC 2026","passed","Sat Mar 07 20:42:34 UTC 2026","","","",""
"","290","renders","EarlyAccessFeaturesWarningDialog","Sat Mar 07 20:44:12 UTC 2026","passed","Sat Mar 07 20:44:12 UTC 2026","","","",""
"Test cases for Test_TopLevel","0","Test_TopLevel","","Sat Mar 07 20:39:26 UTC 2026","passed","Sat Mar 07 20:39:26 UTC 2026","","Go Test","github.com/specterops/bloodhound/packages/go/schemagen/csgen/Test_TopLevel","Test_TopLevel"
"","1","returns query config when searchType is relationship and all required params are passed","useExploreGraph","Sat Mar 07 20:40:49 UTC 2026","passed","Sat Mar 07 20:40:49 UTC 2026","relationship search queries","exploreGraphQueryFactory","",""
"","0","returns empty array when environments is undefined","filterAndSearchEnvironments","Sat Mar 07 20:39:25 UTC 2026","passed","Sat Mar 07 20:39:25 UTC 2026","","with empty environments","",""
"Test cases for TestResources_ListADUserSQLAdminRights","0","TestResources_ListADUserSQLAdminRights","","Sat Mar 07 20:38:45 UTC 2026","passed","Sat Mar 07 20:38:45 UTC 2026","","Go Test","github.com/specterops/bloodhound/cmd/api/src/api/v2/TestResources_ListADUserSQLAdminRights","TestResources_ListADUserSQLAdminRights"
"","0","returns null if paramValue is null","useEnvironmentParams","Sat Mar 07 20:43:06 UTC 2026","passed","Sat Mar 07 20:43:06 UTC 2026","","parseEnvironmentAggregation","",""
"","74","disables items via itemDisabled and hides the chevron icon visually","<DetailsAccordion />","Sat Mar 07 20:40:01 UTC 2026","passed","Sat Mar 07 20:40:01 UTC 2026","","","",""
"","100","updates value when a valid date typed","ManagedDatePicker - value","Sat Mar 07 20:41:08 UTC 2026","passed","Sat Mar 07 20:41:09 UTC 2026","","","",""
"Test cases for TestReadRFC3339","1","TestReadRFC3339","","Sat Mar 07 20:39:09 UTC 2026","passed","Sat Mar 07 20:39:09 UTC 2026","","Go Test","github.com/specterops/bloodhound/cmd/api/src/utils/TestReadRFC3339","TestReadRFC3339"
"Test cases for TestDummyHA","0","TestDummyHA","","Sat Mar 07 20:38:49 UTC 2026","passed","Sat Mar 07 20:38:49 UTC 2026","","Go Test","github.com/specterops/bloodhound/cmd/api/src/daemons/changelog/TestDummyHA","TestDummyHA"
"Test cases for TestContextMiddleware_InvalidWaitLessThanZero","0","TestContextMiddleware_InvalidWaitLessThanZero","","Sat Mar 07 20:38:37 UTC 2026","passed","Sat Mar 07 20:38:37 UTC 2026","","Go Test","github.com/specterops/bloodhound/cmd/api/src/api/middleware/TestContextMiddleware_InvalidWaitLessThanZero","TestContextMiddleware_InvalidWaitLessThanZero"
"Test cases for TestParseOptionalLimitQueryParameter","87","TestParseOptionalLimitQueryParameter","","Sat Mar 07 20:38:45 UTC 2026","passed","Sat Mar 07 20:38:45 UTC 2026","","Go Test","github.com/specterops/bloodhound/cmd/api/src/api/v2/TestParseOptionalLimitQueryParameter","TestParseOptionalLimitQueryParameter"
"","15","does not render the tooltip icon when tooltipText prop is not passed","ColumnHeaders","Sat Mar 07 20:41:16 UTC 2026","passed","Sat Mar 07 20:41:16 UTC 2026","","SortableHeader with Tooltip","",""
"Test cases for TestMap","0","TestMap","","Sat Mar 07 20:39:16 UTC 2026","passed","Sat Mar 07 20:39:16 UTC 2026","","Go Test","github.com/specterops/bloodhound/packages/go/lab/internal/TestMap","TestMap"
"Test cases for TestResources_ListAssetGroupCollections","1","TestResources_ListAssetGroupCollections","","Sat Mar 07 20:38:45 UTC 2026","passed","Sat Mar 07 20:38:45 UTC 2026","","Go Test","github.com/specterops/bloodhound/cmd/api/src/api/v2/TestResources_ListAssetGroupCollections","TestResources_ListAssetGroupCollections"
"Test cases for TestParseUserIP_XForwardedFor_RemoteAddr","0","TestParseUserIP_XForwardedFor_RemoteAddr","","Sat Mar 07 20:38:37 UTC 2026","passed","Sat Mar 07 20:38:37 UTC 2026","","Go Test","github.com/specterops/bloodhound/cmd/api/src/api/middleware/TestParseUserIP_XForwardedFor_RemoteAddr","TestParseUserIP_XForwardedFor_RemoteAddr"
"Test cases for TestGenericMap","1","TestGenericMap","","Sat Mar 07 20:39:09 UTC 2026","passed","Sat Mar 07 20:39:09 UTC 2026","","Go Test","github.com/specterops/bloodhound/cmd/api/src/utils/TestGenericMap","TestGenericMap"
"","938","opens a submenu when user hovers over `Copy`","ContextMenu","Sat Mar 07 20:43:44 UTC 2026","passed","Sat Mar 07 20:43:44 UTC 2026","","","",""
"Test cases for TestBuildSQLSort","3","TestBuildSQLSort","","Sat Mar 07 20:38:32 UTC 2026","passed","Sat Mar 07 20:38:32 UTC 2026","","Go Test","github.com/specterops/bloodhound/cmd/api/src/api/TestBuildSQLSort","TestBuildSQLSort"
"","57","fails checks if the user does not have a matching permission","usePermissions","Sat Mar 07 20:40:16 UTC 2026","passed","Sat Mar 07 20:40:16 UTC 2026","","","",""
"","102","should display ""Disable Multi-Factor Authentication"" button","Enable2FADialog","Sat Mar 07 20:41:58 UTC 2026","passed","Sat Mar 07 20:41:58 UTC 2026","","","",""
"Test cases for TestResources_CreateSavedQuery","0","TestResources_CreateSavedQuery","","Sat Mar 07 20:38:45 UTC 2026","passed","Sat Mar 07 20:38:45 UTC 2026","","Go Test","github.com/specterops/bloodhound/cmd/api/src/api/v2/TestResources_CreateSavedQuery","TestResources_CreateSavedQuery"
"","130","defaults to wrapped and removes .wrapped class when unwrap btn is clicked","CodeController","Sat Mar 07 20:42:54 UTC 2026","passed","Sat Mar 07 20:42:55 UTC 2026","","","",""
"","0","returns false when id is not an environment aggregation","isEnvironmentAggregation","Sat Mar 07 20:39:25 UTC 2026","passed","Sat Mar 07 20:39:25 UTC 2026","","","",""
"Test cases for TestManagementResource_UpdateUser_GetRolesError","813","TestManagementResource_UpdateUser_GetRolesError","","Sat Mar 07 20:38:57 UTC 2026","passed","Sat Mar 07 20:38:58 UTC 2026","","Go Test","github.com/specterops/bloodhound/cmd/api/src/api/v2/auth/TestManagementResource_UpdateUser_GetRolesError","TestManagementResource_UpdateUser_GetRolesError"
"Test cases for Test_SetDependency","0","Test_SetDependency","","Sat Mar 07 20:39:16 UTC 2026","passed","Sat Mar 07 20:39:16 UTC 2026","","Go Test","github.com/specterops/bloodhound/packages/go/lab/Test_SetDependency","Test_SetDependency"
"Test cases for TestNormalizeToUTF8_ReaderError","1","TestNormalizeToUTF8_ReaderError","","Sat Mar 07 20:39:14 UTC 2026","passed","Sat Mar 07 20:39:14 UTC 2026","","Go Test","github.com/specterops/bloodhound/packages/go/bomenc/TestNormalizeToUTF8_ReaderError","TestNormalizeToUTF8_ReaderError"
"","124","invokes handleFilterChange with eq:true when clicked and custom_member filter is off","AssetGroupEdit","Sat Mar 07 20:40:12 UTC 2026","passed","Sat Mar 07 20:40:12 UTC 2026","","Custom Member checkbox filter","",""
"Test cases for TestGenericAssign","0","TestGenericAssign","","Sat Mar 07 20:39:09 UTC 2026","passed","Sat Mar 07 20:39:09 UTC 2026","","Go Test","github.com/specterops/bloodhound/cmd/api/src/utils/TestGenericAssign","TestGenericAssign"
"Test cases for TestResources_GetOUEntityInfo","1","TestResources_GetOUEntityInfo","","Sat Mar 07 20:38:45 UTC 2026","passed","Sat Mar 07 20:38:45 UTC 2026","","Go Test","github.com/specterops/bloodhound/cmd/api/src/api/v2/TestResources_GetOUEntityInfo","TestResources_GetOUEntityInfo"
"","16","renders disabled prop when flag is not enabled","FeatureFlag","Sat Mar 07 20:42:10 UTC 2026","passed","Sat Mar 07 20:42:10 UTC 2026","","","",""
"","0","The user has yet to type into the search","Getting the text for the disabled item display for a search when there are no results","Sat Mar 07 20:41:23 UTC 2026","passed","Sat Mar 07 20:41:23 UTC 2026","","Empty data states","",""
"","826","open and closes dialog","DatabaseManagement","Sat Mar 07 20:43:43 UTC 2026","passed","Sat Mar 07 20:43:44 UTC 2026","","","",""
"","7","displays a pulsing indicator","StatusIndicator","Sat Mar 07 20:43:01 UTC 2026","passed","Sat Mar 07 20:43:01 UTC 2026","","","",""
"Test cases for TestActivateMFA_Failure","773","TestActivateMFA_Failure","","Sat Mar 07 20:39:15 UTC 2026","passed","Sat Mar 07 20:39:16 UTC 2026","","Go Test","github.com/specterops/bloodhound/cmd/api/src/api/v2/auth/TestActivateMFA_Failure","TestActivateMFA_Failure"
"","0","returns undefined if graphData is %s or not a GraphResponse","getExploreTableData","Sat Mar 07 20:41:20 UTC 2026","passed","Sat Mar 07 20:41:20 UTC 2026","","","",""
"Test cases for TestCache_Get","1","TestCache_Get","","Sat Mar 07 20:39:14 UTC 2026","passed","Sat Mar 07 20:39:14 UTC 2026","","Go Test","github.com/specterops/bloodhound/packages/go/cache/TestCache_Get","TestCache_Get"
"Test cases for TestParseUserIP_RemoteAddrOnly","0","TestParseUserIP_RemoteAddrOnly","","Sat Mar 07 20:38:37 UTC 2026","passed","Sat Mar 07 20:38:37 UTC 2026","","Go Test","github.com/specterops/bloodhound/cmd/api/src/api/middleware/TestParseUserIP_RemoteAddrOnly","TestParseUserIP_RemoteAddrOnly"
"Test cases for TestArgon2Digest_String","0","TestArgon2Digest_String","","Sat Mar 07 20:39:15 UTC 2026","passed","Sat Mar 07 20:39:15 UTC 2026","","Go Test","github.com/specterops/bloodhound/packages/go/crypto/TestArgon2Digest_String","TestArgon2Digest_String"
"Test cases for TestResources_ListADDomainContainedGPOs","0","TestResources_ListADDomainContainedGPOs","","Sat Mar 07 20:38:45 UTC 2026","passed","Sat Mar 07 20:38:45 UTC 2026","","Go Test","github.com/specterops/bloodhound/cmd/api/src/api/v2/TestResources_ListADDomainContainedGPOs","TestResources_ListADDomainContainedGPOs"
"Test cases for TestTypes_Scan_Success","1","TestTypes_Scan_Success","","Sat Mar 07 20:38:52 UTC 2026","passed","Sat Mar 07 20:38:52 UTC 2026","","Go Test","github.com/specterops/bloodhound/cmd/api/src/database/types/TestTypes_Scan_Success","TestTypes_Scan_Success"
"Test cases for TestParseOptionalBoolEmptyValue","0","TestParseOptionalBoolEmptyValue","","Sat Mar 07 20:38:32 UTC 2026","passed","Sat Mar 07 20:38:32 UTC 2026","","Go Test","github.com/specterops/bloodhound/cmd/api/src/api/TestParseOptionalBoolEmptyValue","TestParseOptionalBoolEmptyValue"
"","22","does not call onSort when disable=true","ColumnHeaders","Sat Mar 07 20:41:16 UTC 2026","passed","Sat Mar 07 20:41:16 UTC 2026","","SortableHeader","",""
"Test cases for TestFilterStructSlice","0","TestFilterStructSlice","","Sat Mar 07 20:38:32 UTC 2026","passed","Sat Mar 07 20:38:32 UTC 2026","","Go Test","github.com/specterops/bloodhound/cmd/api/src/api/TestFilterStructSlice","TestFilterStructSlice"
"Test cases for TestParseDomainTrusts_TrustAttributes","0","TestParseDomainTrusts_TrustAttributes","","Sat Mar 07 20:39:15 UTC 2026","passed","Sat Mar 07 20:39:15 UTC 2026","","Go Test","github.com/specterops/bloodhound/packages/go/ein/TestParseDomainTrusts_TrustAttributes","TestParseDomainTrusts_TrustAttributes"
"Test cases for TestDatabase_GetAssetGroupTagSelector","0","TestDatabase_GetAssetGroupTagSelector","","Sat Mar 07 20:38:45 UTC 2026","passed","Sat Mar 07 20:38:45 UTC 2026","","Go Test","github.com/specterops/bloodhound/cmd/api/src/api/v2/TestDatabase_GetAssetGroupTagSelector","TestDatabase_GetAssetGroupTagSelector"
"Test cases for TestResources_UpdateSavedQuery_InvalidID","0","TestResources_UpdateSavedQuery_InvalidID","","Sat Mar 07 20:38:45 UTC 2026","passed","Sat Mar 07 20:38:45 UTC 2026","","Go Test","github.com/specterops/bloodhound/cmd/api/src/api/v2/TestResources_UpdateSavedQuery_InvalidID","TestResources_UpdateSavedQuery_InvalidID"
"","101","does not show View in Explore if in object rule type","Seed Selection Results","Sat Mar 07 20:39:57 UTC 2026","passed","Sat Mar 07 20:39:57 UTC 2026","","","",""
"Test cases for TestResources_ProcessIngestTask","17","TestResources_ProcessIngestTask","","Sat Mar 07 20:38:45 UTC 2026","passed","Sat Mar 07 20:38:45 UTC 2026","","Go Test","github.com/specterops/bloodhound/cmd/api/src/api/v2/TestResources_ProcessIngestTask","TestResources_ProcessIngestTask"
"Test cases for Test_cacheQueryResult","1","Test_cacheQueryResult","","Sat Mar 07 20:38:55 UTC 2026","passed","Sat Mar 07 20:38:55 UTC 2026","","Go Test","github.com/specterops/bloodhound/cmd/api/src/queries/Test_cacheQueryResult","Test_cacheQueryResult"
"","615","should initiate data loading when an item is selected","Simple Environment Selector","Sat Mar 07 20:40:25 UTC 2026","passed","Sat Mar 07 20:40:25 UTC 2026","","","",""
"Test cases for TestLoginExpiry","0","TestLoginExpiry","","Sat Mar 07 20:39:18 UTC 2026","passed","Sat Mar 07 20:39:18 UTC 2026","","Go Test","github.com/specterops/bloodhound/cmd/api/src/api/v2/auth/TestLoginExpiry","TestLoginExpiry"
"","0","A type was provided but no keyword follows the typed filter","Getting the text for the disabled item display for a search when there are no results","Sat Mar 07 20:41:23 UTC 2026","passed","Sat Mar 07 20:41:23 UTC 2026","","Empty data states","",""
"Test cases for TestResources_ListADComputerPSRemoteUsers","3","TestResources_ListADComputerPSRemoteUsers","","Sat Mar 07 20:38:45 UTC 2026","passed","Sat Mar 07 20:38:45 UTC 2026","","Go Test","github.com/specterops/bloodhound/cmd/api/src/api/v2/TestResources_ListADComputerPSRemoteUsers","TestResources_ListADComputerPSRemoteUsers"
"","1","should return the edge parts from the key","getEdgeDataFromKey","Sat Mar 07 20:44:09 UTC 2026","passed","Sat Mar 07 20:44:09 UTC 2026","","","",""
"Test cases for TestManagementResource_SAMLLoginHandler","28","TestManagementResource_SAMLLoginHandler","","Sat Mar 07 20:39:18 UTC 2026","passed","Sat Mar 07 20:39:18 UTC 2026","","Go Test","github.com/specterops/bloodhound/cmd/api/src/api/v2/auth/TestManagementResource_SAMLLoginHandler","TestManagementResource_SAMLLoginHandler"
"","92","renders correctly","NodeIcon","Sat Mar 07 20:42:36 UTC 2026","passed","Sat Mar 07 20:42:36 UTC 2026","","","",""
"","629","should render navigation links to all Administration sub-pages","Administration","Sat Mar 07 20:44:00 UTC 2026","passed","Sat Mar 07 20:44:00 UTC 2026","","","",""
"","90","returns Tag Object counts when there is a Tag selected but no Rule selected (ruleId is undefined from path params)","useObjectCounts","Sat Mar 07 20:42:45 UTC 2026","passed","Sat Mar 07 20:42:45 UTC 2026","","","",""
"","36","whencreated","Handling value formatting for Active Directory entity properties lastlogon, lastlogontimestamp, whencreated, and pwdlastset","Sat Mar 07 20:40:08 UTC 2026","passed","Sat Mar 07 20:40:08 UTC 2026","","","",""
"Test cases for TestAuthExtensions","3","TestAuthExtensions","","Sat Mar 07 20:38:32 UTC 2026","passed","Sat Mar 07 20:38:32 UTC 2026","","Go Test","github.com/specterops/bloodhound/cmd/api/src/api/TestAuthExtensions","TestAuthExtensions"
"","5","should not render if open === false","ConfirmUpdateQueryDialog","Sat Mar 07 20:42:49 UTC 2026","passed","Sat Mar 07 20:42:49 UTC 2026","","","",""
"","418","shows success notification after successful deletion","ActiveExtensionsCard","Sat Mar 07 20:39:33 UTC 2026","passed","Sat Mar 07 20:39:33 UTC 2026","","","",""
"Test cases for Test_CheckAccessToEnvironments","108","Test_CheckAccessToEnvironments","","Sat Mar 07 20:38:45 UTC 2026","passed","Sat Mar 07 20:38:45 UTC 2026","","Go Test","github.com/specterops/bloodhound/cmd/api/src/api/v2/Test_CheckAccessToEnvironments","Test_CheckAccessToEnvironments"
"Test cases for TestResources_ShareSavedQueriesPermissions_SavingPermissionsErrors","0","TestResources_ShareSavedQueriesPermissions_SavingPermissionsErrors","","Sat Mar 07 20:38:45 UTC 2026","passed","Sat Mar 07 20:38:45 UTC 2026","","Go Test","github.com/specterops/bloodhound/cmd/api/src/api/v2/TestResources_ShareSavedQueriesPermissions_SavingPermissionsErrors","TestResources_ShareSavedQueriesPermissions_SavingPermissionsErrors"
"","1046","renders asset group edit options with graph write permissions","ContextMenu","Sat Mar 07 20:39:56 UTC 2026","passed","Sat Mar 07 20:39:57 UTC 2026","","","",""
"","1","filters by critical risk level","filterAndSearchEnvironments","Sat Mar 07 20:39:25 UTC 2026","passed","Sat Mar 07 20:39:25 UTC 2026","","risk filters","",""
"","866","shows tooltip text on hover","ColumnHeaders","Sat Mar 07 20:41:16 UTC 2026","passed","Sat Mar 07 20:41:17 UTC 2026","","SortableHeader with Tooltip","",""
"","419","On successful upload, displays a completion of 100% and adds a ""Complete"" button that closes the dialog","SchemaUploadDialog","Sat Mar 07 20:41:12 UTC 2026","passed","Sat Mar 07 20:41:12 UTC 2026","","","",""
"","156","onCancel is called when cancel is clicked","Enable2FADialog","Sat Mar 07 20:41:20 UTC 2026","passed","Sat Mar 07 20:41:21 UTC 2026","","","",""
"Test cases for TestManagementResource_ListUsers_InvalidFilterPredicate","0","TestManagementResource_ListUsers_InvalidFilterPredicate","","Sat Mar 07 20:38:50 UTC 2026","passed","Sat Mar 07 20:38:50 UTC 2026","","Go Test","github.com/specterops/bloodhound/cmd/api/src/api/v2/auth/TestManagementResource_ListUsers_InvalidFilterPredicate","TestManagementResource_ListUsers_InvalidFilterPredicate"
"","0","should appropriately handle edges that contain underscores","getEdgeDataFromKey","Sat Mar 07 20:44:09 UTC 2026","passed","Sat Mar 07 20:44:09 UTC 2026","","","",""
"Test cases for TestResources_DeleteSavedQuery_DBError","0","TestResources_DeleteSavedQuery_DBError","","Sat Mar 07 20:38:45 UTC 2026","passed","Sat Mar 07 20:38:45 UTC 2026","","Go Test","github.com/specterops/bloodhound/cmd/api/src/api/v2/TestResources_DeleteSavedQuery_DBError","TestResources_DeleteSavedQuery_DBError"
"","113","should display an error when error prop is truthy","SaveQueryDialog","Sat Mar 07 20:39:15 UTC 2026","passed","Sat Mar 07 20:39:15 UTC 2026","","","",""
"Test cases for TestManagementResource_ListRoles_DBError","0","TestManagementResource_ListRoles_DBError","","Sat Mar 07 20:38:50 UTC 2026","passed","Sat Mar 07 20:38:50 UTC 2026","","Go Test","github.com/specterops/bloodhound/cmd/api/src/api/v2/auth/TestManagementResource_ListRoles_DBError","TestManagementResource_ListRoles_DBError"
"","731","renders a primary button as expected","DropdownSelector","Sat Mar 07 20:42:07 UTC 2026","passed","Sat Mar 07 20:42:07 UTC 2026","","","",""
"","18","returns Rule Object counts when there is a Tag and a Rule selected (tagId and ruleId are in path params)","useObjectCounts","Sat Mar 07 20:42:45 UTC 2026","passed","Sat Mar 07 20:42:45 UTC 2026","","","",""
"","254","should not display generate/revoke api tokens button","Api Keys","Sat Mar 07 20:41:56 UTC 2026","passed","Sat Mar 07 20:41:56 UTC 2026","","","",""
"","224","closes","ListItemActionMenu","Sat Mar 07 20:41:51 UTC 2026","passed","Sat Mar 07 20:41:51 UTC 2026","","","",""
"Test cases for TestAssetGroupMembers_Filter_Equals","0","TestAssetGroupMembers_Filter_Equals","","Sat Mar 07 20:38:32 UTC 2026","passed","Sat Mar 07 20:38:32 UTC 2026","","Go Test","github.com/specterops/bloodhound/cmd/api/src/api/TestAssetGroupMembers_Filter_Equals","TestAssetGroupMembers_Filter_Equals"
"","0","takes setSearchParams and availableParams returns a function","searchParams","Sat Mar 07 20:41:48 UTC 2026","passed","Sat Mar 07 20:41:48 UTC 2026","","setParamsFactory","",""
"Test cases for TestManagementResource_ListPermissions_PredicateMismatchWithColumn","0","TestManagementResource_ListPermissions_PredicateMismatchWithColumn","","Sat Mar 07 20:38:50 UTC 2026","passed","Sat Mar 07 20:38:50 UTC 2026","","Go Test","github.com/specterops/bloodhound/cmd/api/src/api/v2/auth/TestManagementResource_ListPermissions_PredicateMismatchWithColumn","TestManagementResource_ListPermissions_PredicateMismatchWithColumn"
"Test cases for TestStringSetValid","0","TestStringSetValid","","Sat Mar 07 20:38:52 UTC 2026","passed","Sat Mar 07 20:38:52 UTC 2026","","Go Test","github.com/specterops/bloodhound/cmd/api/src/database/types/null/TestStringSetValid","TestStringSetValid"
"Test cases for TestResources_ListAvailableEnvironments","0","TestResources_ListAvailableEnvironments","","Sat Mar 07 20:38:45 UTC 2026","passed","Sat Mar 07 20:38:45 UTC 2026","","Go Test","github.com/specterops/bloodhound/cmd/api/src/api/v2/TestResources_ListAvailableEnvironments","TestResources_ListAvailableEnvironments"
"","44","displays the checkbox as checked if the filter params value is 'true'","AssetGroupEdit","Sat Mar 07 20:40:12 UTC 2026","passed","Sat Mar 07 20:40:12 UTC 2026","","Custom Member checkbox filter","",""
"","0","matches all AZ edges","Make sure pathfinding filterable edges match schemagen","Sat Mar 07 20:43:06 UTC 2026","passed","Sat Mar 07 20:43:06 UTC 2026","","","",""
"","395","handles a selection as expected","DropdownSelector","Sat Mar 07 20:42:08 UTC 2026","passed","Sat Mar 07 20:42:08 UTC 2026","","","",""
"","434","should render an SavedQueryPermissions component","SavedQueryPermissions","Sat Mar 07 20:41:41 UTC 2026","passed","Sat Mar 07 20:41:42 UTC 2026","","","",""
"","89","renders enabled Label, Rule and Object tabs","Selected Details Tabs","Sat Mar 07 20:40:37 UTC 2026","passed","Sat Mar 07 20:40:37 UTC 2026","","Selected Details Tabs - Params present","",""
"","234","renders a graph if the query has any node edges","GraphView","Sat Mar 07 20:43:53 UTC 2026","passed","Sat Mar 07 20:43:53 UTC 2026","","","",""
"","768","app does not crash if ""token"" cookie exists and ""persistedState"" localstorage key does not exist","redux store","Sat Mar 07 20:44:07 UTC 2026","passed","Sat Mar 07 20:44:08 UTC 2026","","","",""
"Test cases for TestPredefinedNodeNamePrefixes","1","TestPredefinedNodeNamePrefixes","","Sat Mar 07 20:39:12 UTC 2026","passed","Sat Mar 07 20:39:12 UTC 2026","","Go Test","github.com/specterops/bloodhound/packages/go/analysis/ad/wellknown/TestPredefinedNodeNamePrefixes","TestPredefinedNodeNamePrefixes"
"","14","renders null if network fails to return valid asset group membership list","AssetGroupMenuItem","Sat Mar 07 20:43:34 UTC 2026","passed","Sat Mar 07 20:43:34 UTC 2026","","adding to an asset group","",""
"","1","handles environment with impactValue at exact threshold boundaries","filterAndSearchEnvironments","Sat Mar 07 20:39:25 UTC 2026","passed","Sat Mar 07 20:39:25 UTC 2026","","edge cases","",""
"Test cases for TestManagementResource_ListRoles_Filtered","3","TestManagementResource_ListRoles_Filtered","","Sat Mar 07 20:38:50 UTC 2026","passed","Sat Mar 07 20:38:50 UTC 2026","","Go Test","github.com/specterops/bloodhound/cmd/api/src/api/v2/auth/TestManagementResource_ListRoles_Filtered","TestManagementResource_ListRoles_Filtered"
"","32","should display the checkbox group title","Checkbox group","Sat Mar 07 20:42:56 UTC 2026","passed","Sat Mar 07 20:42:56 UTC 2026","","","",""
"","0","handles empty search string","filterAndSearchEnvironments","Sat Mar 07 20:39:25 UTC 2026","passed","Sat Mar 07 20:39:25 UTC 2026","","search filter","",""
"Test cases for TestManagementResource_ListRoles_InvalidFilterPredicate","0","TestManagementResource_ListRoles_InvalidFilterPredicate","","Sat Mar 07 20:38:50 UTC 2026","passed","Sat Mar 07 20:38:50 UTC 2026","","Go Test","github.com/specterops/bloodhound/cmd/api/src/api/v2/auth/TestManagementResource_ListRoles_InvalidFilterPredicate","TestManagementResource_ListRoles_InvalidFilterPredicate"
"","230","toggles parent from none to all","SourceKindsCheckboxes","Sat Mar 07 20:40:47 UTC 2026","passed","Sat Mar 07 20:40:47 UTC 2026","","","",""
"","353","toggles sort order when clicking sortable header","ObjectsAccordion","Sat Mar 07 20:42:15 UTC 2026","passed","Sat Mar 07 20:42:15 UTC 2026","","","",""
"","215","displays loading state","SourceKindsCheckboxes","Sat Mar 07 20:40:46 UTC 2026","passed","Sat Mar 07 20:40:46 UTC 2026","","","",""
"Test cases for TestMarshalBoolText","0","TestMarshalBoolText","","Sat Mar 07 20:38:52 UTC 2026","passed","Sat Mar 07 20:38:52 UTC 2026","","Go Test","github.com/specterops/bloodhound/cmd/api/src/database/types/null/TestMarshalBoolText","TestMarshalBoolText"
"","144","renders a confirm dialg","ConfirmDeleteQueryDialog","Sat Mar 07 20:43:01 UTC 2026","passed","Sat Mar 07 20:43:01 UTC 2026","","","",""
"","293","sets a primarySearch=id and searchType=node when secondarySearch is falsey","ContextMenu","Sat Mar 07 20:43:43 UTC 2026","passed","Sat Mar 07 20:43:43 UTC 2026","","","",""
"","19","should not render when data is present","NoDataDialog","Sat Mar 07 20:43:05 UTC 2026","passed","Sat Mar 07 20:43:05 UTC 2026","","","",""
"","56","upon selecting a source and destination node, updates the URL with a searchType of 'pathfinding' and the object ids for the source and destination nodes","usePathfindingSearch","Sat Mar 07 20:40:59 UTC 2026","passed","Sat Mar 07 20:40:59 UTC 2026","","","",""
"","35","should display a badge when role based filtering is true and show filter banner is true","EntityInfoPanel","Sat Mar 07 20:42:18 UTC 2026","passed","Sat Mar 07 20:42:18 UTC 2026","","","",""
"","201","Close button click causes the callback function to be called","ExploreTable","Sat Mar 07 20:39:11 UTC 2026","passed","Sat Mar 07 20:39:11 UTC 2026","","","",""
"","0","accepts a sort and compare function","areArraysSimilar","Sat Mar 07 20:42:50 UTC 2026","passed","Sat Mar 07 20:42:50 UTC 2026","","","",""
"Test cases for TestDeduplicateKinds","0","TestDeduplicateKinds","","Sat Mar 07 20:38:57 UTC 2026","passed","Sat Mar 07 20:38:57 UTC 2026","","Go Test","github.com/specterops/bloodhound/cmd/api/src/services/graphify/TestDeduplicateKinds","TestDeduplicateKinds"
"","272","should disable Cancel and Save buttons while isLoading is true","CreateUserDialog","Sat Mar 07 20:39:42 UTC 2026","passed","Sat Mar 07 20:39:42 UTC 2026","","","",""
"Test cases for TestQueries_BuildEntityQueryParams_InvalidSkip","0","TestQueries_BuildEntityQueryParams_InvalidSkip","","Sat Mar 07 20:38:56 UTC 2026","passed","Sat Mar 07 20:38:56 UTC 2026","","Go Test","github.com/specterops/bloodhound/cmd/api/src/queries/TestQueries_BuildEntityQueryParams_InvalidSkip","TestQueries_BuildEntityQueryParams_InvalidSkip"
"Test cases for TestDefaultRateLimitMiddleware","1","TestDefaultRateLimitMiddleware","","Sat Mar 07 20:38:37 UTC 2026","passed","Sat Mar 07 20:38:37 UTC 2026","","Go Test","github.com/specterops/bloodhound/cmd/api/src/api/middleware/TestDefaultRateLimitMiddleware","TestDefaultRateLimitMiddleware"
"Test cases for TestFeatureFlag_HA","301","TestFeatureFlag_HA","","Sat Mar 07 20:38:49 UTC 2026","passed","Sat Mar 07 20:38:49 UTC 2026","","Go Test","github.com/specterops/bloodhound/cmd/api/src/daemons/changelog/TestFeatureFlag_HA","TestFeatureFlag_HA"
"","170","renders the QuerySearchFilter component","QuerySearchFilter","Sat Mar 07 20:41:30 UTC 2026","passed","Sat Mar 07 20:41:30 UTC 2026","","","",""
"","211","sets secondarySearch=id and searchType=node when primarySearch is falsey","ContextMenu","Sat Mar 07 20:43:43 UTC 2026","passed","Sat Mar 07 20:43:43 UTC 2026","","","",""
"Test cases for TestRequestWaitDuration_Negative","0","TestRequestWaitDuration_Negative","","Sat Mar 07 20:38:37 UTC 2026","passed","Sat Mar 07 20:38:37 UTC 2026","","Go Test","github.com/specterops/bloodhound/cmd/api/src/api/middleware/TestRequestWaitDuration_Negative","TestRequestWaitDuration_Negative"
"","173","renders with a title","BloodHoundConfiguration","Sat Mar 07 20:44:14 UTC 2026","passed","Sat Mar 07 20:44:14 UTC 2026","","","",""
"","1239","shows an error message when unable to delete a rule","Rule Form","Sat Mar 07 20:39:28 UTC 2026","passed","Sat Mar 07 20:39:29 UTC 2026","","","",""
"","94","shows View in Explore if exploreUrl is supplied","Seed Selection Results","Sat Mar 07 20:39:57 UTC 2026","passed","Sat Mar 07 20:39:57 UTC 2026","","","",""
"Test cases for TestResources_GetCertTemplateEntityInfo","231","TestResources_GetCertTemplateEntityInfo","","Sat Mar 07 20:38:45 UTC 2026","passed","Sat Mar 07 20:38:45 UTC 2026","","Go Test","github.com/specterops/bloodhound/cmd/api/src/api/v2/TestResources_GetCertTemplateEntityInfo","TestResources_GetCertTemplateEntityInfo"
"","111","should display the ""My Profile"" title","UserProfile","Sat Mar 07 20:40:21 UTC 2026","passed","Sat Mar 07 20:40:21 UTC 2026","","","",""
"","1802","should open edge filtering dialog","EdgeFilter","Sat Mar 07 20:41:03 UTC 2026","passed","Sat Mar 07 20:41:05 UTC 2026","","","",""
"Test cases for TestResources_UpdateSavedQuery_AdminPrivateQuery_Success","0","TestResources_UpdateSavedQuery_AdminPrivateQuery_Success","","Sat Mar 07 20:38:45 UTC 2026","passed","Sat Mar 07 20:38:45 UTC 2026","","Go Test","github.com/specterops/bloodhound/cmd/api/src/api/v2/TestResources_UpdateSavedQuery_AdminPrivateQuery_Success","TestResources_UpdateSavedQuery_AdminPrivateQuery_Success"
"Test cases for TestInt64SetValid","0","TestInt64SetValid","","Sat Mar 07 20:38:52 UTC 2026","passed","Sat Mar 07 20:38:52 UTC 2026","","Go Test","github.com/specterops/bloodhound/cmd/api/src/database/types/null/TestInt64SetValid","TestInt64SetValid"
"","149","a timeout response from the server is handled","ExploreSearchCombobox with search timeout","Sat Mar 07 20:40:16 UTC 2026","passed","Sat Mar 07 20:40:16 UTC 2026","","","",""
"Test cases for TestResources_UpdateAssetGroupTagSelector","4","TestResources_UpdateAssetGroupTagSelector","","Sat Mar 07 20:38:45 UTC 2026","passed","Sat Mar 07 20:38:45 UTC 2026","","Go Test","github.com/specterops/bloodhound/cmd/api/src/api/v2/TestResources_UpdateAssetGroupTagSelector","TestResources_UpdateAssetGroupTagSelector"
"","1326","should render","EdgeInfoHeader","Sat Mar 07 20:41:58 UTC 2026","passed","Sat Mar 07 20:41:59 UTC 2026","","","",""
"","1878","should remove the option from the changelog when the corresponding button is clicked","AssetGroupEdit","Sat Mar 07 20:41:44 UTC 2026","passed","Sat Mar 07 20:41:46 UTC 2026","","","",""
"","23","does not add a query param if the search term is empty","useNodeSearch","Sat Mar 07 20:42:20 UTC 2026","passed","Sat Mar 07 20:42:20 UTC 2026","","","",""
"Test cases for Test_filterNodesToSearchResult_includeOpenGraphNodes","0","Test_filterNodesToSearchResult_includeOpenGraphNodes","","Sat Mar 07 20:38:55 UTC 2026","passed","Sat Mar 07 20:38:55 UTC 2026","","Go Test","github.com/specterops/bloodhound/cmd/api/src/queries/Test_filterNodesToSearchResult_includeOpenGraphNodes","Test_filterNodesToSearchResult_includeOpenGraphNodes"
"","9","shows hint by default","ManagedDatePicker - placeholders","Sat Mar 07 20:41:08 UTC 2026","passed","Sat Mar 07 20:41:08 UTC 2026","","","",""
"","92","should render a Field when the provided value is false","Field","Sat Mar 07 20:42:42 UTC 2026","passed","Sat Mar 07 20:42:42 UTC 2026","","","",""
"","61","returns the full environment of the environmentId found in the search params","useAvailableEnvironments","Sat Mar 07 20:42:19 UTC 2026","passed","Sat Mar 07 20:42:19 UTC 2026","","useSelectedEnvironment","",""
"","5","renders the ZoneSelector when available and on a Zone page","TagSelector","Sat Mar 07 20:41:36 UTC 2026","passed","Sat Mar 07 20:41:36 UTC 2026","","","",""
"Test cases for TestIntPointer","0","TestIntPointer","","Sat Mar 07 20:38:52 UTC 2026","passed","Sat Mar 07 20:38:52 UTC 2026","","Go Test","github.com/specterops/bloodhound/cmd/api/src/database/types/null/TestIntPointer","TestIntPointer"
"","43","should filter properties that we do not want to display in the entity panel","ObjectInfoFields","Sat Mar 07 20:42:42 UTC 2026","passed","Sat Mar 07 20:42:42 UTC 2026","","","",""
"","4","reports a Cypher-specific error when ruleType is SeedTypeCypher and seeds are required","handleError","Sat Mar 07 20:39:53 UTC 2026","passed","Sat Mar 07 20:39:53 UTC 2026","","","",""
"","8250","filter selections are rolled back if user closes modal with the cancel button","EdgeFilter","Sat Mar 07 20:41:09 UTC 2026","passed","Sat Mar 07 20:41:17 UTC 2026","","","",""
"","33","displays lastlogon cell as UNKNOWN when the value is 0","ExploreTableDataCell","Sat Mar 07 20:42:33 UTC 2026","passed","Sat Mar 07 20:42:33 UTC 2026","","","",""
"","540","handles creating a new rule","Rule Form","Sat Mar 07 20:39:31 UTC 2026","passed","Sat Mar 07 20:39:31 UTC 2026","","","",""
"","969","should call onSubmit with password when reset password button clicked","PasswordResetForm","Sat Mar 07 20:40:59 UTC 2026","passed","Sat Mar 07 20:41:00 UTC 2026","","","",""
"","368","clicking a delete button calls deleteHandler","PrebuiltSearchList","Sat Mar 07 20:41:45 UTC 2026","passed","Sat Mar 07 20:41:46 UTC 2026","","","",""
"","9","takes a string and copys to the navigator clipboard","copyToClipboard","Sat Mar 07 20:43:15 UTC 2026","passed","Sat Mar 07 20:43:15 UTC 2026","","","",""
"Test cases for TestManagementResource_UpdateUser_ETAC","1982","TestManagementResource_UpdateUser_ETAC","","Sat Mar 07 20:39:04 UTC 2026","passed","Sat Mar 07 20:39:06 UTC 2026","","Go Test","github.com/specterops/bloodhound/cmd/api/src/api/v2/auth/TestManagementResource_UpdateUser_ETAC","TestManagementResource_UpdateUser_ETAC"
"","1","combines all filter types","filterAndSearchEnvironments","Sat Mar 07 20:39:25 UTC 2026","passed","Sat Mar 07 20:39:25 UTC 2026","","combined filters","",""
"","9","returns the remaining amount of zones available for creation","useTagLimits","Sat Mar 07 20:39:37 UTC 2026","passed","Sat Mar 07 20:39:37 UTC 2026","","","",""
"","57","copys children value to clipboard after clicking the copy btn","CodeController","Sat Mar 07 20:42:55 UTC 2026","passed","Sat Mar 07 20:42:55 UTC 2026","","","",""
"","53","Error handling for fetching edge information","EdgeObjectInformation","Sat Mar 07 20:41:31 UTC 2026","passed","Sat Mar 07 20:41:31 UTC 2026","","","",""
"Test cases for TestRequestWaitDuration_Failure","0","TestRequestWaitDuration_Failure","","Sat Mar 07 20:38:37 UTC 2026","passed","Sat Mar 07 20:38:37 UTC 2026","","Go Test","github.com/specterops/bloodhound/cmd/api/src/api/middleware/TestRequestWaitDuration_Failure","TestRequestWaitDuration_Failure"
"Test cases for TestMaybeSubmitNodeUpdate","0","TestMaybeSubmitNodeUpdate","","Sat Mar 07 20:38:57 UTC 2026","passed","Sat Mar 07 20:38:57 UTC 2026","","Go Test","github.com/specterops/bloodhound/cmd/api/src/services/graphify/TestMaybeSubmitNodeUpdate","TestMaybeSubmitNodeUpdate"
"","10","should render when search string at the end of the text","HighlightedText","Sat Mar 07 20:42:29 UTC 2026","passed","Sat Mar 07 20:42:29 UTC 2026","","","",""
"","0","returns the difference between the node and the position","getNodeOffset","Sat Mar 07 20:44:09 UTC 2026","passed","Sat Mar 07 20:44:09 UTC 2026","","","",""
"Test cases for TestStringFromPtr","0","TestStringFromPtr","","Sat Mar 07 20:38:52 UTC 2026","passed","Sat Mar 07 20:38:52 UTC 2026","","Go Test","github.com/specterops/bloodhound/cmd/api/src/database/types/null/TestStringFromPtr","TestStringFromPtr"
"","988","should eventually render previously configured SSO providers","SSOConfiguration","Sat Mar 07 20:40:04 UTC 2026","passed","Sat Mar 07 20:40:05 UTC 2026","","","",""
"","1402","shows the ""Disable MFA"" context menu option for users with MFA enabled","Users","Sat Mar 07 20:40:37 UTC 2026","passed","Sat Mar 07 20:40:39 UTC 2026","","","",""
"Test cases for TestQueryParameterFilterParser_ParseQueryParameterFilter","1","TestQueryParameterFilterParser_ParseQueryParameterFilter","","Sat Mar 07 20:38:54 UTC 2026","passed","Sat Mar 07 20:38:54 UTC 2026","","Go Test","github.com/specterops/bloodhound/cmd/api/src/model/TestQueryParameterFilterParser_ParseQueryParameterFilter","TestQueryParameterFilterParser_ParseQueryParameterFilter"
"Test cases for TestResources_GetGroupEntityInfo","2","TestResources_GetGroupEntityInfo","","Sat Mar 07 20:38:45 UTC 2026","passed","Sat Mar 07 20:38:45 UTC 2026","","Go Test","github.com/specterops/bloodhound/cmd/api/src/api/v2/TestResources_GetGroupEntityInfo","TestResources_GetGroupEntityInfo"
"","200","shows Popper when isCurrentSearchOpen is true","GraphControls","Sat Mar 07 20:39:50 UTC 2026","passed","Sat Mar 07 20:39:50 UTC 2026","","Searching current results","",""
"","389","filters by the selected date range","FileIngestFilterDialog","Sat Mar 07 20:39:54 UTC 2026","passed","Sat Mar 07 20:39:54 UTC 2026","","Date Range Inputs","",""
"","238","on clicking switch shows modal and when clicking confirm closes it and switch changes to enabled","CitrixRDPConfiguration","Sat Mar 07 20:40:12 UTC 2026","passed","Sat Mar 07 20:40:12 UTC 2026","","Click on switch to enable","",""
"","103","renders a snackbar notification in the dom and tests the long autoHideDuration","AppNotifications","Sat Mar 07 20:42:02 UTC 2026","passed","Sat Mar 07 20:42:02 UTC 2026","","","",""
"Test cases for TestGetLatestQueryParameter","1","TestGetLatestQueryParameter","","Sat Mar 07 20:38:45 UTC 2026","passed","Sat Mar 07 20:38:45 UTC 2026","","Go Test","github.com/specterops/bloodhound/cmd/api/src/api/v2/TestGetLatestQueryParameter","TestGetLatestQueryParameter"
"Test cases for TestMarshalFloat","1","TestMarshalFloat","","Sat Mar 07 20:38:52 UTC 2026","passed","Sat Mar 07 20:38:52 UTC 2026","","Go Test","github.com/specterops/bloodhound/cmd/api/src/database/types/null/TestMarshalFloat","TestMarshalFloat"
"","62","shows the direct object list and expanded object list empty, when only direct objects in results","Seed Selection Results","Sat Mar 07 20:39:58 UTC 2026","passed","Sat Mar 07 20:39:58 UTC 2026","","","",""
"Test cases for TestResources_ListADDomainForeignGroups","1","TestResources_ListADDomainForeignGroups","","Sat Mar 07 20:38:45 UTC 2026","passed","Sat Mar 07 20:38:45 UTC 2026","","Go Test","github.com/specterops/bloodhound/cmd/api/src/api/v2/TestResources_ListADDomainForeignGroups","TestResources_ListADDomainForeignGroups"
"","0","shows some collection methods for the given job","toCollected","Sat Mar 07 20:42:47 UTC 2026","passed","Sat Mar 07 20:42:47 UTC 2026","","","",""
"","60","passes checks if the user has multiple required permissions","usePermissions","Sat Mar 07 20:40:16 UTC 2026","passed","Sat Mar 07 20:40:16 UTC 2026","","","",""
"Test cases for TestWriteResponseWrapperWithTimeWindowAndPagination","0","TestWriteResponseWrapperWithTimeWindowAndPagination","","Sat Mar 07 20:38:32 UTC 2026","passed","Sat Mar 07 20:38:32 UTC 2026","","Go Test","github.com/specterops/bloodhound/cmd/api/src/api/TestWriteResponseWrapperWithTimeWindowAndPagination","TestWriteResponseWrapperWithTimeWindowAndPagination"
"","1365","renders","DatabaseManagement","Sat Mar 07 20:43:40 UTC 2026","passed","Sat Mar 07 20:43:42 UTC 2026","","","",""
"Test cases for TestParseHeaderValues","0","TestParseHeaderValues","","Sat Mar 07 20:38:37 UTC 2026","passed","Sat Mar 07 20:38:37 UTC 2026","","Go Test","github.com/specterops/bloodhound/cmd/api/src/api/middleware/TestParseHeaderValues","TestParseHeaderValues"
"Test cases for TestNormalizeToUTF8_LargeInput","0","TestNormalizeToUTF8_LargeInput","","Sat Mar 07 20:39:14 UTC 2026","passed","Sat Mar 07 20:39:14 UTC 2026","","Go Test","github.com/specterops/bloodhound/packages/go/bomenc/TestNormalizeToUTF8_LargeInput","TestNormalizeToUTF8_LargeInput"
"","13","returns all collected environment ids associated to a given aggregation","getEnvironmentAggregationIds","Sat Mar 07 20:39:25 UTC 2026","passed","Sat Mar 07 20:39:25 UTC 2026","","","",""
"Test cases for TestActivateMFA_Success","1411","TestActivateMFA_Success","","Sat Mar 07 20:39:16 UTC 2026","passed","Sat Mar 07 20:39:18 UTC 2026","","Go Test","github.com/specterops/bloodhound/cmd/api/src/api/v2/auth/TestActivateMFA_Success","TestActivateMFA_Success"
"Test cases for TestArgon2_Digest","1","TestArgon2_Digest","","Sat Mar 07 20:39:15 UTC 2026","passed","Sat Mar 07 20:39:15 UTC 2026","","Go Test","github.com/specterops/bloodhound/packages/go/crypto/TestArgon2_Digest","TestArgon2_Digest"
"","106","should display locally formatted numbers if they are larger than 999","LoadContainer","Sat Mar 07 20:43:14 UTC 2026","passed","Sat Mar 07 20:43:14 UTC 2026","","","",""
"Test cases for TestAssetGroupSelectorSpec_Validate","1","TestAssetGroupSelectorSpec_Validate","","Sat Mar 07 20:38:54 UTC 2026","passed","Sat Mar 07 20:38:54 UTC 2026","","Go Test","github.com/specterops/bloodhound/cmd/api/src/model/TestAssetGroupSelectorSpec_Validate","TestAssetGroupSelectorSpec_Validate"
"","12","renders an error fallback when flag is not found","FeatureFlag","Sat Mar 07 20:42:10 UTC 2026","passed","Sat Mar 07 20:42:10 UTC 2026","","","",""
"Test cases for TestGenericClone","0","TestGenericClone","","Sat Mar 07 20:39:09 UTC 2026","passed","Sat Mar 07 20:39:09 UTC 2026","","Go Test","github.com/specterops/bloodhound/cmd/api/src/utils/TestGenericClone","TestGenericClone"
"","12","renders custom icon overlap correctly","NodeIcon","Sat Mar 07 20:42:36 UTC 2026","passed","Sat Mar 07 20:42:36 UTC 2026","","","",""
"Test cases for TestParseSkipQueryParameter_Invalid","0","TestParseSkipQueryParameter_Invalid","","Sat Mar 07 20:38:45 UTC 2026","passed","Sat Mar 07 20:38:45 UTC 2026","","Go Test","github.com/specterops/bloodhound/cmd/api/src/api/v2/TestParseSkipQueryParameter_Invalid","TestParseSkipQueryParameter_Invalid"
"Test cases for TestInt64Pointer","0","TestInt64Pointer","","Sat Mar 07 20:38:52 UTC 2026","passed","Sat Mar 07 20:38:52 UTC 2026","","Go Test","github.com/specterops/bloodhound/cmd/api/src/database/types/null/TestInt64Pointer","TestInt64Pointer"
"Test cases for TestError","0","TestError","","Sat Mar 07 20:38:32 UTC 2026","passed","Sat Mar 07 20:38:32 UTC 2026","","Go Test","github.com/specterops/bloodhound/cmd/api/src/api/TestError","TestError"
"","48","when `selectedItem` is provided, the combobox displays the icon","icon rendering","Sat Mar 07 20:40:16 UTC 2026","passed","Sat Mar 07 20:40:16 UTC 2026","","","",""
"","0","excludes non-collected environments when risk filter is active","filterAndSearchEnvironments","Sat Mar 07 20:39:25 UTC 2026","passed","Sat Mar 07 20:39:25 UTC 2026","","risk filters","",""
"","9","does not render note content when selected is null","HistoryNotes Component","Sat Mar 07 20:42:53 UTC 2026","passed","Sat Mar 07 20:42:53 UTC 2026","","","",""
"","76","should not display api key management button","Api Keys","Sat Mar 07 20:40:22 UTC 2026","passed","Sat Mar 07 20:40:22 UTC 2026","","","",""
"","79","allows a consumer to swap the values of the two inputs and update the query params accordingly","usePathfindingSearch","Sat Mar 07 20:41:00 UTC 2026","passed","Sat Mar 07 20:41:00 UTC 2026","","","",""
"Test cases for TestResources_DeleteAssetGroupTagSelector","2","TestResources_DeleteAssetGroupTagSelector","","Sat Mar 07 20:38:45 UTC 2026","passed","Sat Mar 07 20:38:45 UTC 2026","","Go Test","github.com/specterops/bloodhound/cmd/api/src/api/v2/TestResources_DeleteAssetGroupTagSelector","TestResources_DeleteAssetGroupTagSelector"
"","116","returns a nodes array","useEdgeInfoItems","Sat Mar 07 20:41:37 UTC 2026","passed","Sat Mar 07 20:41:37 UTC 2026","","","",""
"Test cases for TestEncodingValues","0","TestEncodingValues","","Sat Mar 07 20:39:14 UTC 2026","passed","Sat Mar 07 20:39:14 UTC 2026","","Go Test","github.com/specterops/bloodhound/packages/go/bomenc/TestEncodingValues","TestEncodingValues"
"Test cases for TestManagementResource_DeleteUser_UserCannotSelfDelete","687","TestManagementResource_DeleteUser_UserCannotSelfDelete","","Sat Mar 07 20:39:01 UTC 2026","passed","Sat Mar 07 20:39:02 UTC 2026","","Go Test","github.com/specterops/bloodhound/cmd/api/src/api/v2/auth/TestManagementResource_DeleteUser_UserCannotSelfDelete","TestManagementResource_DeleteUser_UserCannotSelfDelete"
"","7","displays lastlogontimestamp cell as NEVER when the value is -1","ExploreTableDataCell","Sat Mar 07 20:42:33 UTC 2026","passed","Sat Mar 07 20:42:33 UTC 2026","","","",""
"","25","shows the empty form message when Cypher Rule Form is empty","Seed Selection Results","Sat Mar 07 20:39:57 UTC 2026","passed","Sat Mar 07 20:39:57 UTC 2026","","","",""
"","0","should compute offset vertices for bezier curves at a given intersection","bezier","Sat Mar 07 20:43:55 UTC 2026","passed","Sat Mar 07 20:43:55 UTC 2026","","","",""
"","0","returns name uniqueness message for ""name must be unique""","getErrorMessage","Sat Mar 07 20:39:53 UTC 2026","passed","Sat Mar 07 20:39:53 UTC 2026","","","",""
"Test cases for TestResources_UpdateSavedQuery_NotAUserAuth","0","TestResources_UpdateSavedQuery_NotAUserAuth","","Sat Mar 07 20:38:45 UTC 2026","passed","Sat Mar 07 20:38:45 UTC 2026","","Go Test","github.com/specterops/bloodhound/cmd/api/src/api/v2/TestResources_UpdateSavedQuery_NotAUserAuth","TestResources_UpdateSavedQuery_NotAUserAuth"
"Test cases for TestResources_ListADComputerRDPUsers","2","TestResources_ListADComputerRDPUsers","","Sat Mar 07 20:38:45 UTC 2026","passed","Sat Mar 07 20:38:45 UTC 2026","","Go Test","github.com/specterops/bloodhound/cmd/api/src/api/v2/TestResources_ListADComputerRDPUsers","TestResources_ListADComputerRDPUsers"
"","13","Input contains an invalid type","Parsing the debounced input for type and keyword values","Sat Mar 07 20:41:23 UTC 2026","passed","Sat Mar 07 20:41:23 UTC 2026","","","",""
"Test cases for TestUnmarshalInt64","0","TestUnmarshalInt64","","Sat Mar 07 20:38:52 UTC 2026","passed","Sat Mar 07 20:38:52 UTC 2026","","Go Test","github.com/specterops/bloodhound/cmd/api/src/database/types/null/TestUnmarshalInt64","TestUnmarshalInt64"
"","262","calls openSAMLProviderDialog when SAML Provider menu item is clicked","CreateMenu","Sat Mar 07 20:40:11 UTC 2026","passed","Sat Mar 07 20:40:11 UTC 2026","","oidc_support feature flag enabled","",""
"","0","shows no collection methods","toCollected","Sat Mar 07 20:42:47 UTC 2026","passed","Sat Mar 07 20:42:47 UTC 2026","","","",""
"Test cases for TestFeatureFlagManager","0","TestFeatureFlagManager","","Sat Mar 07 20:38:49 UTC 2026","passed","Sat Mar 07 20:38:49 UTC 2026","","Go Test","github.com/specterops/bloodhound/cmd/api/src/daemons/changelog/TestFeatureFlagManager","TestFeatureFlagManager"
"","132","should fire Cancel once with false","DeleteConfirmationDialog","Sat Mar 07 20:42:42 UTC 2026","passed","Sat Mar 07 20:42:42 UTC 2026","","","",""
"","1471","Clicking header allows user to sort by column","ExploreTable","Sat Mar 07 20:39:09 UTC 2026","passed","Sat Mar 07 20:39:11 UTC 2026","","","",""
"Test cases for TestManagementResource_EnableUserSAML","0","TestManagementResource_EnableUserSAML","","Sat Mar 07 20:38:50 UTC 2026","passed","Sat Mar 07 20:38:50 UTC 2026","","Go Test","github.com/specterops/bloodhound/cmd/api/src/api/v2/auth/TestManagementResource_EnableUserSAML","TestManagementResource_EnableUserSAML"
"Test cases for TestStringEqual","0","TestStringEqual","","Sat Mar 07 20:38:52 UTC 2026","passed","Sat Mar 07 20:38:52 UTC 2026","","Go Test","github.com/specterops/bloodhound/cmd/api/src/database/types/null/TestStringEqual","TestStringEqual"
"","118","shows the empty form message when Object Rule Form is empty","Seed Selection Results","Sat Mar 07 20:39:57 UTC 2026","passed","Sat Mar 07 20:39:57 UTC 2026","","","",""
"","197","should handle close event","TagToZoneLabelDialog","Sat Mar 07 20:41:21 UTC 2026","passed","Sat Mar 07 20:41:21 UTC 2026","","","",""
"Test cases for TestResources_DownloadCollectorByVersion","3","TestResources_DownloadCollectorByVersion","","Sat Mar 07 20:38:45 UTC 2026","passed","Sat Mar 07 20:38:45 UTC 2026","","Go Test","github.com/specterops/bloodhound/cmd/api/src/api/v2/TestResources_DownloadCollectorByVersion","TestResources_DownloadCollectorByVersion"
"Test cases for TestManagementResource_DeleteSAMLProvider","0","TestManagementResource_DeleteSAMLProvider","","Sat Mar 07 20:38:50 UTC 2026","passed","Sat Mar 07 20:38:50 UTC 2026","","Go Test","github.com/specterops/bloodhound/cmd/api/src/api/v2/auth/TestManagementResource_DeleteSAMLProvider","TestManagementResource_DeleteSAMLProvider"
"","111","should have a disabled continue button","TagToZoneLabelDialog","Sat Mar 07 20:41:21 UTC 2026","passed","Sat Mar 07 20:41:22 UTC 2026","","","",""
"Test cases for TestPermissionsCheckAtLeastOne","0","TestPermissionsCheckAtLeastOne","","Sat Mar 07 20:38:37 UTC 2026","passed","Sat Mar 07 20:38:37 UTC 2026","","Go Test","github.com/specterops/bloodhound/cmd/api/src/api/middleware/TestPermissionsCheckAtLeastOne","TestPermissionsCheckAtLeastOne"
"Test cases for TestService","1","TestService","","Sat Mar 07 20:38:56 UTC 2026","passed","Sat Mar 07 20:38:56 UTC 2026","","Go Test","github.com/specterops/bloodhound/cmd/api/src/services/dogtags/TestService","TestService"
"Test cases for TestFloatEqual","0","TestFloatEqual","","Sat Mar 07 20:38:52 UTC 2026","passed","Sat Mar 07 20:38:52 UTC 2026","","Go Test","github.com/specterops/bloodhound/cmd/api/src/database/types/null/TestFloatEqual","TestFloatEqual"
"","53","displays an error message while fetching fails","ActiveExtensionsCard","Sat Mar 07 20:39:29 UTC 2026","passed","Sat Mar 07 20:39:29 UTC 2026","","","",""
"Test cases for TestRateLimitMiddleware","0","TestRateLimitMiddleware","","Sat Mar 07 20:38:37 UTC 2026","passed","Sat Mar 07 20:38:37 UTC 2026","","Go Test","github.com/specterops/bloodhound/cmd/api/src/api/middleware/TestRateLimitMiddleware","TestRateLimitMiddleware"
"","0","returns paramValue as EnvironmentAggregation if paramValue is active-directory","useEnvironmentParams","Sat Mar 07 20:43:06 UTC 2026","passed","Sat Mar 07 20:43:06 UTC 2026","","parseEnvironmentAggregation","",""
"Test cases for TestGetADDataQualityStats_Success","1","TestGetADDataQualityStats_Success","","Sat Mar 07 20:38:45 UTC 2026","passed","Sat Mar 07 20:38:45 UTC 2026","","Go Test","github.com/specterops/bloodhound/cmd/api/src/api/v2/TestGetADDataQualityStats_Success","TestGetADDataQualityStats_Success"
"Test cases for TestUnmarshalTimeText","0","TestUnmarshalTimeText","","Sat Mar 07 20:38:52 UTC 2026","passed","Sat Mar 07 20:38:52 UTC 2026","","Go Test","github.com/specterops/bloodhound/cmd/api/src/database/types/null/TestUnmarshalTimeText","TestUnmarshalTimeText"
"","7","renders without label when label is empty string","StatusIndicator","Sat Mar 07 20:43:01 UTC 2026","passed","Sat Mar 07 20:43:01 UTC 2026","","","",""
"Test cases for TestGetScheme","0","TestGetScheme","","Sat Mar 07 20:38:37 UTC 2026","passed","Sat Mar 07 20:38:37 UTC 2026","","Go Test","github.com/specterops/bloodhound/cmd/api/src/api/middleware/TestGetScheme","TestGetScheme"
"","1","lastlogon, lastlogontimestamp","Handling value formatting for Active Directory entity properties lastlogon, lastlogontimestamp, whencreated, and pwdlastset","Sat Mar 07 20:40:08 UTC 2026","passed","Sat Mar 07 20:40:08 UTC 2026","","","",""
"","66","sets primarySearch, searchType, exploreSearchTab in URL params when the click handler is executed","useEdgeInfoItems","Sat Mar 07 20:41:37 UTC 2026","passed","Sat Mar 07 20:41:37 UTC 2026","","","",""
"","45","renders section when no errors occur","EntityInfoCollapsibleSection","Sat Mar 07 20:42:43 UTC 2026","passed","Sat Mar 07 20:42:43 UTC 2026","","","",""
"Test cases for TestBoolFrom","0","TestBoolFrom","","Sat Mar 07 20:38:52 UTC 2026","passed","Sat Mar 07 20:38:52 UTC 2026","","Go Test","github.com/specterops/bloodhound/cmd/api/src/database/types/null/TestBoolFrom","TestBoolFrom"
"Test cases for TestResources_ListPublishedToCAs","0","TestResources_ListPublishedToCAs","","Sat Mar 07 20:38:45 UTC 2026","passed","Sat Mar 07 20:38:45 UTC 2026","","Go Test","github.com/specterops/bloodhound/cmd/api/src/api/v2/TestResources_ListPublishedToCAs","TestResources_ListPublishedToCAs"
